PM2.5,PM10,NO,NO2,NOx,NH3,CO,SO2,O3,Benzene,Toluene,Xylene,AQI,AQI_Bucket
91.82,32.94,5.41,28.93,23.37,24.94,0.48,7.98,27.04,1.01,5.74,0.68,179.0,Moderate
35.56,40.81,4.02,31.15,24.31,24.81,0.57,4.93,22.48,1.41,7.61,0.89,162.0,Moderate
45.64,44.89,7.06,28.96,25.58,24.8,0.73,5.29,24.69,1.25,7.84,0.85,76.0,Satisfactory
60.88,51.27,5.15,30.64,24.22,25.86,0.53,5.16,24.11,1.09,5.42,0.48,140.0,Moderate
65.61,41.31,3.4,26.03,20.37,24.78,0.57,5.44,25.47,0.83,4.39,0.22,128.0,Moderate
60.02,36.67,2.35,19.82,14.51,21.68,0.49,4.02,37.7,0.79,4.07,0.3,164.0,Moderate
73.21,35.28,2.82,19.94,15.4,21.4,0.57,5.96,34.11,0.52,2.44,0.09,169.0,Moderate
83.87,30.48,3.1,20.0,16.31,22.34,0.59,5.99,25.88,0.63,2.66,0.08,189.0,Moderate
56.53,37.06,2.39,18.53,13.81,20.69,0.39,4.97,31.05,0.51,2.39,0.07,142.0,Moderate
33.03,29.64,1.37,12.01,10.82,20.92,0.41,2.37,24.33,0.5,2.39,0.06,112.0,Moderate
120.75,92.29,1.92,21.65,15.87,27.65,0.64,2.67,15.85,1.21,5.95,1.22,340.0,Very Poor
29.66,76.0,2.0,25.94,16.02,20.45,0.6,3.81,17.4,1.2,5.62,1.05,125.0,Moderate
36.56,63.06,3.06,20.11,15.07,18.05,0.64,7.58,19.16,1.2,6.4,0.44,75.0,Satisfactory
42.69,59.29,3.02,17.81,13.74,14.41,1.22,5.41,21.98,1.35,6.71,1.21,85.0,Satisfactory
75.04,81.99,2.27,16.05,12.57,15.02,0.93,6.88,33.52,1.36,7.22,1.04,113.0,Moderate
136.45,108.82,6.29,11.76,16.37,8.62,0.66,7.34,32.21,1.66,12.17,2.69,231.0,Poor
150.93,110.33,6.76,6.52,12.53,7.44,0.8,11.05,35.73,1.61,12.13,1.91,246.0,Poor
116.24,110.09,7.72,7.43,14.66,11.73,0.71,10.16,35.25,1.4,9.4,0.56,244.0,Poor
137.28,93.47,7.99,7.93,15.71,7.42,1.03,8.39,36.15,1.63,8.02,0.22,316.0,Very Poor
69.24,81.48,1.28,2.3,3.01,7.43,1.09,6.55,33.97,1.01,6.45,0.23,219.0,Poor
45.98,62.98,1.6,2.28,3.32,7.42,0.97,5.24,37.06,1.22,6.06,0.47,117.0,Moderate
106.66,94.07,3.2,2.56,5.18,7.44,1.43,7.46,32.81,1.93,12.58,2.92,182.0,Moderate
58.05,109.03,3.31,3.46,5.84,7.43,1.35,10.15,31.12,1.98,14.94,1.89,125.0,Moderate
124.14,105.62,10.95,6.46,16.28,7.44,1.06,6.89,33.14,2.8,17.14,1.31,189.0,Moderate
192.41,104.9,4.89,3.91,8.09,7.41,1.31,9.92,40.38,2.16,14.66,2.29,272.0,Poor
118.66,116.1,1.44,1.87,2.75,7.46,0.87,7.59,35.3,1.41,8.12,0.69,266.0,Poor
155.84,112.22,1.31,1.17,1.92,7.42,0.78,5.37,33.41,1.12,6.56,1.03,230.0,Poor
59.6,107.16,1.22,0.95,1.58,7.44,0.61,5.61,33.85,1.31,7.3,1.04,210.0,Poor
65.35,102.27,2.2,1.05,2.33,9.27,0.95,6.73,32.63,1.26,9.54,2.24,118.0,Moderate
116.35,116.14,3.57,2.84,5.27,11.14,1.05,7.99,29.83,1.78,14.17,1.32,179.0,Moderate
84.18,113.0,3.68,3.3,5.79,11.18,1.25,7.79,30.27,1.75,11.76,2.28,212.0,Poor
86.98,116.0,2.72,1.94,4.51,11.18,0.62,3.9,35.23,1.66,8.04,0.31,156.0,Moderate
73.34,107.94,2.65,1.33,3.4,11.18,0.41,4.64,34.78,1.21,7.08,2.1,191.0,Moderate
133.6,104.98,2.98,0.85,2.7,11.17,1.05,6.64,44.17,1.26,6.9,0.62,185.0,Moderate
103.01,102.9,3.03,0.74,2.58,11.17,0.86,5.43,51.97,1.15,5.33,0.58,235.0,Poor
95.22,101.17,3.0,0.74,2.57,11.18,0.84,7.46,48.38,1.01,5.72,1.97,210.0,Poor
122.14,114.7,3.02,0.73,2.57,11.15,1.34,5.66,49.97,1.15,7.58,2.22,226.0,Poor
81.18,97.96,2.98,0.67,2.5,11.17,1.28,5.4,44.62,1.14,5.91,0.52,227.0,Poor
252.47,64.38,3.09,0.64,2.54,11.16,1.08,6.0,31.4,1.08,4.53,0.49,216.0,Poor
516.2,82.97,3.03,0.62,2.72,10.78,1.09,4.77,38.74,1.05,5.82,0.47,487.0,Severe
270.21,104.38,3.12,0.65,2.57,11.2,0.94,8.98,43.41,1.07,6.22,1.58,502.0,Severe
31.56,94.33,2.95,0.71,1.98,12.02,1.02,6.96,37.57,1.32,7.15,1.35,188.0,Moderate
54.91,93.72,2.89,0.71,1.96,11.97,1.15,7.07,38.74,1.31,7.52,0.66,106.0,Moderate
56.93,97.74,3.6,1.18,2.04,11.93,0.96,10.7,29.23,1.35,7.32,1.0,120.0,Moderate
40.67,90.56,5.24,1.72,2.45,11.75,0.99,13.4,32.02,1.2,6.72,0.63,130.0,Moderate
50.03,90.53,3.44,4.47,6.21,12.04,0.96,8.04,36.49,1.16,6.74,1.52,103.0,Moderate
89.59,107.82,7.89,14.73,20.85,12.06,1.53,10.99,36.11,1.44,8.75,1.72,179.0,Moderate
86.87,105.81,8.71,14.84,21.55,11.96,0.93,11.36,32.53,1.47,11.41,0.75,206.0,Poor
51.21,101.07,5.46,10.48,15.16,12.03,1.24,8.8,47.35,1.11,5.54,0.4,145.0,Moderate
53.87,118.33,7.18,15.98,21.66,11.98,0.59,8.37,40.12,1.08,6.41,1.1,114.0,Moderate
67.45,114.47,9.39,18.54,26.53,11.93,0.55,11.9,32.42,1.33,8.0,1.44,129.0,Moderate
85.48,115.5,11.75,17.0,24.91,11.96,0.78,13.68,38.48,0.75,5.2,0.1,135.0,Moderate
88.14,106.33,11.57,19.56,29.93,11.91,0.61,12.92,34.67,1.31,6.17,0.66,275.0,Poor
72.77,111.94,8.77,15.59,22.61,11.7,0.61,13.17,29.49,1.88,10.04,1.22,157.0,Moderate
61.82,99.33,11.49,15.61,24.35,9.85,1.19,13.89,33.99,1.82,13.68,2.3,131.0,Moderate
70.51,100.62,17.12,16.18,28.61,2.5,1.2,11.67,33.14,1.96,12.9,1.02,144.0,Moderate
69.02,98.3,7.66,10.53,14.07,3.52,1.06,12.49,32.91,1.36,6.87,0.7,130.0,Moderate
44.27,107.15,9.28,6.38,12.52,6.01,0.81,9.57,31.61,0.89,5.89,1.15,128.0,Moderate
46.31,92.72,8.21,6.58,11.61,5.94,0.84,9.58,30.33,0.97,5.09,1.1,102.0,Moderate
37.76,102.3,7.23,5.1,9.17,5.96,0.89,9.16,38.1,0.88,3.83,0.39,110.0,Moderate
30.44,74.28,7.51,6.96,11.27,5.97,0.94,8.51,21.91,0.99,5.15,1.88,86.0,Satisfactory
38.88,106.93,6.34,9.18,13.07,6.83,0.93,8.8,33.12,1.04,5.01,2.12,92.0,Satisfactory
70.96,104.88,7.28,7.21,12.71,10.08,1.25,9.36,43.03,1.42,5.74,1.04,121.0,Moderate
46.04,98.22,3.95,7.92,9.81,9.44,0.76,6.44,40.99,1.24,4.41,0.7,97.0,Satisfactory
40.59,94.94,4.84,10.51,13.63,8.95,0.92,9.44,36.46,1.2,5.98,2.65,102.0,Moderate
69.37,112.36,8.69,15.65,22.64,8.87,1.1,8.3,26.89,1.51,7.33,0.75,119.0,Moderate
91.06,108.82,15.49,21.0,34.72,8.95,1.4,11.16,25.38,1.86,8.97,1.03,199.0,Moderate
83.12,115.67,7.2,16.36,21.79,8.93,1.1,9.12,33.04,1.58,6.92,0.78,172.0,Moderate
81.22,110.9,4.52,11.75,14.87,8.6,1.01,9.53,39.42,1.26,6.04,0.46,172.0,Moderate
67.13,109.51,4.52,9.39,12.25,8.95,0.97,8.22,46.11,1.28,4.77,0.7,164.0,Moderate
45.49,106.29,4.86,8.74,11.95,8.93,0.92,8.03,31.7,1.15,5.14,2.61,119.0,Moderate
38.24,102.51,5.31,10.07,13.74,8.94,0.93,9.1,28.27,1.1,5.45,2.51,101.0,Moderate
29.53,80.84,5.28,10.13,13.79,9.32,0.87,7.72,21.04,1.26,4.59,0.62,95.0,Satisfactory
45.97,98.69,6.86,17.38,23.23,10.45,0.85,7.09,28.81,0.91,4.24,0.32,99.0,Satisfactory
57.22,103.72,5.61,19.75,24.69,9.3,1.28,9.04,31.38,1.14,8.69,1.45,120.0,Moderate
61.11,109.53,7.38,16.02,21.96,10.39,1.04,9.25,24.0,1.37,6.67,1.26,127.0,Moderate
79.25,105.66,8.72,22.09,29.96,10.53,1.17,8.71,24.41,1.22,7.57,1.47,160.0,Moderate
72.74,104.94,8.25,17.02,23.62,10.43,1.14,10.42,28.54,1.67,9.31,1.01,147.0,Moderate
60.2,104.11,7.51,16.7,22.55,10.35,1.12,7.05,29.88,1.57,7.05,1.07,137.0,Moderate
49.53,117.53,6.44,16.6,21.53,10.5,1.11,7.85,29.88,1.46,6.76,0.92,120.0,Moderate
24.85,64.47,8.58,12.14,19.29,10.5,0.91,8.54,20.59,0.84,5.26,0.34,101.0,Moderate
42.92,87.86,10.1,13.9,22.57,10.48,1.18,7.02,24.96,1.47,7.26,0.99,111.0,Moderate
57.34,93.23,5.24,9.76,13.55,10.46,0.86,8.74,31.37,1.35,7.01,0.85,124.0,Moderate
30.53,95.47,5.52,10.89,14.9,10.43,0.81,8.78,31.66,1.06,5.46,0.6,102.0,Moderate
30.54,98.14,5.82,14.83,19.18,10.53,0.89,8.37,32.98,1.22,6.36,0.76,100.0,Satisfactory
33.68,85.59,6.62,12.81,18.01,10.54,0.85,7.29,30.43,1.26,5.91,0.76,101.0,Moderate
33.48,81.25,6.92,12.47,17.9,10.55,0.8,9.02,28.24,1.22,5.43,0.73,92.0,Satisfactory
36.17,75.84,6.98,12.44,17.93,10.46,0.94,8.45,27.24,1.15,6.11,1.47,98.0,Satisfactory
38.31,103.29,7.85,13.32,19.67,10.41,1.03,7.17,22.6,1.31,9.67,1.78,101.0,Moderate
45.87,98.28,5.3,8.87,12.6,10.49,0.88,7.81,27.92,1.33,7.7,1.0,104.0,Moderate
30.24,82.51,3.8,11.64,14.11,10.49,0.6,9.7,28.87,0.82,5.77,0.42,93.0,Satisfactory
59.23,84.19,6.68,13.39,18.49,10.38,0.92,7.79,31.1,1.13,6.38,0.56,102.0,Moderate
38.41,83.4,6.6,12.88,18.03,10.42,0.8,6.71,30.15,1.1,5.35,0.64,115.0,Moderate
60.86,108.11,6.06,11.42,15.98,10.42,0.99,8.48,52.28,1.27,7.24,0.49,113.0,Moderate
74.08,94.0,4.72,8.91,12.19,10.42,0.91,11.36,72.53,1.26,5.22,0.8,142.0,Moderate
79.9,99.88,4.84,12.23,15.52,10.35,1.26,14.13,83.35,1.6,7.69,2.41,174.0,Moderate
79.52,97.83,5.14,14.89,18.53,10.38,1.26,17.09,61.51,1.78,7.98,1.53,176.0,Moderate
65.91,99.88,7.62,21.23,27.43,10.43,1.57,9.83,30.85,1.83,9.55,1.53,148.0,Moderate
68.43,98.43,24.6,27.59,50.51,10.35,1.52,12.64,23.09,2.65,16.45,2.34,147.0,Moderate
83.76,102.69,38.06,29.6,52.78,10.51,1.71,13.79,22.94,2.57,16.0,2.11,171.0,Moderate
177.62,98.01,28.46,25.5,52.22,10.46,1.73,14.74,25.9,2.33,13.33,2.05,213.0,Poor
232.83,108.2,11.17,17.35,26.85,10.58,1.45,8.56,27.64,1.79,9.91,2.41,387.0,Very Poor
71.44,111.72,8.97,16.6,23.98,10.46,1.15,8.39,38.01,1.48,8.14,0.95,211.0,Poor
66.92,105.15,10.65,15.35,24.45,10.35,1.23,7.77,35.08,1.86,9.56,1.54,145.0,Moderate
134.61,109.29,9.99,15.94,24.34,10.52,1.27,9.82,34.33,1.86,9.33,2.09,177.0,Moderate
80.83,113.23,9.04,16.65,24.06,10.55,1.21,8.87,34.37,1.57,9.39,0.97,218.0,Poor
109.82,105.67,15.06,19.71,33.18,10.53,1.33,8.84,35.03,1.56,8.24,1.48,205.0,Poor
66.19,102.61,5.71,13.35,17.48,10.52,0.93,7.82,42.99,1.16,7.22,0.86,195.0,Moderate
69.27,100.47,9.06,18.17,25.57,10.43,1.14,7.82,47.4,1.35,6.72,1.23,145.0,Moderate
97.2,108.77,21.79,20.69,40.86,10.47,1.26,8.82,46.2,1.47,7.94,1.22,228.0,Poor
72.09,101.26,17.44,19.99,35.77,10.44,1.17,8.85,62.68,1.48,8.37,1.13,200.0,Moderate
71.44,107.05,13.04,19.87,31.26,10.47,1.21,8.01,51.86,1.42,7.31,0.9,159.0,Moderate
129.67,103.49,18.62,22.42,39.3,10.33,1.39,7.62,49.16,1.79,10.55,2.19,219.0,Poor
103.44,99.88,21.74,21.93,42.02,10.43,1.22,10.39,53.34,1.48,10.55,1.65,257.0,Poor
60.76,98.54,6.32,13.38,17.95,10.44,0.91,7.1,69.54,1.11,5.88,0.67,216.0,Poor
56.01,104.73,5.12,7.15,10.77,10.4,0.73,7.28,68.31,0.55,2.62,0.22,155.0,Moderate
58.57,93.52,5.16,9.91,13.47,10.42,0.93,7.02,74.69,0.37,2.46,0.13,148.0,Moderate
54.12,99.69,5.16,8.61,12.3,10.39,1.05,8.47,74.38,0.48,3.07,0.14,161.0,Moderate
43.05,82.25,5.78,9.64,13.97,10.41,0.78,6.51,74.51,0.41,2.66,0.12,171.0,Moderate
50.38,79.94,5.56,9.39,13.46,10.42,0.74,7.33,39.71,0.53,3.07,0.16,152.0,Moderate
75.11,102.17,6.03,12.5,17.01,10.51,1.02,8.71,19.6,1.1,5.52,0.42,128.0,Moderate
62.65,114.92,5.01,10.2,13.7,10.39,0.78,10.16,37.85,0.35,3.56,0.07,147.0,Moderate
51.14,103.09,5.2,10.0,13.76,10.42,0.92,13.55,50.35,0.4,3.69,0.07,117.0,Moderate
66.16,97.42,5.23,13.23,17.06,10.5,0.99,8.42,48.7,0.48,3.42,0.09,118.0,Moderate
73.91,105.01,5.09,10.36,14.06,10.59,0.89,7.65,44.51,0.55,3.64,0.13,149.0,Moderate
69.02,103.83,7.99,6.65,12.84,10.58,1.25,9.03,42.29,0.56,3.21,0.12,148.0,Moderate
103.27,95.5,4.76,8.26,10.52,10.57,1.25,12.0,5.79,0.52,4.65,0.26,108.0,Moderate
68.56,107.67,6.71,13.49,18.84,10.61,0.98,9.9,35.46,0.53,4.01,0.24,174.0,Moderate
61.7,102.86,5.41,10.58,14.63,10.57,1.12,6.51,45.37,0.44,3.13,0.16,137.0,Moderate
61.74,101.15,5.38,8.97,12.97,10.28,0.92,3.82,45.44,0.44,2.67,0.15,121.0,Moderate
69.72,108.26,5.46,10.01,14.1,10.42,0.86,3.99,37.8,0.44,2.87,0.15,134.0,Moderate
72.39,106.72,5.41,11.19,15.2,10.38,1.02,4.32,40.99,0.43,3.15,0.15,149.0,Moderate
62.0,99.08,5.91,12.15,16.68,10.28,0.92,4.73,46.72,0.45,6.47,0.16,137.0,Moderate
66.95,109.31,5.29,10.13,14.05,10.45,0.92,6.21,51.08,0.44,6.43,0.16,124.0,Moderate
61.41,96.56,5.45,10.43,14.54,10.28,0.68,4.48,49.34,0.37,4.66,0.13,122.0,Moderate
62.77,102.95,4.93,10.25,13.87,10.39,0.89,4.77,50.96,0.54,4.25,0.4,120.0,Moderate
58.29,100.33,5.07,7.93,11.66,10.3,0.94,5.61,38.25,1.12,5.71,1.44,120.0,Moderate
56.27,98.59,5.52,9.52,13.7,10.28,0.67,5.45,33.34,0.9,3.95,0.87,116.0,Moderate
37.03,72.15,7.35,9.96,16.16,9.8,1.1,5.59,24.56,0.46,2.92,0.39,123.0,Moderate
47.56,121.88,5.96,12.95,17.52,10.49,0.93,5.36,35.93,0.2,1.82,0.11,95.0,Satisfactory
45.02,107.06,5.77,11.18,15.59,10.47,0.99,5.38,28.3,0.19,2.17,0.1,102.0,Moderate
44.95,91.3,8.82,12.82,20.32,10.57,1.06,4.95,25.76,0.92,5.59,1.02,100.0,Satisfactory
173.37,113.67,10.62,17.14,26.33,10.49,1.22,6.56,31.91,1.46,8.86,1.97,134.0,Moderate
525.09,94.0,16.96,19.14,34.7,10.53,1.57,8.75,37.36,2.16,13.13,2.85,442.0,Severe
353.58,95.54,8.53,16.83,23.94,10.47,1.17,9.43,38.86,1.4,9.8,2.38,510.0,Severe
65.95,107.3,3.32,10.53,12.46,10.46,0.82,7.15,43.44,1.08,5.04,1.14,235.0,Poor
50.22,95.03,5.37,9.25,13.29,10.42,0.79,7.02,41.45,0.75,4.14,0.61,115.0,Moderate
53.47,101.93,5.49,10.41,14.59,10.48,0.9,5.88,43.55,0.82,4.75,0.79,113.0,Moderate
48.65,96.82,5.28,7.94,11.87,10.4,0.89,6.79,26.1,0.84,9.74,0.82,109.0,Moderate
29.42,80.62,5.32,8.1,12.09,10.31,0.87,6.07,24.43,0.75,3.83,0.93,100.0,Satisfactory
36.27,91.18,5.66,9.6,13.87,10.32,0.79,5.97,22.35,0.9,4.51,1.28,99.0,Satisfactory
33.01,93.99,5.84,9.41,13.91,10.39,0.92,5.34,27.62,0.79,4.42,0.89,98.0,Satisfactory
38.91,86.74,5.26,8.86,12.81,10.29,0.88,5.35,33.92,0.81,3.43,0.9,102.0,Moderate
48.34,98.72,5.38,10.22,14.24,10.26,1.08,5.22,39.26,0.98,5.35,1.07,106.0,Moderate
50.06,88.76,5.58,12.11,16.27,10.21,1.0,7.78,45.55,0.95,5.37,1.11,110.0,Moderate
63.29,99.76,5.44,12.41,16.46,10.27,1.08,5.8,44.08,1.02,5.7,2.22,117.0,Moderate
65.76,105.71,5.35,12.36,16.33,10.37,1.1,6.89,47.03,0.93,5.53,2.3,129.0,Moderate
43.36,96.52,5.14,10.03,13.7,10.16,0.87,5.59,40.23,0.81,3.71,0.92,118.0,Moderate
38.93,85.11,5.41,8.1,12.18,10.3,0.77,5.48,40.82,0.74,3.34,0.75,100.0,Satisfactory
41.44,75.47,5.62,9.64,13.89,10.33,0.75,5.85,38.46,0.71,3.85,2.11,98.0,Satisfactory
50.81,86.52,7.07,13.18,18.89,10.29,1.33,9.26,41.84,0.92,4.24,1.47,118.0,Moderate
60.66,98.21,8.12,15.99,22.67,10.27,1.14,5.09,32.62,1.3,6.92,2.93,121.0,Moderate
63.93,96.69,8.2,16.48,23.29,10.31,1.11,6.07,36.32,1.17,7.49,1.65,117.0,Moderate
63.41,109.62,6.11,13.84,18.54,10.33,0.96,6.19,38.78,1.19,5.73,1.42,135.0,Moderate
57.96,98.74,5.5,8.84,12.98,10.27,0.82,6.35,47.36,0.67,3.83,0.8,121.0,Moderate
63.41,96.78,5.24,8.98,12.78,10.26,0.86,6.13,46.51,0.8,4.04,1.44,126.0,Moderate
48.22,87.46,5.67,8.51,12.81,10.29,0.85,4.96,25.95,0.73,3.83,1.86,109.0,Moderate
49.29,83.28,5.47,13.73,18.23,10.11,0.83,5.05,30.63,0.64,3.29,0.76,106.0,Moderate
52.53,91.79,4.46,2.57,4.54,9.14,1.01,4.48,45.44,1.19,5.25,1.36,95.0,Satisfactory
65.12,98.55,5.36,2.69,5.31,10.32,1.37,6.6,36.69,2.36,12.1,3.37,111.0,Moderate
56.19,105.42,5.62,3.0,5.66,10.22,1.66,9.28,28.03,2.99,15.19,5.6,112.0,Moderate
56.72,103.22,5.51,3.09,5.83,10.4,1.53,12.25,45.66,3.02,21.34,5.59,121.0,Moderate
77.4,101.33,10.15,14.08,22.41,10.39,1.68,10.62,42.17,2.3,12.17,4.36,123.0,Moderate
73.6,105.96,5.26,10.41,14.27,10.31,0.85,5.67,53.31,0.93,5.12,1.42,160.0,Moderate
73.9,104.01,5.61,11.53,15.68,10.34,1.01,6.29,52.35,0.9,5.75,1.04,151.0,Moderate
61.09,106.24,5.46,11.4,15.49,10.35,0.91,4.08,49.85,0.93,4.36,1.21,134.0,Moderate
69.37,108.55,5.36,9.86,13.88,10.29,1.0,3.7,62.11,0.87,3.77,0.88,141.0,Moderate
64.25,111.27,5.24,9.19,13.03,10.31,1.18,4.33,55.42,0.72,3.6,0.88,138.0,Moderate
58.28,101.14,5.44,11.1,15.26,10.12,1.12,3.25,50.93,0.86,3.61,0.84,123.0,Moderate
55.96,95.45,5.7,11.15,15.47,10.16,1.13,3.89,46.22,0.89,4.24,0.75,125.0,Moderate
43.84,89.56,3.5,10.39,12.31,10.31,0.66,4.58,42.02,0.69,3.52,0.72,92.0,Satisfactory
57.97,99.89,4.06,11.52,13.91,10.47,0.9,6.58,47.76,1.08,7.15,4.19,103.0,Moderate
53.75,104.14,8.83,24.81,28.55,28.56,1.21,4.43,50.46,0.84,3.62,0.74,146.0,Moderate
52.91,116.28,4.51,34.56,23.81,26.16,0.86,5.58,47.1,0.99,5.3,1.09,103.0,Moderate
50.6,114.32,9.27,33.59,30.45,22.29,1.5,4.5,43.43,0.73,4.34,1.18,117.0,Moderate
42.22,96.54,3.83,31.94,23.71,22.34,0.96,5.25,45.28,0.76,4.1,0.96,120.0,Moderate
31.46,84.57,5.28,35.11,23.23,20.01,0.8,4.88,47.55,0.91,4.38,3.28,88.0,Satisfactory
31.88,70.0,7.2,32.42,21.16,19.59,0.87,4.28,35.94,0.89,3.84,1.31,77.0,Satisfactory
28.04,75.69,6.76,34.6,21.91,17.59,0.82,6.37,40.03,0.88,5.14,1.29,79.0,Satisfactory
46.8,100.44,7.67,34.5,28.29,18.48,1.24,3.38,44.25,0.83,4.09,1.29,99.0,Satisfactory
48.99,87.94,12.85,34.56,37.07,19.29,1.61,10.06,41.0,0.69,4.45,0.75,117.0,Moderate
55.96,98.92,12.5,31.16,32.34,22.54,1.24,6.89,40.31,0.84,5.48,1.02,116.0,Moderate
66.47,109.42,11.84,37.0,35.18,25.98,1.2,10.04,42.49,1.35,5.99,1.89,131.0,Moderate
54.58,102.11,4.9,23.02,19.15,23.21,0.83,4.06,50.46,0.92,3.77,1.22,121.0,Moderate
70.92,96.84,4.74,21.28,18.48,21.43,1.05,3.85,48.14,0.57,2.94,0.46,125.0,Moderate
63.68,95.59,4.81,20.25,17.83,21.25,0.97,5.27,40.9,0.64,3.28,0.72,151.0,Moderate
51.86,108.24,4.68,28.92,23.65,22.27,1.2,4.67,27.96,0.99,4.38,1.22,139.0,Moderate
37.66,78.68,7.38,27.73,24.53,20.13,1.1,7.1,26.39,0.64,4.01,0.86,107.0,Moderate
45.0,93.9,8.98,33.13,29.96,22.38,1.02,7.21,29.12,0.68,3.69,0.98,105.0,Moderate
48.65,87.02,4.58,33.5,24.68,23.69,1.3,5.98,36.99,0.9,4.98,1.36,120.0,Moderate
41.99,103.25,11.78,41.0,28.75,22.04,1.06,6.03,40.99,1.16,6.37,1.79,100.0,Satisfactory
26.0,93.08,4.34,21.79,13.84,18.78,0.6,8.13,58.17,0.6,3.36,0.39,101.0,Moderate
56.86,109.0,8.33,44.83,30.9,34.24,0.17,9.29,39.46,0.77,3.64,1.18,102.0,Moderate
52.96,108.3,10.35,34.44,30.89,38.48,0.9,7.58,24.33,0.53,3.21,0.69,129.0,Moderate
44.3,89.26,11.41,34.53,32.21,31.97,0.51,8.18,34.32,0.44,2.87,0.43,110.0,Moderate
40.1,85.11,8.83,32.79,28.28,33.59,0.48,6.71,31.34,0.44,3.01,0.37,99.0,Satisfactory
33.33,76.71,8.73,31.35,28.66,33.19,0.47,7.87,47.78,0.36,2.41,0.33,100.0,Satisfactory
46.08,107.77,9.55,31.1,28.46,29.73,0.49,6.57,40.05,0.55,3.61,0.65,108.0,Moderate
37.28,84.02,4.85,26.57,21.07,23.99,0.43,6.13,52.45,0.25,1.39,0.19,104.0,Moderate
40.37,87.52,5.33,35.95,27.93,30.58,0.71,3.05,34.06,0.46,3.22,0.43,116.0,Moderate
30.1,56.02,6.46,20.72,18.45,44.38,0.38,5.1,49.45,0.25,1.88,0.27,92.0,Satisfactory
29.22,60.54,10.85,29.21,27.98,28.44,0.39,10.13,41.7,0.38,2.1,0.28,67.0,Satisfactory
60.88,66.45,9.09,44.45,33.89,48.05,0.7,1.15,26.27,0.38,1.19,0.18,72.0,Satisfactory
89.48,94.11,18.33,59.85,47.12,59.64,1.08,2.75,34.35,0.5,0.55,0.12,90.0,Satisfactory
40.12,50.94,24.62,35.16,51.79,78.57,1.65,6.65,43.27,0.19,0.98,0.17,156.0,Moderate
50.76,82.05,7.79,33.2,33.14,35.16,1.27,5.84,41.24,0.32,1.79,0.37,167.0,Moderate
30.45,56.0,8.8,44.42,25.36,34.26,1.27,8.4,35.04,0.47,4.37,1.43,105.0,Moderate
60.7,81.89,20.76,51.24,50.0,31.42,1.42,7.73,24.56,0.91,7.68,1.75,105.0,Moderate
51.09,96.09,18.48,46.69,46.61,30.83,1.66,15.51,38.0,0.44,3.58,0.45,135.0,Moderate
45.67,82.71,6.1,38.21,29.19,29.29,0.94,5.84,44.28,0.36,2.87,0.36,110.0,Moderate
46.24,90.98,5.03,35.88,26.3,30.57,0.9,5.23,51.78,0.31,1.96,0.31,110.0,Moderate
31.02,65.19,6.5,25.0,20.89,28.73,0.82,5.39,29.69,0.34,1.9,0.33,95.0,Satisfactory
28.39,73.3,8.82,29.68,25.85,27.59,0.79,4.71,31.52,0.32,2.11,0.38,92.0,Satisfactory
23.03,66.3,7.53,28.72,23.51,31.26,0.69,9.34,22.35,0.29,1.88,0.43,83.0,Satisfactory
29.65,72.39,9.35,28.29,25.18,29.08,0.84,7.27,23.33,0.3,1.97,0.29,84.0,Satisfactory
34.57,68.51,6.07,26.2,22.43,26.92,0.65,6.7,22.0,0.22,1.58,0.19,86.0,Satisfactory
29.56,53.7,8.71,19.21,19.22,39.66,0.6,3.26,32.38,0.18,0.69,0.12,92.0,Satisfactory
32.82,71.8,5.54,16.81,17.74,34.21,0.48,5.56,16.96,0.08,0.5,0.08,105.0,Moderate
34.45,87.0,8.08,22.97,22.12,22.35,0.67,5.71,18.1,0.33,2.46,0.42,93.0,Satisfactory
30.51,66.12,5.61,22.26,19.54,20.06,0.58,5.2,18.19,0.11,0.83,0.1,95.0,Satisfactory
31.95,72.51,9.64,24.79,25.28,20.42,0.63,5.62,20.13,0.15,1.27,0.13,87.0,Satisfactory
48.62,67.89,13.77,23.86,28.59,20.86,0.59,5.85,19.21,0.18,1.96,0.2,104.0,Moderate
42.25,44.45,9.96,22.65,24.95,21.38,0.52,4.88,22.3,0.12,1.08,0.1,147.0,Moderate
26.64,57.84,6.44,19.09,18.62,18.67,0.51,5.22,28.01,0.09,0.68,0.08,85.0,Satisfactory
25.43,63.82,5.24,20.32,17.85,19.2,0.53,6.0,29.17,0.12,0.78,0.09,80.0,Satisfactory
26.04,76.71,5.44,21.04,18.29,18.94,0.57,5.33,27.41,0.28,1.54,0.05,85.0,Satisfactory
8.86,41.75,6.5,8.99,15.02,12.11,0.68,6.51,10.1,0.1,0.56,0.07,86.0,Satisfactory
9.41,38.77,4.83,8.64,11.86,12.28,0.45,6.92,9.76,0.07,0.46,0.04,84.0,Satisfactory
7.81,26.51,5.34,9.11,10.68,11.83,0.44,6.2,9.13,0.09,0.55,0.05,63.0,Satisfactory
6.31,28.63,10.71,44.71,13.01,31.07,0.39,7.71,13.53,0.06,0.85,0.11,87.0,Satisfactory
10.4,30.27,13.23,57.09,17.23,15.31,0.45,10.59,14.46,0.06,0.49,1.06,78.0,Satisfactory
23.0,62.17,6.93,46.21,3.46,44.05,0.07,3.71,14.74,0.01,0.04,0.06,49.0,Good
28.28,87.32,14.82,74.51,18.74,36.24,0.27,16.38,14.26,0.08,1.3,2.24,85.0,Satisfactory
37.15,99.05,17.64,84.52,27.1,32.48,0.39,8.3,13.15,0.26,4.77,3.96,97.0,Satisfactory
25.0,82.86,16.61,78.74,16.86,27.66,0.2,12.95,15.26,0.09,1.79,2.61,93.0,Satisfactory
37.09,82.11,12.5,78.98,26.06,22.62,0.37,13.91,15.02,0.1,1.9,5.73,92.0,Satisfactory
24.59,59.97,13.43,70.69,22.2,26.24,0.32,4.45,16.52,0.1,0.74,3.38,66.0,Satisfactory
30.49,69.68,11.8,59.25,20.74,16.75,0.28,12.54,15.39,0.08,1.34,5.74,65.0,Satisfactory
23.2,43.26,10.21,42.07,14.05,19.98,0.31,9.58,22.48,0.08,0.78,5.44,66.0,Satisfactory
23.25,46.02,10.27,42.44,14.15,12.34,0.13,12.68,21.14,0.06,0.95,7.3,55.0,Satisfactory
15.79,36.7,12.37,46.68,15.99,15.62,0.15,11.29,18.76,0.1,1.52,3.93,70.0,Satisfactory
10.75,22.54,9.73,35.0,7.61,38.51,0.27,2.6,8.26,0.03,0.21,0.54,59.0,Satisfactory
9.93,21.82,8.85,31.44,11.36,6.56,0.25,1.98,24.77,0.05,0.22,0.96,62.0,Satisfactory
17.82,31.93,10.85,38.08,19.18,16.51,0.11,2.83,21.43,0.1,0.72,3.17,52.0,Satisfactory
13.08,34.21,10.23,37.98,11.32,9.41,0.1,4.39,26.59,0.04,0.7,2.76,52.0,Satisfactory
7.0,11.0,9.66,43.87,3.57,28.86,0.09,15.62,17.76,0.02,0.11,0.11,34.0,Good
21.28,37.15,10.08,43.64,10.2,31.24,0.17,4.1,21.7,0.05,0.3,1.73,66.0,Satisfactory
31.01,71.78,14.44,49.62,15.21,32.74,0.24,16.22,21.89,0.1,3.15,4.49,82.0,Satisfactory
33.84,76.67,11.69,51.19,16.1,18.67,0.3,7.71,23.63,0.11,3.73,6.82,78.0,Satisfactory
42.99,91.44,12.46,57.36,17.01,12.5,0.11,9.43,25.64,0.11,3.79,6.19,86.0,Satisfactory
39.5,103.83,8.76,53.2,15.5,16.89,0.17,7.08,27.93,0.08,1.92,5.0,100.0,Satisfactory
37.67,101.49,8.09,45.98,13.6,11.83,0.01,6.55,35.03,0.06,1.71,6.22,103.0,Moderate
16.68,31.02,9.57,42.12,20.85,25.01,0.24,8.03,29.57,0.08,1.2,2.13,70.0,Satisfactory
13.57,24.85,9.42,41.65,12.52,19.43,0.11,2.73,30.28,0.05,0.29,0.11,55.0,Satisfactory
12.72,33.72,7.59,26.93,7.84,17.95,0.19,9.91,25.02,0.02,0.11,0.13,72.0,Satisfactory
11.98,35.51,9.57,42.12,13.8,9.0,0.03,6.74,22.95,0.03,0.11,0.09,47.0,Good
9.83,32.3,10.92,35.58,12.75,12.28,0.07,5.53,23.2,0.02,0.09,0.22,73.0,Satisfactory
15.29,52.36,13.83,47.47,16.72,14.01,0.1,6.85,20.62,0.02,0.2,0.76,56.0,Satisfactory
15.45,57.53,10.46,40.95,13.83,10.52,0.2,6.22,23.05,0.01,0.17,0.7,63.0,Satisfactory
16.38,37.54,10.7,39.15,12.18,11.07,0.08,3.2,22.36,0.01,0.21,0.22,55.0,Satisfactory
12.88,45.38,11.5,45.99,3.87,11.22,0.05,1.55,30.7,0.0,0.06,0.06,65.0,Satisfactory
48.55,108.27,10.24,45.48,9.94,15.37,0.43,19.26,27.61,0.23,3.94,4.6,106.0,Moderate
50.52,99.86,12.08,63.89,20.04,21.18,0.65,15.29,26.79,0.48,10.12,4.94,104.0,Moderate
44.48,94.36,10.91,73.13,21.83,31.36,0.62,22.54,33.44,0.53,6.69,1.11,97.0,Satisfactory
45.06,101.0,8.9,61.79,15.27,27.21,0.59,15.96,38.65,0.22,4.61,0.46,97.0,Satisfactory
56.83,104.28,15.01,75.39,23.92,31.41,0.79,21.55,33.68,0.33,8.32,2.28,108.0,Moderate
54.95,94.42,26.16,87.44,31.02,28.7,0.53,23.06,26.69,0.47,9.19,3.78,100.0,Satisfactory
60.17,94.51,21.31,92.33,29.15,26.25,0.59,27.92,25.99,0.17,3.61,4.51,97.0,Satisfactory
58.85,101.67,12.43,75.82,22.89,29.97,0.97,29.86,35.87,0.07,1.53,0.66,103.0,Moderate
61.53,106.2,11.99,77.75,23.4,29.1,0.81,34.73,35.26,0.09,1.88,0.82,104.0,Moderate
59.04,100.29,12.44,71.09,21.95,39.49,0.51,35.22,35.03,0.13,3.11,0.48,102.0,Moderate
54.48,108.28,13.08,79.11,24.12,53.38,0.39,29.12,34.31,0.08,1.5,1.12,104.0,Moderate
58.23,108.26,10.82,66.72,20.79,34.59,0.3,30.29,29.52,0.08,2.06,0.31,107.0,Moderate
64.18,103.01,11.65,68.11,20.88,30.24,0.38,18.9,27.18,0.06,1.27,1.74,114.0,Moderate
61.11,105.64,11.8,60.83,19.19,47.92,0.33,32.05,38.81,0.11,1.83,0.73,107.0,Moderate
64.35,101.48,11.68,50.97,16.75,45.17,0.33,44.21,56.45,0.09,2.43,0.95,117.0,Moderate
62.16,99.01,9.59,41.2,13.55,39.85,0.38,47.38,70.1,0.07,1.48,0.81,116.0,Moderate
73.11,104.96,10.85,49.76,16.1,42.24,0.5,46.17,56.15,0.07,1.78,1.1,130.0,Moderate
63.6,97.16,7.96,25.39,9.13,27.36,0.33,19.58,55.87,0.09,1.61,0.62,129.0,Moderate
58.15,84.2,8.84,24.36,11.15,26.1,0.54,23.55,46.88,0.07,1.37,0.09,106.0,Moderate
73.45,106.62,9.75,35.18,17.47,24.59,0.57,47.02,58.59,0.17,4.44,1.96,118.0,Moderate
64.93,100.92,9.23,22.8,8.34,21.5,0.35,45.54,68.19,0.2,2.78,1.8,134.0,Moderate
61.75,97.54,9.6,23.49,9.26,20.77,0.35,35.06,58.34,0.08,1.68,2.07,104.0,Moderate
65.1,101.16,9.43,13.74,5.38,9.27,0.36,31.95,58.26,0.05,1.63,2.03,113.0,Moderate
67.23,100.75,10.41,31.41,11.5,12.51,0.26,31.89,66.88,0.08,1.35,2.46,151.0,Moderate
65.76,104.57,9.87,25.01,9.76,13.96,0.36,31.29,66.89,0.08,1.73,0.98,119.0,Moderate
66.65,112.8,8.73,18.35,7.51,22.83,0.35,40.78,72.73,0.16,1.99,0.28,124.0,Moderate
60.51,107.1,8.57,36.85,12.13,25.37,0.47,38.63,66.96,0.13,2.09,0.35,112.0,Moderate
65.33,103.8,8.22,42.02,13.74,24.24,0.45,35.56,74.13,0.12,1.21,0.13,147.0,Moderate
71.55,106.32,9.65,56.07,17.15,36.33,0.45,46.68,79.48,0.11,1.66,0.29,144.0,Moderate
62.24,97.74,8.99,52.96,25.65,33.77,0.92,46.54,79.89,0.13,2.3,0.45,129.0,Moderate
61.83,104.38,9.26,53.12,16.3,39.06,0.61,35.55,92.1,0.08,1.54,0.33,152.0,Moderate
60.96,98.46,8.93,48.17,14.97,30.06,0.64,28.22,91.75,0.05,0.86,0.5,163.0,Moderate
61.46,99.72,10.06,45.51,14.73,31.45,0.74,16.38,59.28,0.05,0.76,0.13,122.0,Moderate
67.56,102.5,9.75,35.21,12.11,27.89,0.54,25.31,55.35,0.06,1.11,0.16,125.0,Moderate
59.73,101.38,8.44,36.72,11.96,31.12,0.59,51.36,78.43,0.07,1.02,0.04,140.0,Moderate
63.35,103.32,8.28,38.09,12.26,33.57,0.49,42.96,75.33,0.05,0.85,0.06,104.0,Moderate
61.71,95.29,8.64,41.53,13.22,29.05,0.45,37.9,76.18,0.08,0.83,0.34,133.0,Moderate
61.8,98.96,10.96,58.71,18.26,36.62,0.52,44.93,67.7,0.07,0.82,0.33,141.0,Moderate
61.0,96.5,11.02,63.32,19.38,33.56,0.57,30.3,64.43,0.02,0.57,0.08,122.0,Moderate
55.76,85.33,11.63,59.47,18.69,38.92,0.51,36.43,53.54,0.03,0.57,0.06,105.0,Moderate
60.32,89.17,11.87,65.82,15.22,38.16,0.5,31.34,42.62,0.02,0.49,0.1,98.0,Satisfactory
62.65,91.64,10.05,51.12,14.74,37.16,0.52,34.96,63.49,0.05,0.85,0.18,124.0,Moderate
64.38,95.85,12.59,60.39,19.27,30.2,0.64,31.07,67.2,0.04,0.65,0.31,162.0,Moderate
63.41,102.09,10.63,37.87,13.16,23.54,0.59,41.97,50.88,0.02,0.61,0.33,136.0,Moderate
52.96,90.29,7.65,8.25,4.6,5.08,0.55,38.34,32.64,0.03,0.44,0.33,109.0,Moderate
59.95,98.75,7.69,5.3,4.13,3.64,0.5,48.96,51.89,0.03,0.67,0.4,106.0,Moderate
63.92,103.2,7.48,5.31,3.59,4.08,0.49,42.29,57.06,0.02,0.46,0.05,105.0,Moderate
55.4,95.5,7.97,27.3,6.7,16.48,0.3,41.03,49.06,0.02,0.36,0.11,113.0,Moderate
58.98,95.61,12.12,72.0,14.58,41.11,0.43,37.54,44.92,0.02,0.34,0.19,100.0,Satisfactory
58.86,97.97,10.58,54.03,10.45,31.73,0.38,23.1,49.67,0.02,0.15,0.12,103.0,Moderate
61.32,101.59,11.19,54.28,5.18,35.72,0.17,35.08,38.95,0.01,0.08,0.03,96.0,Satisfactory
57.06,89.69,9.88,38.29,9.69,23.13,0.28,8.7,33.69,0.03,0.04,0.04,112.0,Moderate
59.44,94.88,12.66,40.89,14.51,21.32,0.41,20.04,32.84,0.04,0.12,0.05,94.0,Satisfactory
66.0,104.04,12.87,46.01,15.87,28.38,0.49,38.17,39.49,0.02,0.35,0.06,112.0,Moderate
65.98,100.21,9.11,43.82,11.8,27.81,0.46,39.34,62.06,0.02,0.22,0.05,115.0,Moderate
58.07,91.26,10.79,58.31,9.62,28.78,0.32,44.6,47.96,0.01,0.13,0.08,109.0,Moderate
60.69,102.1,11.49,64.12,11.6,31.26,0.36,36.91,53.68,0.01,0.18,0.15,110.0,Moderate
63.73,106.83,9.61,60.81,12.1,17.46,0.29,30.48,62.7,0.02,0.08,0.22,126.0,Moderate
61.83,103.12,11.02,60.63,12.58,24.41,0.38,34.5,54.68,0.02,0.42,0.66,117.0,Moderate
61.79,97.38,10.11,68.61,13.47,34.77,0.37,45.32,50.84,0.03,1.08,0.86,104.0,Moderate
48.86,104.26,11.21,58.18,11.72,26.45,0.45,46.34,45.44,0.02,0.49,0.13,103.0,Moderate
60.56,103.88,10.75,55.27,8.25,30.9,0.26,41.86,37.38,0.01,0.46,0.06,105.0,Moderate
44.66,62.82,9.33,27.18,5.73,19.33,0.28,7.84,36.95,0.01,0.05,0.03,82.0,Satisfactory
57.33,93.83,22.06,49.45,7.32,26.91,0.25,13.93,27.81,0.02,0.31,0.21,96.0,Satisfactory
64.61,96.25,13.66,48.99,7.57,27.7,0.28,33.63,44.11,0.02,0.33,0.02,133.0,Moderate
56.65,95.79,18.38,60.92,14.28,31.24,0.47,34.23,40.88,0.05,1.14,0.57,117.0,Moderate
54.74,94.68,11.85,62.77,12.93,36.11,0.33,38.49,40.87,0.07,1.32,0.46,96.0,Satisfactory
61.36,96.74,10.63,65.8,13.12,31.03,0.32,43.85,46.78,0.03,0.97,0.31,102.0,Moderate
60.03,94.81,10.0,67.81,13.49,34.35,0.34,49.63,56.91,0.03,1.02,0.6,117.0,Moderate
54.24,95.55,11.18,73.32,14.68,29.32,0.42,45.43,49.4,0.04,1.08,0.9,106.0,Moderate
58.12,96.04,8.65,67.71,13.14,42.78,0.36,44.42,49.82,0.07,1.16,1.32,102.0,Moderate
60.2,95.54,11.1,67.78,13.76,26.75,0.33,37.44,42.22,0.04,1.07,1.73,101.0,Moderate
60.28,103.11,9.82,70.51,16.86,31.14,0.43,31.91,55.7,0.05,1.25,0.65,104.0,Moderate
61.28,103.5,8.23,58.82,17.39,19.36,0.51,11.31,63.02,0.03,0.64,0.12,106.0,Moderate
53.5,99.82,9.6,55.26,19.56,36.57,0.73,19.3,51.25,0.09,1.31,0.25,106.0,Moderate
54.32,92.67,9.02,69.63,25.52,34.58,0.74,42.58,49.14,0.2,3.11,1.5,95.0,Satisfactory
62.67,101.25,10.89,73.53,16.43,35.44,0.45,39.57,74.29,0.07,1.55,0.52,160.0,Moderate
60.05,98.82,9.38,58.31,14.69,24.76,0.48,10.11,57.89,0.04,0.69,0.92,124.0,Moderate
61.49,104.8,9.17,49.74,10.35,25.35,0.37,15.23,80.55,0.03,0.48,0.36,160.0,Moderate
61.98,110.38,7.84,40.04,8.45,18.5,0.28,6.27,83.19,0.03,0.23,0.04,173.0,Moderate
61.25,100.46,7.54,39.37,8.27,15.38,0.25,6.08,69.11,0.02,0.2,0.03,110.0,Moderate
47.21,80.12,9.69,52.0,10.85,24.87,0.33,20.73,47.61,0.02,0.77,0.18,103.0,Moderate
65.45,132.09,11.01,58.68,13.66,18.06,0.31,22.99,50.37,0.03,0.75,0.45,103.0,Moderate
116.03,197.89,12.2,58.2,12.48,26.16,0.15,37.31,56.42,0.04,0.99,0.65,215.0,Poor
96.21,162.27,10.97,57.6,13.18,36.67,0.0,25.88,45.66,0.06,1.2,0.53,276.0,Poor
75.89,147.99,12.09,69.76,15.64,23.85,0.0,34.18,36.8,0.04,0.78,0.29,158.0,Moderate
63.83,104.25,10.37,37.49,9.45,16.18,0.0,7.83,58.44,0.03,0.45,0.11,137.0,Moderate
62.34,100.56,10.32,34.38,8.88,15.23,0.0,3.21,52.76,0.02,0.2,0.05,102.0,Moderate
51.67,80.46,10.08,30.24,11.37,13.47,0.0,3.56,60.3,0.02,0.17,0.09,96.0,Satisfactory
61.42,112.53,7.05,36.21,8.33,11.94,0.0,6.6,53.49,0.03,0.29,0.5,98.0,Satisfactory
82.34,168.93,11.85,49.71,14.9,19.45,0.0,29.68,49.64,0.09,1.78,2.41,163.0,Moderate
115.47,212.64,11.78,55.94,13.1,30.92,0.0,55.61,51.68,0.08,1.87,1.46,236.0,Poor
108.41,166.25,10.43,49.01,11.51,26.15,0.0,16.8,43.54,0.06,0.94,0.08,281.0,Poor
73.75,114.17,10.06,38.15,9.48,20.75,0.0,7.78,47.92,0.04,0.35,0.05,183.0,Moderate
81.72,120.38,9.88,39.02,9.59,17.64,0.0,3.77,42.95,0.05,0.27,0.05,164.0,Moderate
83.39,140.24,14.4,52.77,12.14,19.03,0.0,21.93,30.43,0.06,0.85,0.07,184.0,Moderate
64.14,116.31,10.96,49.49,11.74,17.53,0.0,5.32,32.75,0.04,0.54,0.06,133.0,Moderate
54.56,81.16,10.06,34.26,8.81,14.66,0.0,4.16,58.14,0.04,0.24,0.05,126.0,Moderate
67.09,109.2,10.09,38.78,9.6,14.4,0.0,3.76,66.33,0.02,0.16,0.03,104.0,Moderate
76.51,135.24,10.68,49.29,11.62,15.32,0.0,9.0,55.29,0.02,0.33,0.04,150.0,Moderate
69.51,137.83,19.01,63.8,16.45,18.0,0.0,7.19,48.08,0.02,0.33,0.07,156.0,Moderate
60.61,111.85,10.06,49.44,16.53,15.71,0.0,6.68,53.25,0.02,0.46,0.3,113.0,Moderate
83.79,150.97,10.65,52.58,19.39,20.72,0.0,13.58,53.54,0.06,1.01,0.07,156.0,Moderate
71.49,148.62,10.19,50.58,11.72,19.98,0.0,12.35,53.29,0.03,0.38,0.03,151.0,Moderate
76.94,144.81,10.14,47.79,11.21,18.46,0.0,9.19,58.67,0.01,0.25,0.03,149.0,Moderate
64.21,108.56,9.54,32.92,8.41,14.62,0.0,4.04,75.82,0.0,0.1,0.03,132.0,Moderate
56.14,100.4,9.47,41.9,10.18,15.15,0.0,7.88,51.86,0.0,0.1,0.03,100.0,Satisfactory
68.79,131.75,8.46,43.74,7.53,18.29,0.0,12.09,43.59,0.0,0.1,0.03,115.0,Moderate
85.73,157.28,10.5,53.72,12.36,28.21,0.0,34.99,49.54,0.08,1.15,0.07,199.0,Moderate
62.96,124.01,19.88,60.35,16.06,25.86,0.0,19.96,56.94,0.06,0.75,0.08,129.0,Moderate
54.98,115.66,10.14,46.64,16.51,17.73,0.0,12.33,53.74,0.07,1.1,0.13,110.0,Moderate
44.56,87.45,10.32,35.7,9.92,16.81,0.0,5.74,74.98,0.03,0.37,0.17,151.0,Moderate
52.36,96.1,10.06,37.44,9.36,16.25,0.0,3.48,68.59,0.01,0.14,0.03,102.0,Moderate
58.81,109.98,9.92,42.23,10.17,16.49,0.0,8.29,76.03,0.01,0.2,0.04,113.0,Moderate
68.29,141.85,10.64,52.03,12.26,17.59,0.0,13.7,82.95,0.04,0.51,0.47,149.0,Moderate
56.73,117.29,9.79,45.95,10.79,18.65,0.0,11.04,98.75,0.02,0.32,0.04,164.0,Moderate
64.14,136.36,17.54,52.4,8.17,17.5,0.0,18.17,61.34,0.0,0.03,0.0,118.0,Moderate
93.54,188.21,8.44,60.66,11.41,26.73,0.0,25.9,42.44,0.0,0.0,0.0,185.0,Moderate
83.13,163.13,7.1,51.31,8.72,22.71,0.0,17.22,45.33,0.01,0.18,0.01,180.0,Moderate
70.3,134.14,8.62,45.89,10.47,19.35,0.0,7.48,50.11,0.02,0.31,0.04,161.0,Moderate
64.97,108.1,8.71,35.98,7.61,15.93,0.0,5.02,67.42,0.0,0.1,0.01,121.0,Moderate
62.32,115.04,10.84,35.19,9.17,18.65,0.0,10.09,57.4,0.03,0.37,0.06,137.0,Moderate
66.1,129.76,13.81,40.94,12.43,17.52,0.08,10.89,38.79,0.05,0.75,0.14,123.0,Moderate
85.12,173.28,12.04,46.28,14.03,22.99,0.11,23.38,40.55,0.11,1.51,0.23,158.0,Moderate
82.76,203.34,13.26,46.37,15.73,26.52,0.28,29.72,37.61,0.25,2.46,0.85,193.0,Moderate
75.46,197.99,15.75,46.97,15.11,27.44,0.24,33.86,39.71,0.24,2.35,0.73,179.0,Moderate
63.58,163.83,10.87,40.25,9.18,31.66,0.23,27.84,50.72,0.22,2.36,0.53,141.0,Moderate
57.61,157.84,8.41,35.93,8.46,39.69,0.25,22.31,39.94,0.2,2.08,0.38,160.0,Moderate
53.34,144.79,11.52,44.31,13.02,22.19,0.24,25.23,39.26,0.17,2.14,0.48,128.0,Moderate
65.52,167.51,12.37,46.93,13.69,30.84,0.27,20.72,49.52,0.16,1.92,0.57,161.0,Moderate
72.0,184.43,13.74,48.13,14.06,29.77,0.28,24.77,52.2,0.22,3.77,1.91,164.0,Moderate
68.68,178.16,14.91,44.73,14.36,41.8,0.21,30.71,56.79,0.27,5.19,1.92,183.0,Moderate
80.73,198.07,9.99,46.49,13.6,47.49,0.21,40.3,51.85,0.36,5.39,1.32,165.0,Moderate
64.09,163.99,10.4,44.5,12.84,29.14,0.22,26.83,57.97,0.25,3.35,2.7,165.0,Moderate
55.13,148.99,12.48,39.79,11.67,29.39,0.28,17.65,64.27,0.18,2.08,0.46,179.0,Moderate
69.06,177.21,13.34,45.33,13.98,40.73,0.23,27.21,64.43,0.31,2.94,0.94,197.0,Moderate
63.3,161.94,7.64,38.86,9.94,25.67,0.24,15.45,38.61,0.14,1.65,0.41,166.0,Moderate
57.86,130.83,7.72,29.63,8.8,18.51,0.19,10.31,42.14,0.08,0.98,0.31,147.0,Moderate
28.95,87.02,7.66,25.79,7.97,17.57,0.14,7.43,51.83,0.08,0.97,0.28,142.0,Moderate
32.73,90.8,7.83,25.01,7.66,18.84,0.16,10.15,68.85,0.06,0.92,0.22,116.0,Moderate
31.06,69.14,7.81,19.79,6.75,15.43,0.14,14.85,55.32,0.05,0.92,0.17,102.0,Moderate
42.16,106.15,8.94,28.0,8.86,17.68,0.17,9.61,50.93,0.09,1.39,0.36,106.0,Moderate
35.62,80.09,7.05,17.76,6.07,14.61,0.14,12.29,55.68,0.05,0.74,0.18,109.0,Moderate
45.6,118.95,8.68,28.85,8.91,16.96,0.13,13.64,57.87,0.09,1.85,0.48,124.0,Moderate
77.14,189.5,13.65,45.09,14.68,24.9,0.2,19.6,47.16,0.17,3.35,1.02,181.0,Moderate
30.97,89.71,8.47,24.09,8.42,13.14,0.12,9.13,42.43,0.05,1.05,0.31,113.0,Moderate
30.33,111.84,9.63,33.13,10.18,8.95,0.11,12.9,43.3,0.06,1.02,0.57,108.0,Moderate
43.8,146.18,11.64,41.87,12.69,15.42,0.16,22.58,44.15,0.16,1.75,0.53,117.0,Moderate
63.7,181.89,11.59,42.87,12.28,32.61,0.21,25.87,52.81,0.21,2.59,0.42,143.0,Moderate
50.64,132.94,9.56,37.51,11.09,26.41,0.16,17.73,50.11,0.22,2.27,0.26,161.0,Moderate
21.27,57.52,8.25,18.26,6.57,13.73,0.11,7.85,41.95,0.04,0.66,0.12,95.0,Satisfactory
27.44,44.62,9.18,24.38,8.05,12.84,0.11,7.14,42.8,0.04,0.91,0.17,76.0,Satisfactory
54.73,118.8,12.86,45.98,14.49,21.57,0.16,17.35,39.39,0.19,2.51,1.2,97.0,Satisfactory
67.57,186.0,20.68,52.24,17.22,33.02,0.2,21.64,34.77,0.33,4.68,3.14,146.0,Moderate
63.1,216.97,17.42,54.07,17.35,40.79,0.19,24.11,29.02,0.22,3.34,1.32,167.0,Moderate
52.04,186.28,15.13,43.35,12.52,41.5,0.19,24.0,25.22,0.2,2.61,0.43,144.0,Moderate
61.33,191.22,13.78,50.59,14.69,33.24,0.17,29.93,41.21,0.24,3.57,0.54,145.0,Moderate
60.92,175.69,12.57,52.0,14.03,26.07,0.17,21.17,68.16,0.16,2.49,0.75,171.0,Moderate
60.33,158.98,12.2,48.25,13.65,21.52,0.23,10.61,64.54,0.1,1.34,0.35,175.0,Moderate
54.59,135.47,10.5,42.79,11.92,19.77,0.17,11.49,64.9,0.11,1.25,0.32,148.0,Moderate
60.55,148.34,9.42,41.27,11.22,24.64,0.19,14.86,63.64,0.1,1.74,0.25,137.0,Moderate
62.45,152.69,9.35,38.24,10.57,19.94,0.17,12.7,65.94,0.09,1.29,0.25,140.0,Moderate
57.61,144.64,9.53,39.4,10.9,17.01,0.16,13.08,66.96,0.09,0.97,0.22,164.0,Moderate
51.42,128.17,9.57,38.28,10.72,16.62,0.16,10.89,57.96,0.09,1.07,0.21,154.0,Moderate
49.28,117.75,9.55,33.72,10.29,15.1,0.16,6.55,57.0,0.09,0.89,0.2,127.0,Moderate
47.02,122.96,9.2,35.07,10.75,15.91,0.17,8.66,54.3,0.1,1.26,0.2,114.0,Moderate
45.77,119.32,9.23,35.7,10.05,16.73,0.15,8.68,62.1,0.09,0.94,0.2,150.0,Moderate
44.15,117.72,9.09,30.98,8.99,14.2,0.14,6.09,59.95,0.08,0.86,0.4,136.0,Moderate
51.9,144.41,10.08,41.35,11.47,15.37,0.16,8.48,49.08,0.09,1.51,0.37,123.0,Moderate
50.37,125.87,9.17,34.02,9.63,14.48,0.15,7.24,53.76,0.09,1.12,0.26,132.0,Moderate
43.52,105.3,9.33,30.44,8.9,15.11,0.14,10.83,55.87,0.08,0.92,0.18,123.0,Moderate
47.15,98.46,9.49,29.71,8.89,12.67,0.15,7.18,43.12,0.07,0.71,0.19,103.0,Moderate
44.33,118.21,6.25,36.95,9.88,20.89,0.16,9.13,39.14,0.1,0.98,0.37,92.0,Satisfactory
48.68,119.71,9.41,32.91,10.06,14.76,0.14,9.66,48.79,0.05,0.77,0.24,136.0,Moderate
68.34,186.2,11.67,38.38,11.62,19.05,0.2,16.14,41.4,0.56,1.45,0.28,128.0,Moderate
77.56,193.33,16.76,49.22,23.27,17.48,0.29,14.15,36.76,0.24,1.7,0.62,175.0,Moderate
67.48,184.29,4.95,39.61,11.11,22.74,0.21,17.04,46.58,0.16,1.21,0.31,164.0,Moderate
77.94,235.99,13.35,52.07,16.81,33.95,0.23,30.86,41.49,0.48,2.44,0.33,192.0,Moderate
158.04,485.88,38.01,70.52,16.42,51.93,0.3,70.39,10.79,0.28,2.07,0.65,199.0,Moderate
59.32,161.14,9.86,37.36,11.15,26.62,0.15,18.52,64.29,0.13,1.15,0.26,173.0,Moderate
60.92,155.57,8.26,32.52,10.17,23.64,0.17,16.51,53.34,0.13,1.05,0.25,165.0,Moderate
57.68,161.11,6.46,29.2,9.42,16.22,0.16,15.79,46.79,0.2,0.98,0.3,152.0,Moderate
56.31,172.7,8.75,28.75,8.96,16.17,0.15,14.29,41.88,0.17,1.12,0.29,148.0,Moderate
68.97,221.35,11.91,41.41,12.46,28.4,0.23,23.3,41.35,0.18,1.69,0.6,173.0,Moderate
70.99,219.74,10.84,45.1,13.09,23.76,0.25,22.43,56.8,0.26,1.54,0.57,191.0,Moderate
57.04,157.84,8.37,27.79,8.08,30.84,0.14,9.25,50.43,0.22,1.59,0.24,166.0,Moderate
49.73,155.18,8.94,35.29,10.53,41.98,0.12,15.24,48.24,0.16,1.49,0.24,131.0,Moderate
45.5,146.01,9.86,37.88,11.26,26.61,0.13,15.64,48.44,0.09,1.09,0.26,136.0,Moderate
53.51,173.04,12.27,42.5,13.91,36.91,0.19,19.01,42.89,0.17,1.46,0.43,143.0,Moderate
58.3,187.29,14.55,42.34,13.23,45.33,0.16,23.97,36.37,0.2,1.88,0.44,156.0,Moderate
57.26,195.54,12.62,40.89,12.81,32.1,0.17,19.79,33.12,0.32,2.92,0.47,162.0,Moderate
55.63,186.41,13.26,42.61,16.03,26.05,0.18,27.37,35.6,0.22,1.94,0.67,156.0,Moderate
61.48,178.52,7.13,51.82,10.74,30.94,0.06,19.33,26.72,0.1,0.95,0.64,151.0,Moderate
63.36,195.29,12.52,45.42,15.74,36.73,0.19,22.7,48.36,0.2,2.02,0.67,171.0,Moderate
37.64,90.98,8.81,23.58,8.78,33.13,0.09,5.2,70.21,0.04,0.61,0.12,142.0,Moderate
27.39,97.09,6.2,29.07,8.18,38.26,0.09,10.98,59.6,0.08,0.94,0.23,127.0,Moderate
24.73,71.82,6.14,25.71,8.76,25.94,0.1,11.4,55.85,0.06,0.94,0.11,99.0,Satisfactory
24.54,68.79,6.44,26.4,8.54,26.54,0.09,11.13,45.05,0.09,1.48,0.12,99.0,Satisfactory
29.34,70.91,5.92,21.73,7.49,25.34,0.1,5.69,64.01,0.04,0.67,0.12,110.0,Moderate
37.31,85.68,6.09,25.09,8.5,34.75,0.11,4.14,54.45,0.04,0.63,0.17,118.0,Moderate
43.24,111.88,6.23,26.06,9.73,22.03,0.15,8.28,52.6,0.05,0.75,0.23,130.0,Moderate
40.48,113.26,6.06,24.97,10.1,16.38,0.15,8.41,65.03,0.12,0.82,0.17,138.0,Moderate
38.11,89.14,5.12,25.56,7.62,24.02,0.11,11.54,50.37,0.03,0.64,0.17,122.0,Moderate
27.81,82.02,3.79,18.72,4.24,14.29,0.06,10.16,62.99,0.02,0.5,0.08,131.0,Moderate
32.95,91.33,5.63,41.36,9.72,38.95,0.06,10.25,53.25,0.06,0.76,0.13,109.0,Moderate
31.54,71.48,5.72,56.78,17.44,54.45,0.16,5.59,93.07,0.03,0.54,0.12,165.0,Moderate
30.22,66.24,8.1,72.96,22.12,50.53,0.14,3.96,57.35,0.02,0.61,0.16,123.0,Moderate
34.8,77.97,5.0,36.6,11.62,23.81,0.15,4.51,53.61,0.03,0.61,0.19,86.0,Satisfactory
36.41,94.82,5.08,38.77,11.38,25.46,0.14,5.92,45.63,0.04,0.71,0.15,84.0,Satisfactory
40.68,101.34,5.06,42.42,10.51,23.54,0.15,4.93,44.74,0.05,0.83,0.23,107.0,Moderate
35.14,80.34,4.56,30.94,9.21,21.58,0.11,6.38,49.94,0.05,0.55,0.14,85.0,Satisfactory
37.13,108.52,4.59,41.07,12.57,18.27,0.11,9.81,37.77,0.03,0.72,0.2,98.0,Satisfactory
37.23,102.58,4.41,38.74,11.94,18.51,0.11,8.88,38.04,0.03,0.73,0.29,102.0,Moderate
48.21,159.97,5.62,50.64,14.58,33.13,0.13,11.25,32.17,0.08,1.15,0.55,118.0,Moderate
45.73,153.81,6.3,49.46,12.42,21.18,0.11,12.25,32.93,0.06,0.73,0.4,148.0,Moderate
41.91,143.04,4.73,48.49,12.84,22.07,0.11,10.89,36.62,0.09,0.91,0.49,126.0,Moderate
35.78,119.47,2.2,47.98,15.64,44.56,0.16,10.0,39.06,0.27,1.66,0.42,131.0,Moderate
38.13,117.36,4.44,51.56,15.38,25.27,0.13,8.43,44.56,0.08,1.24,0.38,115.0,Moderate
49.56,173.1,4.69,66.04,18.88,43.01,0.15,12.73,29.12,0.21,1.56,0.47,130.0,Moderate
57.16,177.19,5.39,70.75,17.53,39.41,0.17,9.6,30.25,0.23,1.5,0.38,156.0,Moderate
39.09,115.26,4.42,45.01,10.87,25.52,0.09,4.46,47.08,0.05,0.59,0.16,127.0,Moderate
43.73,135.42,4.5,47.81,11.47,23.05,0.1,7.28,45.06,0.03,0.54,0.35,119.0,Moderate
26.99,79.38,4.45,30.37,7.75,18.74,0.07,4.17,43.41,0.01,0.27,0.08,103.0,Moderate
26.35,79.05,4.26,35.91,8.8,27.27,0.09,6.47,53.11,0.04,0.51,0.11,93.0,Satisfactory
19.02,78.46,4.92,42.99,10.09,28.57,0.06,5.75,41.03,0.06,0.44,0.08,76.0,Satisfactory
17.31,78.58,14.07,46.38,14.55,15.98,0.06,10.87,36.63,0.02,0.43,0.06,82.0,Satisfactory
11.35,45.33,7.79,22.84,7.79,11.42,0.05,2.78,45.72,0.0,0.21,0.01,80.0,Satisfactory
10.04,35.01,8.94,25.83,9.14,9.9,0.06,1.66,48.75,0.0,0.19,0.01,79.0,Satisfactory
13.75,45.45,8.57,22.7,7.61,9.17,0.07,3.03,57.96,0.01,0.26,0.03,109.0,Moderate
13.78,42.98,8.4,19.42,6.83,14.37,0.07,2.33,53.33,0.01,0.33,0.04,103.0,Moderate
14.36,40.42,9.13,24.08,8.73,20.08,0.08,4.09,46.26,0.01,0.5,0.11,84.0,Satisfactory
16.11,54.35,8.38,19.2,6.73,21.42,0.07,6.0,54.74,0.02,0.44,0.16,106.0,Moderate
17.77,57.12,7.71,21.89,6.76,17.36,0.09,4.06,54.65,0.02,0.46,0.22,97.0,Satisfactory
12.3,31.28,6.91,11.7,4.45,11.75,0.07,3.66,48.45,0.01,0.34,0.12,74.0,Satisfactory
11.78,27.93,8.21,19.22,8.56,17.27,0.08,2.68,36.3,0.01,0.27,0.07,67.0,Satisfactory
17.05,39.07,4.9,20.03,7.59,20.71,0.08,5.5,33.48,0.31,1.4,0.45,69.0,Satisfactory
7.84,21.21,8.48,15.62,8.61,25.87,0.1,3.68,36.93,0.39,4.21,0.68,68.0,Satisfactory
7.85,18.39,8.52,15.56,7.49,14.78,0.09,2.04,27.75,0.0,0.73,0.04,61.0,Satisfactory
5.56,11.67,8.02,8.47,5.4,11.35,0.07,3.57,27.08,0.0,0.84,0.13,50.0,Good
6.92,16.59,6.55,17.19,11.45,8.59,0.13,4.03,42.25,0.07,1.15,0.62,63.0,Satisfactory
19.65,42.88,7.29,16.5,8.82,8.01,0.25,3.87,54.73,0.07,0.76,0.51,84.0,Satisfactory
13.54,30.33,7.07,18.12,8.71,6.99,0.21,3.98,48.18,0.08,1.18,0.23,75.0,Satisfactory
9.71,21.19,7.47,14.66,7.72,8.52,0.19,3.1,50.2,0.03,0.95,0.15,72.0,Satisfactory
13.07,35.43,7.13,16.86,8.45,5.11,0.23,4.67,52.04,0.05,0.68,0.23,94.0,Satisfactory
12.88,33.71,7.04,15.24,6.91,4.9,0.17,4.33,54.45,0.06,0.9,0.52,86.0,Satisfactory
7.61,18.66,7.27,11.6,5.97,9.89,0.17,3.95,40.17,0.02,0.58,0.26,82.0,Satisfactory
7.38,23.73,7.42,12.26,6.26,5.71,0.14,3.67,39.37,0.0,0.3,0.05,83.0,Satisfactory
8.66,29.59,7.47,14.39,6.86,4.72,0.14,11.12,37.42,0.0,0.27,0.1,70.0,Satisfactory
11.4,39.16,11.21,18.0,9.3,4.94,0.16,4.17,27.54,0.12,1.53,0.48,59.0,Satisfactory
11.48,37.59,8.5,15.64,8.41,5.32,0.18,5.22,29.81,0.08,1.11,0.31,67.0,Satisfactory
10.85,39.43,9.06,11.31,6.69,4.9,0.16,5.26,34.33,0.0,0.37,0.16,63.0,Satisfactory
11.81,37.65,7.56,13.1,6.56,4.48,0.15,5.17,35.59,0.07,0.54,0.03,60.0,Satisfactory
11.79,38.79,7.45,10.8,5.9,4.3,0.14,5.22,33.43,0.0,0.18,0.0,63.0,Satisfactory
11.82,36.34,7.7,11.63,5.34,3.92,0.09,5.31,31.88,0.0,0.22,0.01,53.0,Satisfactory
8.84,29.13,6.69,14.13,5.9,3.78,0.09,13.04,31.16,0.0,0.27,0.01,60.0,Satisfactory
10.38,39.46,7.44,12.42,6.26,3.53,0.18,5.66,32.42,0.02,0.24,0.02,62.0,Satisfactory
13.08,53.54,7.23,11.15,5.9,3.45,0.14,5.22,33.21,0.14,0.58,0.38,61.0,Satisfactory
10.98,42.56,8.77,12.28,6.83,3.54,0.14,3.86,32.5,0.06,0.35,0.1,63.0,Satisfactory
9.75,37.86,7.21,11.87,6.08,3.36,0.13,6.13,31.55,0.03,0.34,0.01,66.0,Satisfactory
11.8,46.69,12.34,13.33,9.32,3.46,0.17,6.91,32.11,0.1,0.52,0.55,66.0,Satisfactory
15.53,48.65,7.46,13.28,6.56,3.57,0.15,13.54,29.3,0.07,0.45,0.18,57.0,Satisfactory
10.4,37.0,7.39,12.88,6.43,3.23,0.16,13.72,30.35,0.1,0.69,0.23,58.0,Satisfactory
14.66,45.03,7.62,14.12,6.91,3.63,0.18,7.07,29.56,0.24,1.26,5.74,57.0,Satisfactory
14.77,43.48,8.25,16.09,7.86,4.21,0.17,5.99,30.48,0.25,1.33,2.26,63.0,Satisfactory
18.19,55.27,7.48,15.37,7.12,5.0,0.15,6.05,34.11,0.18,1.26,1.05,66.0,Satisfactory
18.1,47.47,7.34,14.82,6.92,4.05,0.16,6.71,32.87,0.12,1.01,0.67,61.0,Satisfactory
15.0,39.94,7.91,17.03,7.62,8.73,0.19,7.42,29.39,0.38,1.83,1.27,60.0,Satisfactory
19.31,59.13,8.31,16.31,7.71,4.66,0.16,6.56,26.9,0.44,2.66,2.42,60.0,Satisfactory
14.29,47.25,7.8,15.3,7.23,5.08,0.15,5.86,29.41,0.27,2.28,0.54,66.0,Satisfactory
14.49,42.92,7.93,12.53,6.55,4.91,0.17,5.98,28.55,0.17,1.95,0.42,58.0,Satisfactory
13.9,35.06,8.34,13.56,6.99,4.76,0.14,5.01,27.6,0.09,1.21,0.57,53.0,Satisfactory
16.53,63.46,7.95,11.48,6.15,6.42,0.14,6.85,29.24,0.01,0.46,0.24,74.0,Satisfactory
10.24,34.05,6.76,8.45,4.41,25.84,0.17,6.48,34.63,0.01,0.76,0.06,86.0,Satisfactory
10.78,27.38,6.78,12.06,5.95,18.71,0.16,4.3,31.84,0.24,4.0,0.66,93.0,Satisfactory
8.48,18.17,5.28,10.62,4.97,5.02,0.15,2.97,26.27,0.04,0.47,0.19,47.0,Good
5.72,14.48,5.47,12.4,5.52,4.38,0.15,3.27,25.0,0.05,0.46,0.15,46.0,Good
6.54,16.81,5.06,9.5,4.58,4.54,0.14,3.09,26.17,0.03,0.58,0.07,48.0,Good
10.83,34.66,5.01,9.71,4.57,4.26,0.15,4.23,28.25,0.03,1.0,0.14,50.0,Good
13.37,53.26,3.28,10.08,4.21,4.02,0.15,5.05,29.49,0.01,0.49,0.06,55.0,Satisfactory
15.97,66.76,4.89,11.72,5.1,3.86,0.15,2.96,31.42,0.01,0.37,0.04,71.0,Satisfactory
15.62,52.3,5.29,12.84,5.46,6.52,0.15,4.5,29.9,0.04,0.69,0.09,65.0,Satisfactory
14.04,56.61,5.28,10.9,5.85,10.26,0.17,4.66,25.83,0.02,0.87,0.29,55.0,Satisfactory
16.55,61.4,4.27,12.98,5.39,8.11,0.18,4.65,28.42,0.05,0.95,1.6,62.0,Satisfactory
14.43,49.0,5.51,13.97,5.99,4.87,0.16,6.12,28.62,0.04,0.88,0.59,60.0,Satisfactory
12.62,41.75,9.44,14.04,7.7,5.12,0.17,3.6,26.67,0.1,0.96,0.71,56.0,Satisfactory
15.28,47.66,7.99,14.93,8.08,4.83,0.17,4.23,29.08,0.26,1.63,1.11,55.0,Satisfactory
17.5,60.16,8.1,16.64,9.26,5.66,0.2,5.83,27.97,0.42,3.43,1.34,63.0,Satisfactory
17.42,57.47,7.22,18.87,10.08,5.48,0.21,5.04,28.83,0.97,5.05,2.84,69.0,Satisfactory
16.85,49.6,6.08,17.0,8.77,5.26,0.21,5.57,27.81,0.34,4.08,2.65,60.0,Satisfactory
16.78,54.83,5.31,13.74,5.93,5.69,0.2,10.67,26.03,0.28,2.23,0.88,61.0,Satisfactory
11.79,34.3,5.24,10.34,4.8,8.63,0.17,5.77,22.38,0.09,1.32,0.18,51.0,Satisfactory
13.35,44.95,8.9,18.12,8.43,7.5,0.17,5.55,24.55,0.38,1.86,0.43,49.0,Good
20.34,64.87,8.67,20.12,8.91,7.81,0.18,6.57,27.34,0.4,3.04,1.11,67.0,Satisfactory
23.03,80.57,8.85,22.47,9.57,8.34,0.17,14.85,28.27,0.38,2.36,0.49,75.0,Satisfactory
26.22,81.09,9.46,21.64,9.62,8.4,0.23,4.69,25.05,1.45,6.23,1.63,90.0,Satisfactory
24.87,68.32,9.91,19.65,8.13,11.54,0.22,6.76,24.75,2.01,8.55,2.74,83.0,Satisfactory
20.47,43.45,8.32,16.75,6.94,8.63,0.27,3.85,25.82,1.43,7.29,0.88,80.0,Satisfactory
14.91,32.93,7.46,11.51,5.8,7.58,0.19,5.41,23.33,0.4,2.62,0.38,71.0,Satisfactory
17.76,44.97,11.98,15.61,9.04,6.9,0.24,6.22,32.72,0.63,3.36,0.87,65.0,Satisfactory
15.1,36.13,9.48,14.19,8.64,6.12,0.25,5.1,32.06,0.28,1.92,0.71,67.0,Satisfactory
17.08,37.86,9.71,15.64,9.5,6.28,0.22,4.33,26.67,0.54,2.16,0.41,55.0,Satisfactory
20.36,40.24,8.48,14.29,7.96,6.99,0.23,5.62,29.5,0.79,4.63,1.13,60.0,Satisfactory
16.4,44.14,8.25,13.37,8.5,4.82,0.22,5.23,28.81,0.64,4.55,0.74,58.0,Satisfactory
20.12,56.17,7.78,12.73,6.88,4.92,0.18,4.97,32.41,0.41,2.13,0.84,63.0,Satisfactory
21.77,76.01,7.96,15.13,7.23,6.0,0.17,5.32,32.76,0.37,2.16,0.99,70.0,Satisfactory
26.6,80.23,8.15,16.09,7.37,5.61,0.17,4.95,29.62,0.37,2.31,1.15,85.0,Satisfactory
17.35,36.53,7.61,11.78,5.8,5.09,0.12,4.84,32.33,0.05,0.82,0.34,65.0,Satisfactory
7.42,10.54,6.9,8.85,5.15,4.45,0.15,4.18,37.5,0.0,0.4,0.09,59.0,Satisfactory
10.89,26.2,5.41,11.31,5.21,4.27,0.16,4.88,38.36,0.09,0.91,0.2,62.0,Satisfactory
12.56,37.28,10.15,15.13,8.15,4.52,0.19,6.04,31.68,0.31,1.7,0.48,60.0,Satisfactory
15.41,54.16,9.06,16.07,7.95,4.72,0.16,5.01,31.8,0.42,2.09,1.58,62.0,Satisfactory
23.63,60.91,6.7,17.43,7.09,5.14,0.21,4.59,31.39,0.55,2.48,1.74,72.0,Satisfactory
13.53,32.41,7.91,11.42,6.48,8.07,0.18,3.8,33.12,0.23,2.48,0.51,72.0,Satisfactory
11.58,21.88,7.99,9.53,6.55,9.01,0.12,3.99,31.66,0.14,1.79,0.82,55.0,Satisfactory
13.1,22.77,7.64,10.5,5.99,6.07,0.17,4.87,30.92,0.27,2.44,0.58,52.0,Satisfactory
8.26,12.31,7.31,9.12,5.48,6.84,0.17,4.25,31.84,0.11,1.02,0.3,56.0,Satisfactory
6.57,11.4,7.4,9.26,5.74,6.45,0.12,4.4,35.24,0.05,1.07,0.18,56.0,Satisfactory
12.26,33.08,7.27,10.14,5.8,5.73,0.17,4.36,32.5,0.09,1.15,0.16,56.0,Satisfactory
14.63,49.77,8.41,13.14,7.37,6.68,0.21,12.8,30.67,0.25,1.99,0.7,60.0,Satisfactory
19.92,63.66,9.38,14.34,7.62,5.56,0.23,5.16,35.74,0.62,5.07,1.69,71.0,Satisfactory
24.42,75.72,12.83,16.47,9.59,6.44,0.22,13.58,32.11,1.7,9.87,2.33,87.0,Satisfactory
12.96,37.21,7.66,12.0,6.23,8.13,0.17,6.44,33.41,0.13,1.32,0.4,64.0,Satisfactory
17.26,49.36,8.5,16.95,7.97,4.95,0.21,4.92,33.5,0.39,2.52,0.91,59.0,Satisfactory
19.86,62.12,8.01,14.47,6.99,5.61,0.18,5.04,41.28,0.26,2.56,2.2,79.0,Satisfactory
29.32,70.96,10.13,19.22,8.58,5.72,0.19,4.97,24.76,0.62,3.19,1.88,86.0,Satisfactory
40.82,80.64,13.1,19.8,10.17,7.5,0.21,5.23,32.88,0.78,5.76,1.4,82.0,Satisfactory
32.63,58.94,9.14,19.17,8.14,6.64,0.18,4.57,39.66,0.4,3.6,0.59,74.0,Satisfactory
32.88,57.8,7.56,15.23,6.52,5.53,0.19,5.02,41.62,0.22,1.89,0.21,72.0,Satisfactory
18.58,41.91,7.95,15.66,6.21,5.51,0.09,3.32,31.82,0.07,1.52,0.26,60.0,Satisfactory
12.34,30.25,8.08,15.36,8.43,5.37,0.21,4.19,32.15,0.22,1.56,0.25,51.0,Satisfactory
10.33,27.36,7.92,15.27,7.46,4.47,0.11,4.17,33.02,0.25,1.72,0.23,55.0,Satisfactory
17.29,36.34,8.63,17.06,7.56,6.1,0.07,5.03,30.88,0.49,3.46,0.72,55.0,Satisfactory
10.44,17.55,8.51,15.62,7.61,4.67,0.05,5.09,34.13,0.36,2.49,0.83,60.0,Satisfactory
12.64,27.69,7.97,15.22,7.29,4.0,0.06,4.68,38.0,0.28,1.79,1.44,56.0,Satisfactory
10.27,19.92,7.38,13.77,6.37,3.71,0.06,13.08,34.23,0.19,1.7,0.84,56.0,Satisfactory
15.67,27.18,10.04,12.72,4.23,3.75,0.04,3.3,31.75,0.04,0.63,0.25,39.0,Good
9.17,16.29,6.94,10.48,5.36,3.25,0.04,4.37,34.2,0.02,0.55,0.21,53.0,Satisfactory
10.28,19.23,7.19,10.5,5.22,3.21,0.05,4.24,38.84,0.03,0.56,0.06,54.0,Satisfactory
9.76,24.64,6.79,10.86,5.52,3.22,0.05,5.12,41.74,0.07,0.57,0.05,57.0,Satisfactory
14.88,28.99,6.92,11.41,5.8,3.37,0.05,4.06,37.47,0.0,0.48,0.06,59.0,Satisfactory
20.5,35.75,7.3,15.36,8.05,4.29,0.03,4.59,36.6,0.01,0.73,0.32,58.0,Satisfactory
29.61,63.17,8.27,17.97,12.7,6.2,0.0,5.13,30.97,0.18,3.63,0.79,54.0,Satisfactory
42.0,108.57,11.42,19.98,16.16,7.18,0.0,5.99,29.73,0.34,5.19,2.74,95.0,Satisfactory
39.68,87.46,9.51,20.38,12.1,6.51,0.0,5.73,29.35,0.2,2.39,0.93,99.0,Satisfactory
45.69,98.84,9.31,20.98,10.8,11.57,0.0,7.2,29.15,0.18,3.48,1.29,80.0,Satisfactory
50.36,108.16,9.68,23.27,11.18,12.83,0.0,6.41,28.45,0.17,3.04,3.95,107.0,Moderate
45.9,74.16,9.79,20.69,12.51,9.45,0.0,5.29,28.01,0.12,2.2,1.36,98.0,Satisfactory
41.57,58.36,8.34,18.5,10.13,8.29,0.0,4.87,31.95,0.1,2.26,0.43,74.0,Satisfactory
41.26,61.2,8.11,17.45,8.92,9.81,0.0,5.4,34.25,0.12,2.07,0.34,70.0,Satisfactory
31.08,50.52,1.24,11.81,2.95,10.65,0.26,5.12,29.4,0.8,4.06,0.48,110.0,Moderate
24.16,36.84,11.69,18.96,9.81,9.53,0.34,6.88,34.69,1.0,7.43,0.65,53.0,Satisfactory
49.75,77.06,16.68,22.44,11.72,11.28,0.66,10.46,39.92,2.59,12.69,2.06,102.0,Moderate
55.88,89.52,16.52,22.79,11.45,12.98,0.33,8.94,43.05,3.33,17.97,5.94,164.0,Moderate
28.48,54.04,11.38,19.44,8.09,10.26,0.21,5.7,32.82,1.69,8.81,1.49,102.0,Moderate
22.6,46.38,18.91,24.12,12.33,12.27,0.57,7.36,43.87,2.21,10.84,2.64,94.0,Satisfactory
32.08,42.02,10.47,24.14,10.59,8.02,0.29,19.21,36.8,1.19,6.82,0.96,100.0,Satisfactory
25.79,41.72,7.6,17.7,6.49,9.24,0.36,4.24,41.5,1.12,5.21,0.9,111.0,Moderate
28.04,46.53,26.06,24.18,6.08,8.55,0.1,8.63,70.62,0.66,3.27,0.25,103.0,Moderate
27.38,51.78,6.99,25.01,4.63,9.16,0.19,4.3,43.76,0.78,4.89,0.52,113.0,Moderate
41.74,69.1,13.72,26.83,5.04,9.37,0.11,4.2,54.35,1.22,6.71,0.92,102.0,Moderate
20.48,39.46,8.45,19.29,3.15,8.93,0.08,2.36,79.99,0.19,1.1,0.03,147.0,Moderate
33.32,60.37,10.84,25.1,3.74,12.38,0.1,2.46,63.15,0.17,1.48,0.0,123.0,Moderate
35.59,61.1,18.84,22.1,3.41,11.88,0.06,4.4,57.62,0.09,1.2,0.0,97.0,Satisfactory
72.18,133.53,9.92,36.5,4.69,18.24,0.15,11.19,67.21,0.34,2.38,0.07,154.0,Moderate
69.53,137.82,14.42,34.49,5.58,12.5,0.12,4.82,56.47,1.87,11.62,0.98,150.0,Moderate
75.46,144.81,8.76,30.6,10.71,11.56,0.31,5.43,57.92,3.49,11.82,2.01,151.0,Moderate
78.69,112.82,7.65,20.04,3.38,11.43,0.06,2.02,84.66,0.2,0.87,0.07,247.0,Poor
67.18,105.44,7.91,18.74,5.46,10.7,0.1,10.49,81.47,0.24,0.97,0.06,141.0,Moderate
65.39,98.82,7.56,17.27,2.55,10.52,0.07,3.29,68.38,0.02,0.19,0.0,121.0,Moderate
53.78,83.34,7.98,21.46,5.48,12.09,0.19,5.28,53.28,0.98,4.33,1.08,113.0,Moderate
63.35,97.66,8.24,24.35,2.17,14.58,0.06,5.02,40.66,0.16,0.89,0.16,111.0,Moderate
70.46,147.82,14.32,25.47,4.19,14.16,0.12,7.7,58.83,0.29,1.29,0.02,145.0,Moderate
63.38,141.15,12.1,43.37,32.64,14.57,0.79,16.79,53.67,5.98,38.06,5.25,128.0,Moderate
68.21,149.12,14.71,46.37,36.6,14.02,1.19,14.94,58.62,7.47,45.03,6.16,150.0,Moderate
69.73,141.02,9.19,37.68,27.41,15.88,1.06,17.59,63.67,5.29,30.22,4.5,156.0,Moderate
66.51,126.96,10.34,37.44,27.54,16.61,1.04,20.33,55.23,4.87,30.0,5.14,158.0,Moderate
49.62,97.93,9.76,35.86,23.05,16.9,0.58,13.5,51.23,5.08,24.64,3.75,114.0,Moderate
32.45,68.47,9.03,31.18,19.93,13.16,0.52,13.78,47.67,4.15,26.92,2.52,91.0,Satisfactory
29.33,67.08,11.54,39.1,25.12,11.21,0.58,15.11,43.64,4.74,26.73,3.17,80.0,Satisfactory
34.96,81.64,15.51,43.63,29.83,13.12,0.68,11.95,43.46,6.09,31.07,8.32,94.0,Satisfactory
38.84,82.74,9.92,40.59,24.69,14.87,0.57,17.4,54.87,6.23,33.9,6.02,105.0,Moderate
39.57,84.55,10.16,39.12,25.68,12.97,0.59,16.53,50.7,5.89,35.04,5.94,95.0,Satisfactory
44.44,83.57,10.18,35.39,27.05,14.36,0.59,22.05,55.83,4.61,29.47,3.52,100.0,Satisfactory
61.84,115.98,8.87,42.21,29.64,16.04,0.63,27.55,71.54,4.6,26.91,2.78,123.0,Moderate
57.58,109.26,8.88,42.84,29.99,15.71,0.74,21.15,53.74,6.36,33.38,4.07,123.0,Moderate
55.36,107.88,9.34,37.83,27.59,16.47,0.74,17.25,59.62,6.36,31.59,5.29,111.0,Moderate
58.41,118.47,10.25,39.01,28.97,19.2,0.83,20.01,44.16,6.18,30.87,6.43,111.0,Moderate
51.08,100.21,8.07,36.07,25.3,22.73,0.68,16.76,48.8,4.42,21.49,2.76,104.0,Moderate
41.31,82.13,11.53,34.29,27.1,22.81,0.58,13.31,43.11,4.41,22.69,1.81,92.0,Satisfactory
37.72,80.34,9.97,33.87,25.49,15.71,0.61,14.81,37.36,4.75,25.05,3.03,82.0,Satisfactory
66.82,71.59,10.05,32.58,24.83,13.28,0.65,11.42,37.79,2.98,18.83,2.92,106.0,Moderate
36.53,77.41,9.41,34.18,25.29,15.87,0.72,10.46,39.81,4.31,25.26,4.05,112.0,Moderate
43.64,89.51,7.6,36.84,25.21,14.27,0.82,10.05,42.8,8.06,33.32,9.33,86.0,Satisfactory
44.65,87.99,10.73,39.07,28.86,15.12,0.81,8.34,40.93,5.34,21.33,6.5,106.0,Moderate
40.48,75.97,6.79,32.25,22.12,13.03,0.7,14.21,51.0,2.88,12.43,3.1,102.0,Moderate
96.83,88.36,11.04,37.91,28.39,14.6,0.76,18.61,39.92,2.33,15.71,3.03,133.0,Moderate
69.5,125.61,6.26,35.4,23.41,18.59,0.76,12.78,60.26,2.82,15.13,2.49,149.0,Moderate
70.91,133.01,5.34,37.5,24.28,16.11,0.71,13.35,68.38,2.3,17.66,1.8,140.0,Moderate
84.08,137.59,8.98,50.36,31.34,20.0,0.9,10.47,52.91,3.03,13.06,1.91,147.0,Moderate
73.25,145.39,9.81,52.99,33.05,16.73,0.86,15.16,55.76,2.84,20.01,5.78,166.0,Moderate
91.39,144.06,10.31,54.18,36.36,14.78,0.9,16.7,56.56,4.23,31.14,8.15,171.0,Moderate
66.49,122.5,7.04,45.7,29.33,13.66,0.81,15.0,67.32,3.01,16.61,4.56,164.0,Moderate
64.72,121.51,9.05,45.03,30.5,13.13,0.82,14.09,60.26,2.95,12.16,3.69,140.0,Moderate
70.03,128.64,8.67,37.15,26.11,16.99,0.8,14.25,59.62,2.98,13.32,3.83,139.0,Moderate
69.44,123.66,7.02,35.14,23.91,16.25,0.76,10.97,65.3,4.65,15.59,3.93,135.0,Moderate
70.83,125.86,7.22,38.05,25.61,13.39,0.8,9.54,63.84,3.29,11.38,2.99,140.0,Moderate
70.47,119.15,6.46,37.31,24.68,14.3,0.78,12.21,67.63,2.94,9.43,2.43,144.0,Moderate
58.07,96.64,6.29,29.67,20.52,13.51,0.7,13.2,60.14,2.66,7.83,2.1,128.0,Moderate
51.81,85.9,6.0,30.32,20.6,13.05,0.72,13.15,48.64,2.62,8.81,2.52,100.0,Satisfactory
69.33,127.59,7.77,40.86,27.61,14.4,0.91,16.11,48.33,4.5,20.98,3.9,122.0,Moderate
74.79,153.15,2.82,39.18,22.87,15.55,0.8,24.61,61.72,4.19,18.64,3.66,145.0,Moderate
67.7,149.05,3.04,38.26,22.57,14.5,0.77,19.03,59.43,5.13,21.25,4.67,142.0,Moderate
48.99,108.63,4.44,37.26,23.47,11.86,0.69,22.76,39.78,3.38,24.04,2.35,120.0,Moderate
55.7,117.26,8.39,48.48,32.65,12.57,1.05,22.48,44.73,5.06,25.71,4.75,117.0,Moderate
66.78,140.38,12.01,62.23,42.71,16.12,1.19,12.94,54.6,6.26,35.81,6.17,144.0,Moderate
69.33,136.56,7.91,50.13,33.14,20.13,1.0,8.51,48.7,4.08,22.77,4.66,143.0,Moderate
66.12,120.92,2.4,39.48,22.84,18.6,0.92,7.88,48.56,3.19,12.58,3.88,132.0,Moderate
68.48,119.88,3.5,38.85,23.42,18.09,0.77,7.52,42.62,3.11,12.0,3.83,126.0,Moderate
68.87,131.11,7.78,48.12,31.68,15.3,0.88,8.56,42.31,3.79,16.57,5.63,133.0,Moderate
71.38,142.76,8.44,47.26,31.63,15.98,0.8,12.3,46.91,4.68,24.39,5.32,136.0,Moderate
73.33,143.78,3.67,37.36,23.1,16.89,0.59,22.04,56.42,3.5,20.96,2.12,140.0,Moderate
59.35,130.67,8.22,49.48,32.53,14.23,0.7,24.06,45.37,3.38,19.14,3.48,138.0,Moderate
88.14,152.17,16.01,67.71,48.21,17.75,1.33,21.88,43.0,6.11,34.41,9.3,151.0,Moderate
74.94,148.17,18.07,68.63,50.51,20.76,1.4,16.67,51.64,5.42,32.45,6.21,164.0,Moderate
130.23,162.0,21.37,73.32,55.73,24.14,1.4,16.21,50.01,6.94,38.49,7.58,195.0,Moderate
82.05,170.76,10.07,65.66,42.69,24.8,1.26,15.01,57.5,4.37,25.14,5.62,180.0,Moderate
79.19,156.46,9.99,63.74,41.56,25.5,1.14,10.11,47.69,3.89,22.93,4.49,169.0,Moderate
76.47,144.94,8.37,56.9,36.68,24.11,1.13,8.51,38.5,3.98,21.63,4.73,163.0,Moderate
76.08,151.9,8.2,53.18,34.06,24.77,0.87,18.35,53.45,4.75,30.55,4.36,164.0,Moderate
63.18,129.4,6.1,55.68,34.05,17.06,0.85,16.26,47.38,3.96,22.49,4.42,136.0,Moderate
68.65,139.18,10.23,60.71,39.96,16.52,0.93,14.18,47.22,3.62,21.6,5.69,132.0,Moderate
112.35,152.12,12.65,67.12,45.17,18.82,1.09,10.66,49.58,3.97,21.46,5.15,184.0,Moderate
65.09,132.99,15.07,67.32,47.61,17.46,1.1,9.62,41.64,3.61,23.28,4.63,156.0,Moderate
68.45,126.76,13.13,62.26,43.33,18.74,1.02,8.17,39.55,4.47,23.6,5.0,138.0,Moderate
57.7,119.64,10.55,54.46,36.98,25.09,0.99,11.25,38.93,4.26,21.07,3.74,122.0,Moderate
68.55,135.87,5.81,51.51,31.23,22.84,0.92,9.44,51.26,3.16,16.68,3.19,126.0,Moderate
77.77,149.51,5.35,46.8,28.9,23.34,0.83,10.52,56.84,3.32,16.7,5.07,163.0,Moderate
79.18,164.76,10.82,60.89,40.67,25.77,1.0,17.34,58.03,4.01,26.54,7.64,174.0,Moderate
76.33,160.28,12.4,63.88,41.36,23.67,1.05,15.67,52.74,3.5,20.49,6.1,164.0,Moderate
73.15,150.95,9.24,63.11,40.73,23.17,1.1,12.81,47.04,4.6,25.95,8.02,158.0,Moderate
72.41,144.54,8.91,55.39,36.43,22.16,1.03,11.62,50.17,3.28,21.34,4.23,146.0,Moderate
72.66,141.46,7.08,51.85,33.01,19.8,0.98,9.28,52.61,2.43,12.46,2.89,146.0,Moderate
77.65,160.44,6.41,53.96,33.53,22.57,0.95,10.51,57.35,2.65,11.99,2.85,160.0,Moderate
74.08,158.74,7.01,53.36,33.57,22.15,1.03,12.71,56.34,2.98,13.68,2.89,165.0,Moderate
76.19,162.88,7.06,59.3,36.87,24.42,1.04,17.13,55.98,4.21,22.96,6.5,160.0,Moderate
74.76,159.96,10.88,64.97,43.0,25.98,1.09,17.29,52.03,4.04,27.68,6.66,155.0,Moderate
70.48,157.0,12.85,59.98,41.95,22.44,1.19,20.89,49.6,4.4,28.97,4.92,150.0,Moderate
72.38,141.02,14.16,54.79,40.04,23.14,1.16,13.76,48.64,3.82,24.52,5.41,140.0,Moderate
70.98,115.26,3.98,37.89,23.11,23.39,0.83,7.43,50.02,2.18,9.33,2.17,143.0,Moderate
65.1,126.51,5.75,39.7,25.41,24.56,0.92,9.12,43.58,3.74,26.83,11.61,132.0,Moderate
64.2,128.06,6.13,45.06,28.58,22.08,0.87,10.5,45.85,2.99,18.36,4.24,125.0,Moderate
65.86,141.85,11.21,55.84,38.39,25.42,0.99,13.02,37.53,3.98,30.44,8.02,129.0,Moderate
61.1,139.54,10.99,56.03,38.21,22.32,0.9,17.29,38.71,3.88,33.75,6.24,129.0,Moderate
64.18,143.85,12.5,60.93,42.06,27.24,1.0,23.32,45.46,6.07,37.82,10.57,131.0,Moderate
68.52,140.77,9.93,56.67,37.92,25.79,0.95,13.76,44.16,3.53,27.78,5.37,133.0,Moderate
72.01,142.1,5.81,50.74,31.43,25.72,0.89,9.28,52.29,2.84,16.9,4.31,142.0,Moderate
60.4,117.57,4.36,46.04,27.83,19.96,0.71,6.93,47.74,2.48,12.28,4.47,125.0,Moderate
67.07,131.41,4.69,42.71,26.3,24.15,0.71,9.52,45.11,2.46,12.56,4.5,121.0,Moderate
68.8,155.17,12.11,54.52,38.56,23.83,0.89,16.47,45.4,4.31,32.98,6.98,139.0,Moderate
66.84,155.11,9.3,56.49,37.18,24.19,0.91,19.6,52.7,5.18,33.63,8.14,146.0,Moderate
69.43,156.79,7.53,55.38,34.93,26.28,1.45,13.62,52.9,4.7,27.88,7.51,167.0,Moderate
68.84,145.17,6.26,49.3,30.72,25.13,0.85,9.02,48.76,3.22,18.63,5.89,138.0,Moderate
67.69,149.79,5.49,46.08,28.63,23.34,0.84,8.69,50.19,2.79,17.05,3.9,140.0,Moderate
59.46,152.71,7.61,51.91,33.46,20.35,0.68,16.9,51.92,4.12,29.14,5.56,137.0,Moderate
53.45,141.76,14.36,59.99,44.33,20.39,1.0,20.33,40.67,5.96,41.6,10.09,130.0,Moderate
50.88,129.95,33.83,67.8,63.29,24.5,1.1,22.37,36.26,4.76,37.74,6.12,129.0,Moderate
47.46,120.39,21.51,68.01,53.44,21.65,0.99,16.85,36.32,5.81,41.64,9.58,125.0,Moderate
43.48,115.8,6.47,53.31,33.42,20.36,0.8,9.51,50.3,4.06,32.65,8.68,114.0,Moderate
39.14,105.44,4.91,41.49,25.66,22.91,0.73,9.46,54.21,2.54,19.19,4.52,104.0,Moderate
41.79,112.02,6.03,43.96,29.17,25.26,0.73,8.16,56.47,1.46,5.67,1.65,111.0,Moderate
48.86,124.69,13.91,58.09,40.94,23.0,0.86,9.68,36.51,4.55,43.34,4.35,111.0,Moderate
56.76,135.34,22.03,72.8,56.56,24.6,0.99,13.6,39.53,6.4,35.02,7.84,125.0,Moderate
46.18,105.04,14.55,59.37,42.94,28.79,0.84,13.52,34.55,2.62,16.53,3.39,114.0,Moderate
50.05,116.97,14.25,55.81,38.89,35.08,0.87,13.92,35.92,2.56,17.15,3.35,108.0,Moderate
52.28,119.66,7.15,53.5,32.19,37.24,0.82,13.07,29.39,2.59,16.88,3.04,113.0,Moderate
50.55,88.76,3.74,28.9,17.89,27.82,0.6,8.55,34.88,1.07,4.53,1.49,100.0,Satisfactory
54.34,87.6,3.15,20.55,12.99,27.37,0.61,6.61,38.74,0.76,3.46,0.86,102.0,Moderate
46.38,85.63,2.89,31.98,16.16,54.44,0.61,6.53,44.34,0.98,4.74,1.1,94.0,Satisfactory
50.52,100.95,4.19,44.77,22.99,35.31,0.76,8.3,46.28,1.98,9.6,2.19,100.0,Satisfactory
52.88,118.54,6.74,48.93,29.9,23.72,0.84,12.88,46.88,2.27,13.04,2.42,113.0,Moderate
51.84,116.94,8.45,51.24,33.77,20.48,0.81,17.02,41.68,2.14,16.62,2.48,110.0,Moderate
49.86,121.32,10.09,60.23,39.91,20.36,0.92,20.36,39.46,3.07,22.59,2.83,108.0,Moderate
55.87,126.08,10.42,58.63,39.49,21.29,1.02,10.27,47.42,2.55,18.56,4.02,116.0,Moderate
46.22,112.55,4.17,44.16,26.69,20.45,0.77,7.39,53.02,1.28,6.61,1.72,111.0,Moderate
47.64,101.62,4.48,41.75,25.68,20.08,0.74,6.36,50.85,1.18,10.52,1.86,103.0,Moderate
54.76,118.2,5.07,46.91,28.9,20.29,0.85,7.37,47.88,1.75,14.68,2.73,107.0,Moderate
57.85,131.06,4.83,49.21,29.91,18.86,0.88,8.69,46.5,1.9,9.21,2.14,114.0,Moderate
56.99,125.93,5.72,48.0,30.0,18.56,0.85,8.18,48.94,1.94,10.21,2.22,123.0,Moderate
43.57,112.47,4.92,43.62,27.02,17.34,0.7,8.22,45.22,1.25,5.75,1.41,106.0,Moderate
43.37,105.66,8.22,51.65,33.9,18.26,0.76,7.54,33.06,1.63,7.65,2.2,104.0,Moderate
56.87,119.73,22.13,65.82,52.86,19.58,1.09,9.89,40.48,2.74,16.8,3.72,118.0,Moderate
57.66,123.59,20.92,67.65,52.81,19.27,1.16,14.95,40.86,3.05,18.83,3.91,134.0,Moderate
62.25,139.53,20.73,70.43,54.05,22.7,1.3,12.91,41.99,4.03,21.23,3.94,129.0,Moderate
54.84,127.04,14.31,65.26,46.13,21.27,1.12,11.14,37.91,2.69,19.29,3.4,124.0,Moderate
52.72,120.49,10.11,56.01,37.83,21.27,1.06,10.18,43.91,2.04,13.08,2.57,118.0,Moderate
51.59,122.0,4.25,45.04,27.24,23.4,0.88,9.79,53.05,1.62,7.39,1.75,119.0,Moderate
54.72,116.74,7.81,49.19,32.28,20.81,0.94,9.17,50.33,1.64,9.31,1.92,122.0,Moderate
47.44,111.76,4.59,45.37,27.82,20.49,0.89,8.88,48.64,1.61,6.32,1.85,114.0,Moderate
47.97,104.93,3.86,38.91,23.52,19.42,0.74,9.83,56.45,1.33,7.29,1.34,106.0,Moderate
50.78,101.89,5.37,43.04,26.99,21.37,0.79,7.58,53.66,1.32,6.6,1.67,108.0,Moderate
53.81,114.59,6.73,49.93,31.44,22.9,0.92,7.22,45.08,1.72,8.25,1.75,107.0,Moderate
57.28,120.43,4.89,52.67,31.79,21.26,0.96,6.03,45.57,1.61,5.98,1.94,118.0,Moderate
66.37,133.3,4.83,49.74,30.19,23.5,1.02,7.24,50.9,1.88,7.61,1.72,122.0,Moderate
53.02,108.18,2.68,35.56,20.92,19.08,0.79,6.94,57.23,1.05,4.32,1.13,124.0,Moderate
38.87,96.19,3.74,40.44,24.38,17.31,0.67,5.14,44.39,1.13,4.61,1.38,95.0,Satisfactory
39.69,87.82,4.44,41.84,25.69,18.14,0.71,5.62,42.72,1.24,5.96,1.41,88.0,Satisfactory
47.34,101.24,5.1,45.05,27.97,19.71,0.85,7.43,49.57,1.72,8.45,2.25,103.0,Moderate
47.88,103.11,3.96,37.4,22.92,19.38,0.77,8.79,48.41,1.04,4.36,1.21,96.0,Satisfactory
60.25,134.44,3.98,39.37,23.98,23.84,0.86,14.59,43.99,1.8,11.45,1.92,115.0,Moderate
51.0,78.33,3.01,33.36,20.02,22.04,0.76,5.86,47.12,1.06,4.57,1.92,105.0,Moderate
41.38,71.63,4.13,32.85,20.64,19.52,0.7,4.84,37.7,0.81,3.11,0.93,80.0,Satisfactory
48.07,92.55,4.21,41.03,25.09,17.35,0.83,5.87,48.04,2.48,4.69,1.37,93.0,Satisfactory
54.74,102.17,5.57,47.03,29.2,22.3,0.87,7.01,47.14,1.17,5.22,1.57,103.0,Moderate
57.87,118.46,3.95,45.49,27.17,20.87,0.89,11.32,45.92,1.53,8.23,1.98,108.0,Moderate
57.07,139.34,8.9,52.52,34.8,22.99,0.86,13.35,32.33,2.13,12.21,3.12,126.0,Moderate
56.64,146.7,13.11,58.35,41.43,23.52,1.01,16.25,36.12,3.31,18.45,4.81,128.0,Moderate
59.91,149.81,12.22,63.27,43.32,25.07,1.05,16.63,39.62,2.93,17.29,4.59,131.0,Moderate
71.4,150.7,5.3,49.1,30.11,25.92,0.98,10.47,43.09,2.03,10.45,3.08,135.0,Moderate
61.47,126.86,3.49,39.51,23.68,20.6,0.84,7.69,44.76,1.76,6.16,1.94,126.0,Moderate
59.53,124.78,3.6,44.63,26.49,18.75,0.79,9.57,50.92,1.63,9.03,1.71,123.0,Moderate
53.11,113.07,3.09,40.84,24.05,17.08,0.75,9.65,51.24,1.38,6.57,1.85,116.0,Moderate
62.27,135.91,4.41,48.19,28.94,20.47,0.91,9.33,48.28,2.01,10.48,3.44,122.0,Moderate
54.62,114.81,2.56,40.32,23.3,20.25,0.81,7.54,45.56,1.5,7.9,2.26,120.0,Moderate
50.15,112.36,3.36,41.99,24.83,16.41,0.83,7.47,49.61,1.43,6.17,1.5,110.0,Moderate
43.05,89.8,3.18,31.47,19.08,17.57,0.63,5.79,48.2,0.94,4.01,1.15,103.0,Moderate
37.91,75.96,6.94,38.98,26.19,14.88,0.72,5.28,44.0,1.25,4.38,2.85,84.0,Satisfactory
51.35,97.31,4.2,40.96,24.93,16.65,0.78,5.64,41.0,1.65,6.65,5.55,99.0,Satisfactory
44.94,91.88,4.18,39.39,24.13,15.22,0.72,5.82,50.85,1.04,3.64,1.55,101.0,Moderate
41.51,86.82,4.05,36.55,22.52,14.68,0.67,4.72,43.49,1.33,4.0,1.59,92.0,Satisfactory
46.87,103.01,4.94,42.39,26.36,14.83,0.74,5.68,46.02,1.57,6.0,1.82,98.0,Satisfactory
35.9,79.03,7.78,50.76,32.78,22.05,0.76,9.13,49.0,1.28,5.57,3.99,93.0,Satisfactory
30.27,61.55,4.55,35.94,22.43,21.88,0.67,5.05,44.24,0.85,3.51,2.84,85.0,Satisfactory
40.26,91.86,9.17,41.16,28.67,22.13,0.71,6.94,47.22,1.24,4.05,1.46,95.0,Satisfactory
35.54,97.46,6.05,38.69,25.31,17.63,0.79,6.42,37.75,1.6,6.17,2.1,98.0,Satisfactory
27.63,72.09,5.0,31.01,20.42,16.36,0.68,6.12,31.17,1.19,5.38,1.18,88.0,Satisfactory
31.58,79.04,5.41,42.54,26.69,18.9,0.67,7.29,38.29,1.33,6.43,1.53,83.0,Satisfactory
25.24,66.21,4.14,33.9,21.17,14.74,0.56,5.19,38.8,1.08,4.83,1.26,83.0,Satisfactory
23.05,58.22,3.65,30.02,18.73,14.1,0.69,4.9,40.13,0.6,2.59,0.51,79.0,Satisfactory
29.71,63.54,4.63,31.86,20.46,14.46,0.83,5.47,27.82,0.86,4.73,0.89,73.0,Satisfactory
45.86,103.38,8.95,45.36,31.05,17.51,0.9,8.34,36.09,2.22,11.57,2.22,100.0,Satisfactory
34.29,90.45,4.8,38.79,23.94,13.38,0.72,5.64,41.82,1.18,5.52,1.31,99.0,Satisfactory
37.19,92.25,5.22,35.18,22.78,17.25,0.61,9.98,45.82,1.12,6.12,2.46,93.0,Satisfactory
43.52,118.3,11.25,44.05,32.35,14.75,0.77,10.51,39.18,1.57,7.6,2.38,108.0,Moderate
42.38,120.61,14.73,44.88,35.01,14.67,0.86,9.2,37.27,1.71,9.53,4.15,117.0,Moderate
49.14,139.55,14.17,51.13,38.23,19.44,0.9,10.1,31.15,2.21,15.4,4.97,122.0,Moderate
42.97,110.65,4.45,39.3,24.29,16.81,0.75,7.55,43.31,1.31,6.62,1.5,117.0,Moderate
33.12,80.06,2.99,28.02,17.0,15.06,0.56,6.52,49.31,0.62,2.71,0.45,90.0,Satisfactory
33.09,95.19,3.63,35.48,21.62,13.69,0.54,6.92,51.74,0.87,5.04,1.36,90.0,Satisfactory
35.61,86.24,2.81,29.59,17.69,15.82,0.6,6.07,53.56,0.72,2.68,0.71,104.0,Moderate
38.11,92.67,3.23,35.66,21.42,13.51,0.62,6.99,52.61,0.96,4.83,0.94,94.0,Satisfactory
39.78,99.47,3.35,35.85,21.56,13.68,0.68,7.12,52.49,1.35,7.38,1.44,101.0,Moderate
39.85,86.22,2.74,30.66,18.35,11.79,0.52,6.84,46.38,0.65,2.33,0.51,94.0,Satisfactory
43.44,95.6,3.02,30.99,18.74,12.35,0.59,7.72,49.28,0.89,7.07,0.76,102.0,Moderate
44.84,106.84,7.3,39.52,26.63,17.29,0.7,9.74,44.31,1.2,7.43,1.59,103.0,Moderate
43.83,133.09,2.21,32.08,20.1,15.39,0.57,7.94,45.47,1.47,7.29,1.32,116.0,Moderate
36.08,95.82,5.67,31.21,18.75,15.34,0.7,5.92,48.88,0.88,3.81,0.78,101.0,Moderate
31.39,86.12,3.83,27.73,16.39,14.98,0.56,5.45,48.87,0.79,3.8,0.51,98.0,Satisfactory
19.59,48.18,4.72,31.67,20.45,12.8,0.62,6.1,50.95,0.73,4.95,0.58,81.0,Satisfactory
28.81,68.37,2.77,30.11,18.07,11.83,0.6,5.94,51.31,0.6,4.04,0.37,74.0,Satisfactory
31.91,81.65,2.73,28.95,17.4,11.68,0.58,6.47,47.6,0.44,2.19,0.25,83.0,Satisfactory
33.68,93.43,2.68,28.72,17.24,12.24,0.58,6.91,51.78,0.68,3.61,0.66,93.0,Satisfactory
43.05,110.15,4.18,43.5,27.32,17.7,0.97,7.8,46.9,1.47,8.91,1.99,111.0,Moderate
44.32,101.87,3.44,37.73,22.67,15.48,0.67,6.11,43.87,1.09,6.34,0.93,112.0,Moderate
33.83,74.91,3.68,31.53,19.53,15.07,0.63,5.28,45.59,0.97,5.2,0.95,101.0,Moderate
32.76,80.97,2.6,31.48,18.67,13.05,0.66,6.44,50.78,1.14,5.51,1.18,95.0,Satisfactory
33.05,81.54,2.75,31.04,18.58,12.1,0.64,5.79,50.32,0.61,3.26,0.95,96.0,Satisfactory
31.85,76.51,2.78,32.48,19.38,11.93,0.74,6.11,61.46,0.65,3.29,0.55,101.0,Moderate
29.86,67.84,2.42,26.02,15.62,12.81,0.64,5.38,56.79,0.5,2.44,0.47,100.0,Satisfactory
24.49,46.54,2.67,24.04,14.76,12.94,0.68,4.84,51.51,0.53,2.9,0.49,87.0,Satisfactory
41.89,90.88,1.84,33.42,21.61,12.94,0.78,8.26,48.44,0.86,3.35,0.76,85.0,Satisfactory
43.47,103.29,5.47,41.31,26.17,16.08,0.9,9.18,39.03,1.0,5.56,0.82,106.0,Moderate
37.31,88.67,4.13,35.51,21.97,17.26,0.62,6.93,45.12,0.76,5.38,0.88,89.0,Satisfactory
47.42,136.63,4.4,37.25,23.1,19.61,0.69,8.04,46.38,1.16,6.38,1.58,103.0,Moderate
38.59,106.87,2.41,29.22,17.35,12.49,0.62,6.25,62.1,0.83,3.35,0.62,117.0,Moderate
48.33,137.04,1.95,32.24,18.72,14.11,0.91,6.97,59.66,1.05,3.85,0.63,132.0,Moderate
42.68,108.84,1.61,27.06,15.7,13.64,0.69,7.04,56.37,0.87,4.3,0.44,120.0,Moderate
47.5,122.16,2.07,33.71,19.55,14.03,0.83,6.22,52.86,1.31,6.64,1.57,110.0,Moderate
36.41,93.09,4.43,32.39,20.82,13.99,0.78,6.42,47.17,1.01,4.99,1.7,104.0,Moderate
42.17,108.46,2.82,31.54,18.88,13.05,0.76,6.99,55.12,1.22,6.48,2.17,119.0,Moderate
23.65,67.93,4.09,25.79,16.85,11.4,0.69,4.39,36.5,0.68,3.84,0.53,91.0,Satisfactory
26.11,69.28,3.38,26.65,16.54,12.52,0.78,6.26,49.07,1.04,8.83,0.69,83.0,Satisfactory
31.17,76.56,2.96,25.45,15.75,10.77,0.72,5.77,45.6,1.11,5.24,0.72,87.0,Satisfactory
34.68,91.62,3.27,28.48,17.59,12.87,0.64,6.41,46.07,1.06,7.43,1.54,84.0,Satisfactory
31.7,80.59,2.56,26.77,16.12,15.8,0.58,6.53,44.57,0.66,4.34,0.66,89.0,Satisfactory
32.57,83.68,2.85,25.25,15.51,13.47,0.83,5.81,45.54,0.66,3.49,0.58,93.0,Satisfactory
37.26,77.09,2.92,31.53,18.61,18.36,0.64,6.76,52.89,1.24,6.75,2.16,110.0,Moderate
36.7,63.45,3.79,35.45,21.68,21.33,0.77,6.87,35.35,1.26,8.55,1.79,82.0,Satisfactory
34.85,73.89,3.42,29.14,18.05,20.54,0.62,7.11,44.34,0.62,4.88,0.5,83.0,Satisfactory
30.95,64.8,5.15,26.22,19.01,17.29,0.56,7.1,57.7,0.74,4.88,1.23,89.0,Satisfactory
31.51,67.42,3.15,30.16,18.39,14.27,0.62,7.18,48.4,0.86,5.9,1.45,83.0,Satisfactory
31.33,62.83,2.43,29.59,17.68,18.13,0.64,7.06,47.76,1.04,6.2,1.45,84.0,Satisfactory
19.68,25.82,2.91,22.53,14.03,15.54,0.61,5.17,47.94,0.42,2.39,0.71,69.0,Satisfactory
19.43,33.87,2.41,22.16,13.55,13.75,0.71,6.1,40.15,0.44,2.7,1.78,68.0,Satisfactory
20.03,42.57,2.78,22.16,13.67,15.62,0.68,6.84,33.8,0.38,2.65,1.62,64.0,Satisfactory
16.49,32.8,3.39,20.62,13.49,15.21,0.64,7.35,22.52,0.27,2.27,0.6,52.0,Satisfactory
22.31,55.94,4.49,23.24,15.72,17.96,0.66,8.45,18.82,0.78,4.08,0.7,53.0,Satisfactory
29.92,88.06,6.62,23.7,17.8,16.42,0.66,10.11,17.16,0.9,6.5,1.45,70.0,Satisfactory
30.85,89.47,2.88,21.31,13.57,18.8,0.6,7.58,19.6,0.46,3.3,0.73,84.0,Satisfactory
34.44,92.58,3.06,23.31,14.67,18.51,0.54,8.26,17.53,0.38,3.75,0.5,86.0,Satisfactory
27.83,86.25,2.8,20.05,12.92,22.11,0.57,9.66,20.79,0.37,3.67,0.48,86.0,Satisfactory
22.9,63.65,2.23,20.48,13.35,12.77,0.6,8.96,22.0,0.26,2.73,0.37,67.0,Satisfactory
21.99,66.18,2.72,20.32,12.88,15.69,0.57,9.83,19.71,0.24,2.64,0.31,67.0,Satisfactory
17.2,48.97,2.58,20.17,12.01,13.71,0.58,8.6,19.88,0.26,1.95,0.39,59.0,Satisfactory
14.61,29.85,1.97,18.2,10.99,8.52,0.53,6.94,23.9,0.2,1.92,0.21,50.0,Good
15.27,26.79,2.55,21.39,13.31,8.28,0.44,6.5,27.49,0.25,2.69,0.22,58.0,Satisfactory
10.31,33.35,1.76,22.02,12.97,9.33,0.46,6.21,27.79,0.38,3.91,0.39,52.0,Satisfactory
21.26,45.55,2.2,28.03,16.4,13.37,0.49,6.19,25.78,0.94,7.48,1.22,56.0,Satisfactory
20.07,34.46,2.75,23.78,14.39,13.84,0.36,6.35,23.59,0.66,5.46,1.61,56.0,Satisfactory
16.99,37.87,3.05,20.56,13.25,13.2,0.23,6.42,19.13,0.26,2.86,0.26,41.0,Good
16.31,41.38,2.77,20.7,13.14,10.75,0.27,6.36,17.31,0.23,1.84,0.21,41.0,Good
16.23,41.54,3.95,23.21,15.22,12.73,0.26,5.93,17.5,0.24,1.79,0.19,41.0,Good
17.64,46.04,4.42,28.07,18.17,15.93,0.26,4.6,15.07,0.28,2.36,0.28,44.0,Good
18.93,50.36,4.19,24.39,16.02,12.61,0.28,5.05,17.65,0.32,3.21,0.31,46.0,Good
18.18,57.2,3.48,22.68,14.57,9.63,0.3,5.38,23.37,0.34,3.21,0.29,65.0,Satisfactory
20.85,57.03,6.27,26.4,18.78,14.04,0.33,6.64,22.0,0.48,5.26,0.43,62.0,Satisfactory
16.91,39.49,3.41,27.03,16.84,14.34,0.3,7.1,25.21,0.38,4.16,0.32,60.0,Satisfactory
16.48,42.25,3.82,24.21,15.61,9.17,0.24,5.74,23.96,0.43,3.89,0.29,53.0,Satisfactory
16.28,41.16,3.42,23.43,14.97,12.43,0.26,5.56,22.53,0.66,2.87,0.68,59.0,Satisfactory
15.97,58.87,3.7,22.07,14.46,10.13,0.35,5.95,21.98,1.11,3.12,1.26,71.0,Satisfactory
13.22,40.07,4.16,22.74,15.17,10.6,0.25,6.07,20.08,0.37,3.72,0.31,68.0,Satisfactory
20.05,48.6,4.7,26.0,17.26,11.89,0.3,5.06,18.73,1.08,8.65,8.65,49.0,Good
22.74,51.43,4.4,27.25,17.7,22.28,0.34,5.19,18.53,1.04,10.22,9.5,59.0,Satisfactory
19.92,45.9,4.05,25.11,16.11,27.07,0.28,5.61,20.17,0.78,4.73,2.41,62.0,Satisfactory
16.63,36.37,4.05,23.21,15.32,21.08,0.22,5.45,18.43,0.5,2.8,1.61,44.0,Good
19.7,44.03,4.15,21.7,14.62,13.74,0.25,5.47,16.26,0.37,3.24,0.35,48.0,Good
19.05,45.74,4.55,23.04,15.63,11.45,0.3,4.83,19.91,0.42,4.72,5.29,54.0,Satisfactory
11.93,16.09,4.73,22.14,15.24,19.37,0.25,4.96,20.46,0.36,4.2,0.6,49.0,Good
13.21,26.26,4.5,20.22,14.07,10.32,0.27,6.21,15.7,0.39,4.02,0.25,37.0,Good
17.97,40.97,5.45,26.02,17.84,11.15,0.28,6.88,15.88,0.68,4.67,0.69,42.0,Good
16.12,39.28,5.46,25.58,17.67,11.51,0.31,6.66,21.52,0.54,4.5,0.38,58.0,Satisfactory
11.04,20.0,5.27,21.19,15.02,17.01,0.37,8.75,16.13,0.52,3.67,0.34,72.0,Satisfactory
12.14,26.59,4.39,20.54,14.0,9.09,0.26,6.46,14.86,0.42,2.55,0.27,38.0,Good
14.13,36.01,4.36,22.64,15.15,13.41,0.27,6.95,13.58,0.8,4.43,4.49,33.0,Good
14.39,38.34,4.55,21.97,15.57,9.65,0.26,7.32,14.75,0.59,2.8,2.47,45.0,Good
12.58,32.59,4.27,22.18,14.61,17.89,0.31,9.52,13.12,0.88,3.02,0.34,37.0,Good
19.61,51.45,2.81,23.18,14.44,13.67,0.3,9.11,15.35,0.69,5.28,3.97,41.0,Good
19.54,54.49,3.74,22.42,14.56,27.32,0.28,9.22,14.36,0.55,2.92,0.55,55.0,Satisfactory
17.69,53.6,4.08,21.69,14.24,14.25,0.26,7.41,15.37,0.48,3.01,0.28,49.0,Good
15.64,44.78,4.72,21.03,14.68,12.57,0.32,5.87,15.58,0.44,4.52,0.54,54.0,Satisfactory
17.88,53.74,5.11,20.4,14.67,13.38,0.26,6.55,16.66,0.41,4.14,0.29,52.0,Satisfactory
14.41,42.62,9.34,20.64,18.69,13.72,0.29,7.06,16.19,0.43,4.26,0.26,54.0,Satisfactory
14.52,43.56,7.62,24.38,18.52,13.04,0.27,6.46,17.72,0.46,3.91,0.39,54.0,Satisfactory
18.23,55.98,8.1,22.38,18.1,16.11,0.28,6.09,18.44,0.51,4.03,0.41,53.0,Satisfactory
26.09,74.2,5.93,28.86,19.71,20.93,0.38,7.2,16.26,0.53,5.19,0.53,72.0,Satisfactory
26.02,84.97,5.11,25.61,17.39,25.84,0.32,6.79,17.7,0.73,3.83,0.53,87.0,Satisfactory
19.21,66.84,5.24,25.13,17.24,22.86,0.27,6.8,17.22,0.59,3.96,0.72,73.0,Satisfactory
21.88,75.6,4.48,25.54,16.46,13.51,0.28,6.2,16.38,0.71,6.64,3.86,72.0,Satisfactory
25.77,76.03,6.01,27.27,18.33,14.81,0.36,6.61,13.63,1.23,8.76,2.86,72.0,Satisfactory
30.8,101.48,6.15,28.85,19.13,16.33,0.31,7.02,15.42,1.59,10.31,9.83,92.0,Satisfactory
23.43,76.16,5.63,25.39,17.64,18.24,0.28,6.63,16.46,0.8,6.36,2.39,90.0,Satisfactory
20.2,55.76,5.68,27.06,18.56,13.47,0.31,6.37,16.05,0.78,5.48,1.0,66.0,Satisfactory
26.91,71.45,5.0,23.75,16.3,18.49,0.29,7.05,16.55,0.71,3.87,0.44,72.0,Satisfactory
18.92,55.72,4.71,24.24,16.08,16.94,0.3,8.15,13.97,0.54,3.37,0.64,54.0,Satisfactory
16.17,46.48,4.84,24.82,16.46,23.83,0.28,7.42,13.81,0.55,3.96,0.73,53.0,Satisfactory
18.07,37.67,8.38,27.7,21.0,14.77,0.36,5.9,12.64,1.04,13.0,2.69,49.0,Good
17.09,41.09,6.04,24.89,17.3,17.35,0.31,6.07,14.98,0.76,10.03,4.27,48.0,Good
16.39,29.84,7.35,24.46,18.46,16.95,0.28,6.09,11.86,0.65,5.23,0.98,43.0,Good
11.98,28.35,6.15,18.71,14.38,22.8,0.31,6.15,14.52,0.68,3.91,0.37,47.0,Good
11.66,24.68,5.61,17.79,13.61,15.41,0.32,6.65,13.69,0.43,2.71,0.28,42.0,Good
16.97,46.65,8.16,27.16,20.02,13.27,0.31,7.29,10.2,0.84,7.87,4.19,41.0,Good
22.11,68.81,4.1,17.62,12.18,23.04,0.35,10.13,11.99,0.65,3.64,0.54,65.0,Satisfactory
7.78,10.87,3.77,19.87,13.35,11.71,0.3,5.69,15.01,0.49,1.88,0.15,40.0,Good
18.56,46.57,4.25,20.71,14.14,11.21,0.3,7.17,18.05,0.39,2.55,0.22,35.0,Good
15.3,41.14,4.16,17.73,12.67,13.6,0.29,8.0,18.6,0.36,2.64,0.21,44.0,Good
15.28,34.82,11.75,24.8,21.07,15.8,0.32,6.84,15.02,0.76,4.1,1.33,48.0,Good
13.19,31.47,5.97,21.95,15.99,17.78,0.27,5.98,14.53,0.5,2.58,0.16,47.0,Good
10.08,23.02,5.47,19.61,14.4,14.88,0.25,6.73,14.24,0.44,1.95,0.1,34.0,Good
10.33,29.62,6.19,22.71,16.5,12.65,0.29,8.08,13.14,0.35,2.27,0.18,39.0,Good
12.51,38.94,6.62,23.7,17.2,16.78,0.29,8.73,11.2,0.62,2.32,0.22,40.0,Good
14.36,56.52,5.88,24.14,16.98,18.06,0.31,8.55,12.62,0.76,3.43,1.41,48.0,Good
15.34,55.37,7.06,25.68,18.74,16.07,0.29,7.55,12.26,0.74,5.4,3.26,52.0,Satisfactory
14.61,45.18,5.98,24.79,17.43,18.28,0.27,7.85,11.18,0.53,3.42,1.4,50.0,Good
15.31,40.27,9.65,27.1,21.01,13.22,0.3,7.61,9.29,0.81,3.76,0.73,48.0,Good
16.51,45.72,6.63,27.6,19.35,10.85,0.28,6.97,12.08,3.66,9.47,4.2,48.0,Good
20.98,64.42,6.11,26.87,18.67,12.12,0.29,8.39,15.33,0.87,6.02,1.87,53.0,Satisfactory
24.66,82.96,7.02,26.52,19.13,11.46,0.29,8.85,18.68,1.15,11.2,10.26,68.0,Satisfactory
22.43,75.11,6.2,27.25,18.9,10.92,0.3,7.13,15.88,1.46,18.24,19.1,77.0,Satisfactory
23.16,71.26,6.01,26.37,18.32,10.23,0.31,8.74,15.43,1.49,14.86,10.98,70.0,Satisfactory
18.51,47.92,7.14,25.86,19.12,13.55,0.34,6.4,14.04,1.16,11.12,1.95,50.0,Good
15.84,39.37,7.38,23.73,18.24,21.2,0.34,7.13,13.7,0.83,5.4,1.42,48.0,Good
20.36,66.88,7.58,25.6,19.27,14.84,0.31,7.74,13.86,1.35,11.11,9.86,50.0,Good
27.05,87.39,5.13,26.36,17.59,11.1,0.38,8.05,14.3,1.77,14.34,19.46,72.0,Satisfactory
25.36,83.21,4.74,26.76,17.54,12.31,0.31,7.84,14.29,1.66,17.85,21.59,76.0,Satisfactory
25.42,79.97,5.01,22.74,15.82,14.25,0.32,7.79,17.95,1.21,10.1,7.09,82.0,Satisfactory
21.61,55.67,4.94,18.35,13.78,16.15,0.33,9.3,19.94,0.5,4.43,0.39,62.0,Satisfactory
34.85,91.9,9.53,24.19,20.62,13.82,0.42,8.8,23.55,1.1,9.66,0.58,79.0,Satisfactory
38.35,94.94,6.64,32.15,22.32,13.3,0.46,7.75,27.14,2.14,19.72,6.36,86.0,Satisfactory
33.85,66.55,7.83,38.45,26.5,13.33,0.57,6.42,25.02,2.2,19.46,2.91,79.0,Satisfactory
35.06,53.38,10.31,35.45,26.63,15.82,0.59,5.67,20.9,1.91,14.05,8.14,71.0,Satisfactory
41.83,77.55,11.55,36.44,28.14,13.71,0.6,6.0,21.97,3.3,34.71,8.36,78.0,Satisfactory
42.24,85.86,5.8,36.56,23.67,13.25,0.53,7.04,30.31,2.82,32.63,7.44,85.0,Satisfactory
43.69,89.53,6.25,36.45,24.05,14.45,0.51,6.77,27.22,2.99,37.23,5.4,92.0,Satisfactory
48.98,89.05,8.74,33.93,24.38,21.78,0.5,7.78,22.86,3.04,28.66,7.68,101.0,Moderate
35.58,61.65,4.05,22.67,14.98,18.61,0.41,8.41,24.49,1.45,9.79,1.23,85.0,Satisfactory
39.68,63.97,5.07,25.48,17.48,14.17,0.45,6.81,21.89,1.45,19.66,4.07,68.0,Satisfactory
38.6,84.63,6.3,31.56,20.98,16.06,0.45,6.9,21.57,2.1,24.43,7.6,79.0,Satisfactory
40.88,97.71,3.8,30.3,18.92,13.54,0.42,7.14,23.53,1.48,17.65,12.12,81.0,Satisfactory
37.91,78.9,5.26,27.55,17.69,22.26,0.38,8.39,21.72,1.37,6.3,1.25,91.0,Satisfactory
27.29,58.1,3.66,23.11,14.88,15.98,0.34,6.23,27.07,0.69,3.53,0.59,62.0,Satisfactory
32.25,62.49,3.76,27.46,17.34,14.76,0.44,6.13,28.19,1.06,7.74,0.78,65.0,Satisfactory
34.94,68.68,7.01,36.88,25.03,12.23,0.62,5.85,21.51,1.73,9.9,1.5,62.0,Satisfactory
41.46,86.95,10.7,38.18,28.61,14.0,0.66,6.42,20.19,2.47,23.18,3.13,84.0,Satisfactory
53.68,107.41,19.37,44.83,39.13,17.8,0.8,8.2,16.94,4.16,37.37,9.91,108.0,Moderate
43.09,78.57,7.32,36.52,24.46,15.36,0.54,6.93,24.45,2.37,20.49,2.19,95.0,Satisfactory
45.92,99.06,12.36,38.03,29.38,16.4,0.58,7.03,15.53,3.95,35.75,14.97,92.0,Satisfactory
55.39,107.62,18.14,38.38,33.21,18.0,0.64,7.08,17.26,4.27,41.79,24.06,100.0,Satisfactory
67.69,129.23,17.39,37.28,32.15,22.86,0.62,9.16,24.96,5.97,47.79,15.5,118.0,Moderate
63.16,122.8,6.21,38.16,24.9,17.1,0.5,7.78,23.41,2.92,29.8,2.79,128.0,Moderate
37.8,80.37,8.25,33.16,23.67,14.39,0.49,5.89,22.58,2.42,20.15,5.23,94.0,Satisfactory
36.5,79.0,5.25,32.41,21.14,13.47,0.45,5.74,23.91,1.66,15.38,1.19,72.0,Satisfactory
39.63,85.85,6.61,33.83,22.06,14.36,0.45,5.14,24.63,2.19,17.12,1.33,79.0,Satisfactory
39.8,103.38,5.91,34.47,22.39,13.88,0.43,6.26,29.57,2.91,19.13,1.37,84.0,Satisfactory
56.36,136.25,7.79,42.33,27.18,15.35,0.56,8.43,29.21,4.05,31.53,5.93,109.0,Moderate
65.91,139.95,5.65,39.75,25.24,16.63,0.5,6.99,29.27,3.02,29.46,6.31,124.0,Moderate
64.44,144.33,6.46,40.33,25.58,15.8,0.56,9.45,28.65,3.34,35.14,3.19,130.0,Moderate
60.07,146.71,8.4,46.53,31.0,18.89,0.54,17.26,23.73,5.46,56.11,18.56,124.0,Moderate
56.5,150.65,7.83,48.32,31.61,15.44,0.48,13.82,21.94,4.33,39.8,28.24,128.0,Moderate
52.63,148.36,5.23,43.03,26.79,22.61,0.46,14.89,25.52,3.68,29.56,24.01,120.0,Moderate
54.39,132.24,6.33,42.79,26.64,18.36,0.53,13.5,27.9,3.35,36.12,19.53,121.0,Moderate
58.56,130.27,13.85,46.54,34.65,15.35,0.64,10.8,21.39,4.92,45.43,14.77,118.0,Moderate
54.35,111.45,6.53,36.76,24.31,14.78,0.47,9.08,27.41,4.0,40.2,14.87,108.0,Moderate
58.24,107.55,4.47,35.21,25.04,14.13,0.53,9.14,28.29,3.18,33.54,2.0,100.0,Satisfactory
53.26,90.41,6.11,32.39,20.97,13.5,0.46,4.76,26.04,2.71,25.89,2.12,105.0,Moderate
41.03,53.89,6.99,34.67,23.8,12.6,0.58,4.21,19.11,1.99,15.05,1.68,83.0,Satisfactory
40.35,57.72,6.18,31.81,21.6,11.42,0.55,3.64,21.12,1.76,15.32,1.17,73.0,Satisfactory
43.99,80.57,9.66,37.92,26.85,9.8,0.52,3.92,24.15,2.14,15.35,2.31,74.0,Satisfactory
58.44,128.56,8.23,47.2,31.47,12.06,0.68,6.19,26.5,3.78,34.82,5.02,105.0,Moderate
61.34,131.27,6.33,44.57,28.44,11.97,0.61,5.23,26.96,2.41,26.89,5.56,119.0,Moderate
66.82,144.33,10.4,51.4,35.41,17.06,0.72,9.47,27.86,3.99,40.01,7.44,125.0,Moderate
67.12,139.91,5.57,45.12,28.2,12.98,0.67,6.04,30.64,3.35,25.37,3.97,133.0,Moderate
67.52,125.13,5.09,46.11,28.34,15.3,0.89,6.88,28.14,3.46,41.47,7.03,142.0,Moderate
60.72,124.74,8.06,45.35,30.25,10.89,0.61,8.39,28.84,3.58,29.89,6.28,128.0,Moderate
48.68,123.62,6.28,47.97,30.17,8.4,0.46,11.76,31.72,3.17,27.27,2.37,107.0,Moderate
57.44,145.22,13.24,60.75,42.38,10.5,0.68,16.45,27.8,6.3,54.43,13.98,117.0,Moderate
56.51,134.88,10.74,46.84,33.18,12.03,0.55,14.29,36.66,6.21,60.02,10.85,120.0,Moderate
56.02,130.4,4.14,46.3,27.61,10.69,0.5,19.41,41.62,5.25,52.36,5.56,110.0,Moderate
57.32,121.32,5.54,47.35,28.61,11.99,0.58,14.14,41.46,5.31,42.2,8.99,115.0,Moderate
56.98,120.91,8.65,47.69,32.11,11.49,0.56,14.98,34.51,4.83,33.6,14.01,117.0,Moderate
50.87,109.17,9.71,45.19,30.38,11.95,0.59,11.42,26.9,3.91,32.09,8.22,106.0,Moderate
34.07,76.12,8.83,37.54,25.92,11.79,0.56,6.15,19.95,3.24,28.26,5.21,86.0,Satisfactory
25.96,59.8,6.81,32.84,22.01,10.51,0.48,4.13,23.14,1.89,11.06,1.46,58.0,Satisfactory
24.88,48.95,4.85,30.95,20.14,9.51,0.51,3.89,25.91,1.44,10.1,0.95,55.0,Satisfactory
32.8,68.87,5.38,36.41,23.46,8.99,0.53,4.62,27.53,1.86,10.96,1.31,64.0,Satisfactory
44.66,94.97,5.82,39.76,25.0,9.87,0.58,5.76,31.15,2.59,16.8,3.93,80.0,Satisfactory
54.63,103.16,4.8,38.84,23.63,10.34,0.52,8.73,34.91,2.23,16.75,1.3,95.0,Satisfactory
59.82,109.93,3.82,35.89,21.32,10.25,0.55,7.39,41.0,1.83,8.74,1.08,107.0,Moderate
64.36,125.75,4.45,42.33,25.9,9.96,0.54,10.52,36.77,2.96,23.02,2.22,114.0,Moderate
69.5,136.07,4.22,44.02,26.57,10.22,0.58,16.11,42.35,3.67,27.46,1.99,129.0,Moderate
61.15,129.81,4.84,44.85,27.54,9.52,0.58,18.58,44.0,3.89,39.61,6.93,131.0,Moderate
62.68,148.54,7.17,50.55,31.73,9.49,0.58,27.46,43.16,5.14,38.79,4.06,127.0,Moderate
66.08,150.01,10.08,56.68,37.98,11.75,0.68,32.99,34.36,6.78,53.46,10.63,134.0,Moderate
67.28,159.01,10.49,60.17,39.93,12.04,0.76,28.68,35.17,6.23,54.91,13.56,139.0,Moderate
58.4,140.37,9.82,52.31,35.35,11.78,0.73,23.55,30.37,4.71,39.56,17.29,133.0,Moderate
46.2,115.57,7.78,45.12,29.83,12.59,0.61,14.26,25.38,4.55,37.94,12.65,118.0,Moderate
23.09,59.77,6.46,32.04,21.93,11.7,0.47,4.64,20.36,1.68,11.13,1.17,76.0,Satisfactory
19.06,50.4,7.14,29.19,20.29,9.77,0.43,4.63,18.99,1.2,8.96,0.72,57.0,Satisfactory
26.04,61.77,5.61,32.18,21.29,9.11,0.45,4.53,21.05,1.3,7.29,0.92,53.0,Satisfactory
52.12,112.36,7.09,43.52,27.66,9.7,0.58,9.77,29.47,3.02,24.34,1.66,86.0,Satisfactory
63.08,139.98,5.82,44.09,27.7,9.74,0.58,13.92,36.71,3.66,32.4,1.71,129.0,Moderate
66.0,137.89,4.81,46.07,28.06,9.64,0.6,9.72,34.42,2.57,17.72,2.21,131.0,Moderate
71.81,147.11,7.22,47.8,30.04,10.43,0.65,15.7,32.72,4.48,30.82,14.82,133.0,Moderate
72.98,155.13,8.56,53.95,34.44,10.78,0.72,15.99,36.63,4.52,37.53,10.4,148.0,Moderate
69.28,149.67,4.95,50.29,30.48,9.59,0.64,16.75,46.4,3.27,30.13,2.17,140.0,Moderate
63.01,150.75,5.59,53.44,32.61,8.97,0.67,18.36,44.11,4.19,40.63,2.91,135.0,Moderate
69.91,152.94,6.32,59.24,35.57,10.25,0.74,11.85,41.07,3.59,20.25,2.68,138.0,Moderate
73.48,155.16,6.86,59.43,36.14,11.11,0.77,8.85,43.73,3.45,15.27,2.45,142.0,Moderate
72.26,153.14,11.19,65.02,43.12,11.13,0.81,14.12,34.93,5.26,36.89,4.64,146.0,Moderate
67.69,145.96,7.06,56.72,34.75,10.92,0.67,20.32,40.48,5.29,41.06,12.75,139.0,Moderate
69.94,147.06,6.95,56.11,35.06,10.94,0.72,13.09,35.54,3.57,27.45,6.58,135.0,Moderate
71.17,145.82,7.24,52.98,33.02,12.06,0.74,9.29,34.25,3.22,20.7,2.28,137.0,Moderate
74.62,145.29,5.43,48.78,30.02,12.31,0.75,7.79,36.37,3.01,16.07,2.53,140.0,Moderate
77.72,147.65,6.32,47.55,29.22,12.49,0.76,8.53,37.26,3.19,21.43,5.61,154.0,Moderate
67.3,118.13,3.28,40.48,24.04,11.3,0.7,5.66,33.84,2.13,9.26,0.87,146.0,Moderate
62.87,111.3,5.26,41.39,25.89,11.58,0.74,4.21,29.75,2.39,12.49,1.53,123.0,Moderate
61.66,92.8,3.74,32.11,19.87,11.09,0.64,4.65,31.2,2.35,12.22,1.01,108.0,Moderate
76.14,122.93,4.44,34.16,20.56,12.1,0.71,4.23,36.84,2.47,9.73,1.3,132.0,Moderate
78.36,131.2,4.34,33.76,20.26,9.87,0.74,5.66,36.66,1.63,7.35,0.59,159.0,Moderate
77.94,132.25,4.06,30.74,18.63,10.81,0.63,5.63,36.29,1.29,6.15,0.91,161.0,Moderate
76.22,145.09,4.87,39.51,24.48,13.3,0.73,7.25,31.26,2.8,19.03,10.42,158.0,Moderate
74.78,134.84,3.74,36.07,21.92,11.93,0.68,5.85,36.7,2.23,11.58,2.9,153.0,Moderate
74.19,123.7,3.87,37.39,22.72,11.45,0.67,4.46,34.73,2.4,13.27,1.86,145.0,Moderate
74.48,119.8,4.96,41.82,25.98,13.69,0.8,6.86,24.87,3.65,27.29,2.03,144.0,Moderate
75.15,134.26,4.81,38.42,24.05,12.75,0.62,13.68,37.42,3.48,29.08,0.95,157.0,Moderate
76.15,149.24,4.2,39.24,23.25,11.76,0.61,16.29,49.21,4.19,29.84,7.28,151.0,Moderate
59.61,95.42,3.61,33.95,20.68,10.46,0.53,12.91,34.28,3.79,25.71,4.7,141.0,Moderate
22.35,34.08,5.64,29.09,19.52,9.2,0.4,9.12,20.98,2.48,32.46,1.62,67.0,Satisfactory
32.77,62.25,6.1,33.97,22.61,8.77,0.47,9.12,23.73,2.26,23.38,3.49,54.0,Satisfactory
44.72,93.15,10.97,43.69,30.84,9.49,0.67,11.57,22.1,2.87,33.51,9.98,76.0,Satisfactory
55.1,107.95,6.18,48.47,30.3,10.79,0.64,12.56,27.57,3.25,34.17,9.43,104.0,Moderate
72.66,139.71,5.48,52.59,31.84,13.22,0.67,10.82,36.75,3.49,30.97,6.86,127.0,Moderate
78.01,138.69,5.23,41.45,25.43,16.4,0.68,7.12,42.72,2.6,17.11,4.8,151.0,Moderate
76.81,154.46,3.25,44.67,25.96,13.72,0.68,10.6,34.26,3.67,25.64,7.54,159.0,Moderate
73.18,149.61,3.91,46.1,26.91,12.02,0.61,8.93,43.56,3.39,25.34,2.22,153.0,Moderate
67.91,119.15,5.14,36.25,23.04,12.18,0.69,6.85,39.08,1.84,11.39,1.27,136.0,Moderate
68.06,134.16,7.16,38.87,25.8,13.96,0.63,10.27,28.38,2.61,19.67,9.82,126.0,Moderate
64.1,138.43,6.93,44.84,28.62,13.36,0.62,16.12,36.78,3.63,25.25,22.15,131.0,Moderate
68.76,140.93,6.88,44.93,28.59,13.17,0.62,20.66,45.65,4.24,34.16,11.18,132.0,Moderate
71.7,142.41,7.93,45.42,29.77,14.25,0.67,17.59,44.23,3.83,29.95,1.78,139.0,Moderate
65.24,136.91,10.12,52.86,35.35,12.52,0.7,19.97,38.19,4.51,31.48,3.94,134.0,Moderate
66.79,143.42,15.13,63.82,45.22,13.84,0.94,22.51,31.99,5.59,38.44,4.12,132.0,Moderate
71.55,153.99,19.02,67.44,50.15,14.81,1.03,13.44,33.44,3.7,21.41,3.35,133.0,Moderate
69.7,146.69,17.18,67.01,48.67,17.38,0.97,13.01,32.47,3.85,29.59,6.34,141.0,Moderate
75.25,158.34,13.81,63.58,44.19,18.99,0.88,12.51,34.39,3.3,19.38,4.87,142.0,Moderate
73.03,140.13,7.3,50.4,32.05,17.23,0.78,8.17,40.43,2.17,10.09,1.25,148.0,Moderate
77.71,153.78,6.07,40.96,26.12,18.85,0.73,6.61,46.03,2.14,8.52,0.97,149.0,Moderate
76.5,157.71,11.3,49.16,34.49,17.3,0.76,9.93,40.13,3.22,20.89,4.08,155.0,Moderate
73.78,165.61,14.97,62.35,44.33,20.56,0.92,15.09,27.73,4.47,39.4,14.59,151.0,Moderate
74.7,164.93,18.53,71.55,51.58,18.51,0.94,24.2,28.57,6.74,51.33,16.8,146.0,Moderate
75.43,161.34,9.06,64.0,40.41,19.24,0.82,15.91,34.38,4.14,26.42,6.54,146.0,Moderate
75.77,143.85,3.95,47.6,27.71,20.95,0.74,6.42,39.24,2.5,14.29,1.66,153.0,Moderate
78.62,146.0,3.45,39.74,23.07,21.51,0.68,5.24,40.02,2.27,9.16,1.25,154.0,Moderate
72.03,120.93,3.27,37.2,22.02,19.45,0.62,4.84,40.0,1.79,7.86,0.74,154.0,Moderate
74.37,132.9,3.09,39.21,23.01,19.81,0.66,5.55,37.84,2.17,8.85,0.99,146.0,Moderate
75.13,145.13,3.24,42.04,24.66,23.37,0.75,10.91,35.6,3.68,26.28,4.9,147.0,Moderate
75.55,150.46,4.44,44.72,27.09,22.12,0.74,13.59,35.82,3.4,23.92,2.85,152.0,Moderate
73.51,156.89,7.91,57.06,35.9,22.61,0.83,9.96,30.21,3.69,34.31,6.64,150.0,Moderate
75.34,154.77,5.36,53.23,31.9,23.79,0.78,9.28,30.69,3.26,25.86,5.06,148.0,Moderate
78.12,159.37,4.02,51.49,30.41,22.85,0.72,11.05,31.88,3.2,23.24,2.45,153.0,Moderate
70.0,148.16,6.89,58.07,36.2,20.39,0.76,11.84,29.49,3.67,32.62,10.7,155.0,Moderate
66.4,129.97,4.63,46.24,28.09,19.07,0.68,6.44,33.19,2.46,12.2,1.3,132.0,Moderate
47.29,93.9,5.79,33.37,21.82,15.8,0.46,5.3,32.82,1.24,6.16,0.75,105.0,Moderate
60.93,106.81,2.98,37.74,22.14,18.07,0.53,4.71,33.93,1.64,9.02,0.84,105.0,Moderate
59.22,112.52,4.03,40.03,23.4,18.59,0.58,5.47,29.43,1.58,7.54,0.91,112.0,Moderate
36.51,80.89,2.97,29.33,17.72,16.06,0.46,4.8,26.51,1.01,3.99,0.51,96.0,Satisfactory
36.21,62.98,3.29,28.89,17.8,16.55,0.52,6.04,23.49,1.96,10.58,0.75,73.0,Satisfactory
51.29,74.22,6.08,32.05,21.7,21.41,0.55,9.21,13.14,3.67,27.18,0.92,72.0,Satisfactory
71.62,104.9,5.27,38.41,24.51,17.74,0.62,10.45,18.86,4.28,35.42,1.06,124.0,Moderate
64.42,114.66,5.12,39.62,24.96,17.1,0.54,12.83,29.15,4.02,35.12,0.87,136.0,Moderate
55.6,118.88,4.74,49.58,29.88,15.05,0.57,16.51,33.69,3.79,32.83,1.78,108.0,Moderate
63.8,121.95,5.22,51.35,31.26,17.81,0.66,9.26,29.69,2.71,17.9,7.33,114.0,Moderate
66.44,115.34,3.97,45.36,27.13,17.81,0.64,5.43,34.07,2.09,11.14,1.66,131.0,Moderate
62.22,117.17,3.93,47.27,28.11,16.59,0.64,6.77,29.72,2.03,13.09,1.43,118.0,Moderate
60.26,107.15,3.47,41.85,24.88,17.74,0.59,5.07,34.63,1.89,10.08,1.4,120.0,Moderate
63.75,115.35,3.44,42.48,25.0,18.18,0.64,5.28,38.6,1.94,7.39,2.79,110.0,Moderate
63.26,120.36,3.35,45.85,26.85,16.95,0.67,7.07,38.11,2.34,11.62,1.41,115.0,Moderate
68.06,130.57,4.64,45.84,27.64,17.45,0.71,6.27,34.76,1.91,12.52,1.36,130.0,Moderate
58.46,110.45,2.62,35.49,20.66,16.3,0.54,6.17,40.27,1.18,5.4,0.53,120.0,Moderate
58.24,133.58,8.67,48.41,32.58,14.22,0.64,10.22,29.95,2.11,18.41,10.15,114.0,Moderate
55.67,157.47,7.5,43.21,28.81,15.07,0.59,13.22,35.28,3.19,31.91,19.0,128.0,Moderate
58.82,162.47,3.61,39.43,22.94,17.78,0.54,28.83,34.46,2.59,26.09,1.17,130.0,Moderate
58.64,119.01,2.34,35.55,20.66,19.22,0.57,7.38,32.49,1.76,11.69,0.82,118.0,Moderate
64.14,119.19,3.96,46.13,27.17,15.79,0.63,5.18,30.71,1.79,7.94,1.05,122.0,Moderate
64.94,137.41,3.93,56.54,33.09,13.74,0.65,6.0,29.39,2.02,10.03,1.62,130.0,Moderate
62.79,128.51,5.08,47.79,29.37,16.03,0.68,4.32,35.52,1.79,8.47,0.98,127.0,Moderate
38.84,86.91,3.95,38.74,23.07,13.93,0.54,3.41,28.5,0.94,4.27,0.39,102.0,Moderate
48.34,103.18,8.06,46.78,30.37,18.61,0.64,8.0,28.7,2.12,19.35,6.88,91.0,Satisfactory
45.12,94.43,4.42,44.87,27.3,18.23,0.55,6.81,26.53,2.15,18.63,6.75,101.0,Moderate
65.14,136.33,10.09,51.92,34.94,19.36,0.73,9.02,34.67,3.47,28.29,3.58,109.0,Moderate
55.8,113.45,4.0,38.85,23.75,14.51,0.56,5.59,31.04,1.73,11.39,1.13,123.0,Moderate
35.07,79.95,4.53,31.3,19.71,12.87,0.47,3.81,22.5,0.86,4.36,0.53,87.0,Satisfactory
39.32,89.56,4.07,35.72,22.13,12.13,0.54,4.09,27.44,1.09,6.5,0.66,82.0,Satisfactory
44.63,107.69,4.93,43.43,26.97,14.51,0.64,5.25,29.65,1.31,6.53,1.03,94.0,Satisfactory
57.13,133.36,4.92,51.31,31.15,17.74,0.71,6.7,32.58,2.0,16.22,2.49,115.0,Moderate
46.64,104.32,4.04,39.75,24.27,12.82,0.57,5.81,33.16,1.54,11.14,5.77,114.0,Moderate
49.41,119.44,2.39,37.02,21.5,14.39,0.52,11.5,35.68,1.88,15.46,3.05,100.0,Satisfactory
54.83,136.81,5.65,46.58,28.73,16.45,0.58,11.07,28.01,4.61,31.48,6.78,117.0,Moderate
57.06,126.1,5.27,44.72,27.78,19.6,0.62,11.17,25.47,3.11,31.11,16.59,111.0,Moderate
50.34,127.96,3.77,37.89,23.07,14.67,0.52,9.8,29.24,2.25,24.56,5.3,112.0,Moderate
55.59,129.12,5.27,45.3,27.68,14.27,0.6,9.83,26.37,1.95,16.23,4.16,120.0,Moderate
33.05,72.5,4.5,30.47,18.95,12.6,0.44,3.78,23.5,1.44,5.96,0.6,85.0,Satisfactory
35.27,68.92,3.83,28.79,17.94,10.72,0.5,4.01,25.1,1.11,6.54,0.44,68.0,Satisfactory
40.97,95.61,3.81,34.92,21.47,12.87,0.6,8.92,33.65,1.62,13.82,2.04,80.0,Satisfactory
59.27,160.94,4.66,42.82,26.36,13.75,0.64,14.57,26.83,3.46,36.86,16.9,117.0,Moderate
62.5,160.54,6.31,51.51,32.23,20.35,0.74,20.09,32.22,4.28,45.07,16.55,136.0,Moderate
66.8,166.23,9.08,57.64,37.6,23.55,0.88,23.3,36.21,6.73,58.97,15.98,143.0,Moderate
66.34,154.68,4.56,45.68,27.4,19.37,0.67,13.99,32.16,3.23,28.93,6.32,143.0,Moderate
49.68,118.38,5.08,39.57,24.61,15.47,0.62,5.59,26.07,1.54,11.43,1.71,122.0,Moderate
45.2,108.68,5.39,32.1,21.43,14.75,0.44,4.96,26.28,0.92,5.87,0.62,102.0,Moderate
36.59,95.23,5.19,29.5,19.8,12.63,0.41,4.82,26.75,0.9,5.38,0.61,92.0,Satisfactory
40.84,105.87,4.43,30.23,19.1,12.65,0.41,5.24,29.0,1.15,8.04,1.89,97.0,Satisfactory
41.23,112.41,3.02,30.87,18.66,10.46,0.5,5.42,35.6,1.14,7.24,0.95,101.0,Moderate
41.63,110.33,3.87,34.6,20.9,10.64,0.44,7.95,32.13,1.28,9.19,7.52,101.0,Moderate
48.94,121.89,4.66,35.69,22.04,14.58,0.57,9.87,32.17,1.41,9.95,4.2,104.0,Moderate
39.06,110.0,3.66,31.2,18.97,12.57,0.71,5.68,33.27,1.73,6.18,0.67,101.0,Moderate
37.73,95.18,3.61,31.16,19.29,14.01,0.54,4.56,25.92,0.97,6.08,0.42,97.0,Satisfactory
39.82,102.44,3.39,36.09,21.62,14.37,0.57,7.62,30.19,1.4,11.28,0.91,93.0,Satisfactory
30.77,74.26,3.75,29.56,18.12,13.61,0.58,4.31,26.68,0.91,5.9,0.55,85.0,Satisfactory
41.63,94.54,7.42,30.7,21.63,15.75,0.58,4.37,27.83,1.1,6.0,0.47,86.0,Satisfactory
41.06,90.51,2.57,26.62,16.05,18.76,0.66,5.08,31.53,0.87,5.35,0.35,95.0,Satisfactory
36.35,86.97,2.47,28.41,16.94,14.34,0.59,7.76,30.83,1.3,11.6,3.13,87.0,Satisfactory
43.36,111.13,3.68,37.47,22.74,13.78,0.73,6.14,31.37,1.74,15.13,1.45,101.0,Moderate
50.52,118.89,3.99,36.62,22.14,14.17,0.69,7.32,34.52,1.83,14.78,1.22,111.0,Moderate
50.06,117.86,4.11,38.91,23.8,13.23,0.71,7.35,34.56,1.8,9.53,1.31,107.0,Moderate
51.5,123.44,5.91,40.1,25.55,14.37,0.74,7.21,31.57,2.18,15.13,2.13,113.0,Moderate
48.51,115.06,4.51,36.61,22.44,15.65,0.65,6.45,34.62,1.86,12.88,2.49,107.0,Moderate
55.2,136.99,3.57,40.49,24.28,15.37,0.74,9.55,36.1,2.24,19.35,2.02,114.0,Moderate
59.8,146.25,5.28,47.46,28.9,17.95,0.79,10.09,37.07,2.41,18.76,2.01,127.0,Moderate
59.21,140.7,3.97,37.75,22.57,16.4,0.81,7.18,41.34,1.83,11.34,1.41,132.0,Moderate
48.49,137.92,2.93,34.71,20.48,19.61,0.71,5.63,38.94,1.39,8.01,2.78,124.0,Moderate
37.8,115.93,5.39,36.39,22.71,15.9,0.56,7.18,36.69,3.26,13.07,4.72,106.0,Moderate
43.82,119.4,4.29,35.96,22.45,16.27,0.59,6.48,40.44,1.94,13.25,1.6,114.0,Moderate
45.6,116.3,4.55,34.95,22.16,16.25,0.67,5.57,36.41,1.88,11.7,0.97,106.0,Moderate
39.01,104.02,4.71,32.84,21.16,14.24,0.58,5.26,34.99,1.52,9.57,1.03,102.0,Moderate
31.28,84.24,2.63,27.38,16.5,14.06,0.46,7.11,53.76,1.15,11.96,2.32,93.0,Satisfactory
37.69,80.2,5.95,34.78,23.18,15.89,0.57,8.13,43.5,1.33,12.54,2.16,89.0,Satisfactory
33.48,79.56,3.5,25.54,16.22,14.29,0.48,5.59,41.68,0.85,7.16,0.99,78.0,Satisfactory
33.08,85.8,4.7,34.43,21.92,13.2,0.68,6.35,34.53,1.31,7.86,1.01,80.0,Satisfactory
40.63,99.2,6.5,41.49,27.11,16.04,0.75,8.36,29.18,1.51,12.75,0.88,91.0,Satisfactory
42.14,105.98,7.75,41.35,28.05,13.09,0.77,8.54,31.83,1.41,14.18,3.73,100.0,Satisfactory
31.45,73.52,3.62,29.76,18.56,12.4,0.51,8.56,32.91,4.19,10.04,0.84,87.0,Satisfactory
36.35,98.89,3.8,32.58,20.25,12.85,0.54,9.78,42.54,1.48,12.47,0.6,82.0,Satisfactory
32.69,82.36,3.97,40.08,24.09,12.16,0.63,7.85,46.0,2.26,15.23,1.73,91.0,Satisfactory
41.0,102.32,4.6,41.38,25.55,12.37,0.67,8.61,37.66,2.18,15.01,2.32,102.0,Moderate
37.57,97.74,3.48,35.15,21.37,11.56,0.54,6.78,39.51,1.52,9.0,1.34,95.0,Satisfactory
39.47,111.85,3.88,34.63,20.98,12.53,0.55,7.05,47.0,1.67,12.24,4.77,104.0,Moderate
33.26,87.34,3.07,28.9,17.74,11.91,0.5,5.59,40.01,1.02,9.89,2.03,91.0,Satisfactory
43.07,109.83,3.22,33.19,20.12,14.45,0.61,6.17,42.42,1.76,14.37,1.78,96.0,Satisfactory
30.74,67.2,2.92,30.7,18.5,12.78,0.51,2.86,42.07,1.13,8.95,0.82,94.0,Satisfactory
25.52,60.36,2.9,28.22,17.19,13.04,0.54,3.16,37.92,1.1,7.59,0.6,69.0,Satisfactory
24.77,59.67,2.78,25.56,15.12,11.97,0.5,3.73,39.44,0.75,3.95,1.29,69.0,Satisfactory
27.5,61.15,2.68,26.94,16.33,11.99,0.53,3.66,42.82,0.87,3.95,0.41,70.0,Satisfactory
34.65,83.12,6.98,38.86,26.08,14.05,0.77,6.3,45.19,1.55,8.79,1.54,96.0,Satisfactory
29.87,81.6,2.89,32.63,19.38,10.98,0.6,4.16,46.82,1.44,8.4,0.7,92.0,Satisfactory
36.16,98.68,4.14,34.65,21.2,11.81,0.65,4.87,49.41,1.69,14.14,0.87,102.0,Moderate
43.87,116.45,3.31,30.94,18.98,13.17,0.6,5.83,61.91,1.65,11.53,0.79,108.0,Moderate
51.92,134.45,4.83,37.2,23.05,15.48,0.71,6.0,54.12,1.8,14.25,1.71,124.0,Moderate
41.82,112.97,3.04,27.4,16.87,11.89,0.6,7.03,46.78,1.21,9.22,2.56,112.0,Moderate
39.66,98.53,3.67,26.75,16.3,12.63,0.63,6.19,48.48,1.25,5.41,0.55,103.0,Moderate
38.87,101.79,2.19,24.08,14.32,13.06,0.58,6.81,45.87,1.01,5.35,0.66,98.0,Satisfactory
36.43,111.66,2.86,24.25,15.02,15.53,0.56,5.57,40.78,0.92,4.44,0.41,96.0,Satisfactory
38.41,141.06,3.1,26.61,16.47,10.86,0.49,8.07,41.64,1.29,7.24,5.07,111.0,Moderate
36.05,146.83,1.46,23.87,13.67,16.18,0.43,9.12,47.23,1.3,4.57,2.54,119.0,Moderate
32.12,123.19,1.55,25.55,14.72,20.57,0.48,11.55,42.01,1.0,5.53,4.19,110.0,Moderate
36.53,126.81,3.4,32.84,20.05,27.01,0.53,12.2,36.18,2.19,10.37,6.5,106.0,Moderate
43.68,135.12,6.78,41.05,26.43,22.07,0.8,13.57,33.27,4.06,26.06,6.63,118.0,Moderate
52.95,152.18,13.86,54.4,39.49,19.48,1.08,12.38,33.49,6.25,35.39,12.32,130.0,Moderate
47.23,152.96,5.38,42.65,26.82,20.71,0.78,11.17,39.92,5.02,33.18,8.48,133.0,Moderate
46.82,139.1,7.03,40.85,27.2,21.34,0.76,11.69,35.35,4.91,33.17,11.33,132.0,Moderate
46.39,139.05,9.34,44.32,30.85,21.97,0.8,16.44,35.22,5.89,42.79,11.86,125.0,Moderate
48.29,136.64,1.98,27.81,16.23,20.92,0.72,9.88,47.78,3.01,28.16,5.02,121.0,Moderate
37.24,95.62,1.63,24.18,13.98,16.92,0.59,5.39,52.22,1.34,9.3,1.8,104.0,Moderate
41.34,108.46,2.28,26.81,15.97,16.18,0.62,6.61,52.29,1.82,13.6,5.55,109.0,Moderate
38.89,105.12,1.7,24.57,14.31,14.93,0.5,5.5,55.14,1.46,13.72,1.82,98.0,Satisfactory
42.5,110.8,2.31,28.26,16.76,14.87,0.63,5.83,45.58,1.76,13.49,3.06,110.0,Moderate
36.62,102.17,3.4,28.08,17.53,16.04,0.61,8.98,38.79,3.14,22.47,6.88,93.0,Satisfactory
43.35,123.1,2.41,25.97,15.54,15.96,0.59,7.43,42.46,2.35,23.06,6.91,109.0,Moderate
48.5,144.54,3.83,29.47,18.66,16.88,0.63,10.74,37.63,2.44,21.82,6.62,112.0,Moderate
55.84,158.9,7.38,39.35,26.81,16.8,0.84,13.51,40.31,4.49,34.93,6.16,134.0,Moderate
48.9,124.74,1.7,22.09,12.98,16.66,0.58,6.3,52.92,1.81,11.18,1.06,120.0,Moderate
43.6,114.83,2.23,20.39,12.46,13.28,0.5,5.97,53.16,4.23,7.83,0.62,111.0,Moderate
36.78,94.33,1.8,22.19,13.11,12.62,0.51,6.41,56.64,3.96,9.83,2.26,109.0,Moderate
44.73,111.01,1.73,21.49,12.57,12.13,0.53,5.38,53.87,1.07,6.1,0.39,104.0,Moderate
37.62,92.55,3.72,24.68,16.07,11.42,0.63,6.35,50.74,1.76,8.55,1.35,92.0,Satisfactory
46.56,128.82,5.68,33.57,22.03,12.5,0.68,7.62,41.11,1.99,12.41,3.25,112.0,Moderate
49.91,144.06,7.15,44.65,29.48,16.25,0.82,9.65,36.25,3.46,19.3,3.48,124.0,Moderate
41.93,124.03,3.57,32.43,19.84,19.38,0.56,7.74,38.17,1.71,13.43,1.96,114.0,Moderate
41.88,128.79,2.92,33.95,20.36,17.33,0.6,5.92,42.15,1.41,10.47,1.26,112.0,Moderate
52.22,148.7,3.2,41.52,24.53,18.68,0.79,7.43,47.71,2.68,20.27,4.26,124.0,Moderate
42.3,120.31,2.69,23.98,14.72,16.58,0.56,6.04,55.34,1.07,6.02,0.57,119.0,Moderate
39.47,107.63,1.69,24.28,14.16,12.37,0.59,4.32,48.05,1.17,6.15,0.47,105.0,Moderate
34.95,95.7,2.3,25.81,15.41,12.64,0.54,4.88,45.42,1.1,6.95,1.58,95.0,Satisfactory
44.33,127.37,3.35,30.78,19.0,11.35,0.66,5.89,42.0,1.62,12.26,1.63,111.0,Moderate
27.67,71.14,2.01,19.27,11.76,12.06,0.44,4.86,39.38,0.55,2.78,1.07,91.0,Satisfactory
24.01,54.95,1.65,23.84,13.87,12.54,0.42,4.5,49.99,0.8,4.6,2.79,75.0,Satisfactory
35.63,92.7,2.79,30.32,18.23,15.16,0.61,5.33,46.52,0.86,4.29,0.9,86.0,Satisfactory
35.67,104.77,1.72,23.98,14.13,13.39,0.43,4.84,52.02,0.9,5.41,0.38,103.0,Moderate
28.41,68.55,1.8,22.08,13.13,12.67,0.47,5.89,59.34,0.94,6.24,0.33,89.0,Satisfactory
32.08,65.33,2.93,30.99,18.87,13.21,0.69,5.04,50.4,1.44,10.11,0.71,78.0,Satisfactory
31.14,67.58,1.98,23.4,14.06,15.79,0.45,5.98,54.96,0.86,4.54,0.34,88.0,Satisfactory
23.71,54.49,1.79,20.71,12.49,13.74,0.43,6.06,54.44,0.51,3.12,0.18,75.0,Satisfactory
12.39,38.63,2.03,19.18,11.83,9.94,0.36,5.11,38.66,0.34,5.28,0.15,60.0,Satisfactory
8.7,31.33,1.64,15.47,9.48,7.84,0.32,5.25,34.8,0.18,1.13,0.2,48.0,Good
11.21,28.99,2.12,17.24,10.7,11.45,0.32,5.75,25.66,0.15,0.94,0.05,39.0,Good
15.94,40.79,1.83,14.46,8.74,7.89,0.32,4.75,25.63,0.17,0.86,0.06,40.0,Good
22.29,62.18,2.25,13.52,8.08,9.4,0.31,5.46,25.28,0.28,1.3,0.15,55.0,Satisfactory
19.58,61.02,1.62,9.26,5.0,7.41,0.29,4.29,25.32,0.28,1.19,0.05,57.0,Satisfactory
23.78,73.19,1.95,12.02,7.2,13.91,0.32,5.56,22.92,0.25,1.78,0.16,60.0,Satisfactory
22.29,62.52,1.87,10.98,6.91,16.79,0.32,4.82,25.52,0.28,1.91,0.16,60.0,Satisfactory
21.59,63.26,1.98,11.54,7.22,8.03,0.33,6.26,26.23,0.24,0.91,0.05,60.0,Satisfactory
18.96,56.2,1.96,11.05,7.2,10.23,0.32,6.32,27.66,0.31,1.45,0.13,54.0,Satisfactory
28.11,64.68,2.89,16.83,11.0,7.62,0.42,4.86,29.42,0.93,5.71,1.05,65.0,Satisfactory
24.75,40.82,1.95,15.01,9.47,11.75,0.36,4.34,33.89,0.65,3.9,0.79,60.0,Satisfactory
26.44,48.17,2.34,19.64,12.24,9.98,0.46,4.77,25.89,0.78,4.58,0.55,60.0,Satisfactory
25.45,48.67,2.43,19.86,12.15,10.58,0.48,5.04,31.78,1.0,7.41,3.04,62.0,Satisfactory
27.0,52.03,3.58,23.58,14.72,18.18,0.56,5.03,28.48,1.55,8.92,1.93,62.0,Satisfactory
18.07,38.92,2.21,13.79,8.97,16.82,0.29,4.29,25.99,0.41,3.19,0.45,60.0,Satisfactory
9.85,25.11,2.18,11.88,7.95,10.9,0.27,4.55,26.41,0.17,0.84,0.06,38.0,Good
9.89,21.02,1.94,9.71,6.9,7.43,0.34,3.51,24.92,0.16,0.7,0.07,35.0,Good
12.75,24.02,2.15,13.54,8.61,7.07,0.34,3.99,21.45,0.18,1.0,0.07,35.0,Good
18.55,35.16,2.28,16.94,9.97,15.94,0.34,5.0,24.0,0.32,2.43,0.16,39.0,Good
18.32,38.86,2.64,14.66,8.9,15.43,0.35,5.62,21.07,0.32,1.89,0.09,44.0,Good
17.75,29.98,2.93,14.34,8.62,9.48,0.36,3.99,17.96,0.22,1.12,0.09,36.0,Good
20.08,45.27,2.08,12.48,7.4,7.7,0.35,3.65,19.24,0.21,2.06,0.1,46.0,Good
17.71,38.88,2.08,13.84,8.29,8.77,0.36,4.07,18.73,0.36,1.19,0.26,49.0,Good
16.27,33.26,2.18,13.5,8.12,7.13,0.37,3.39,17.83,0.21,1.58,0.12,46.0,Good
15.95,38.56,1.88,8.82,5.39,5.7,0.39,3.28,19.48,0.2,1.44,0.37,42.0,Good
15.22,37.91,1.61,7.09,4.34,5.32,0.36,3.48,20.16,0.12,1.88,0.04,47.0,Good
16.51,44.22,1.98,10.33,6.2,6.61,0.34,4.35,16.37,0.12,0.28,0.02,36.0,Good
15.35,34.76,2.34,10.7,6.72,5.67,0.35,4.2,16.83,0.14,0.47,0.04,43.0,Good
12.67,31.67,2.39,9.99,6.38,4.88,0.33,4.32,16.24,0.08,0.23,0.01,36.0,Good
16.54,39.46,2.57,12.01,7.99,8.42,0.35,5.19,16.63,0.17,0.79,0.04,40.0,Good
18.41,39.59,3.63,15.07,10.1,13.38,0.42,8.4,16.69,0.26,2.87,0.09,45.0,Good
12.8,34.14,3.74,12.2,9.79,8.86,0.35,9.88,17.36,0.15,1.27,0.07,46.0,Good
14.43,42.52,3.72,14.78,10.4,4.83,0.39,4.59,16.68,0.48,3.49,0.29,36.0,Good
15.96,40.84,4.06,13.46,10.75,7.26,0.39,5.51,18.62,0.37,3.24,0.17,44.0,Good
24.07,72.98,8.34,15.32,14.47,9.23,0.43,10.41,18.08,0.62,4.44,0.8,60.0,Satisfactory
22.29,61.44,5.68,13.96,10.94,9.85,0.36,9.63,22.08,0.34,1.91,0.22,68.0,Satisfactory
26.43,83.02,3.1,14.91,9.98,15.54,0.41,9.44,25.61,0.46,3.64,0.31,70.0,Satisfactory
31.27,73.21,3.03,17.52,11.18,14.75,0.46,9.68,30.58,0.78,6.11,0.59,89.0,Satisfactory
20.12,38.84,2.58,13.94,8.86,14.52,0.43,5.41,30.44,0.55,3.96,0.22,64.0,Satisfactory
14.08,36.16,2.62,13.32,8.47,10.86,0.41,6.12,25.58,0.34,2.23,0.18,54.0,Satisfactory
12.01,37.69,3.63,15.41,10.45,9.86,0.46,5.78,21.49,0.43,3.31,0.31,48.0,Good
8.13,27.42,2.51,10.58,7.35,8.31,0.35,5.06,22.08,0.19,1.56,0.09,48.0,Good
10.24,33.46,2.75,11.32,8.04,6.89,0.37,6.43,21.22,0.25,2.22,0.09,47.0,Good
12.86,34.31,3.65,12.51,9.19,8.83,0.42,7.48,18.8,0.24,1.72,0.15,49.0,Good
14.72,37.9,3.89,14.61,10.63,20.96,0.38,9.89,15.66,0.29,1.64,0.06,50.0,Good
12.96,32.82,2.56,11.87,8.24,9.57,0.36,6.52,19.4,0.13,0.66,0.03,47.0,Good
13.46,32.98,2.38,11.57,8.08,7.3,0.36,4.07,19.12,0.16,0.66,0.08,47.0,Good
8.99,24.55,2.31,11.77,8.17,7.06,0.37,4.02,18.19,0.16,0.53,0.02,42.0,Good
8.48,16.54,2.8,12.12,8.76,9.02,0.3,6.56,17.98,0.12,0.55,0.03,35.0,Good
10.95,24.67,3.45,13.33,9.93,10.54,0.37,9.55,16.46,0.21,1.16,0.09,37.0,Good
10.31,22.89,3.84,14.94,10.97,6.75,0.42,6.72,14.78,0.13,0.58,0.02,41.0,Good
8.01,14.41,3.38,13.12,9.48,5.18,0.36,5.84,13.76,0.92,0.39,0.0,37.0,Good
6.75,12.53,2.95,11.92,8.49,4.52,0.33,4.24,14.61,1.36,0.7,0.03,39.0,Good
6.24,12.61,2.92,12.57,8.68,4.28,0.3,5.03,17.5,1.28,0.98,0.02,36.0,Good
7.95,16.23,3.65,12.93,9.21,13.28,0.33,5.9,17.12,1.09,0.6,0.14,37.0,Good
10.01,21.56,3.66,15.18,10.9,20.31,0.46,5.97,13.9,0.59,0.67,0.15,51.0,Satisfactory
9.72,20.37,4.1,16.76,12.04,16.85,0.38,5.86,12.08,0.09,0.62,0.08,46.0,Good
12.45,31.7,3.46,19.4,12.81,14.56,0.42,5.75,14.47,0.06,1.06,0.07,47.0,Good
12.46,36.39,2.33,13.58,8.84,13.47,0.36,10.95,18.47,0.08,1.26,0.12,46.0,Good
11.94,36.04,2.51,15.1,10.03,8.7,0.32,9.39,19.37,0.05,0.54,0.05,45.0,Good
17.37,49.51,3.48,16.94,11.86,11.66,0.37,11.43,18.34,0.1,0.7,0.06,50.0,Good
24.17,66.23,3.75,19.45,13.34,14.58,0.45,12.18,16.93,0.36,3.69,0.37,63.0,Satisfactory
29.79,83.11,6.46,29.89,20.72,21.21,0.42,9.62,13.8,0.56,4.22,1.52,72.0,Satisfactory
23.12,65.91,6.59,25.02,18.15,21.06,0.36,9.85,16.9,0.32,2.95,0.41,75.0,Satisfactory
19.11,52.66,4.92,21.68,15.07,23.05,0.31,13.65,15.36,0.09,0.97,0.03,58.0,Satisfactory
17.17,56.16,7.61,24.22,17.62,19.31,0.38,9.61,14.63,0.12,0.98,0.19,53.0,Satisfactory
23.03,78.62,6.0,24.44,16.82,19.41,0.38,8.87,17.03,0.28,2.3,0.16,69.0,Satisfactory
29.92,96.6,8.22,32.88,23.36,19.28,0.42,8.41,14.02,0.59,7.67,0.5,89.0,Satisfactory
25.94,75.83,7.42,30.57,21.82,27.35,0.37,8.72,15.29,2.03,6.69,2.63,85.0,Satisfactory
31.38,86.73,10.74,29.66,23.12,22.3,0.48,9.0,13.77,0.65,5.56,4.54,82.0,Satisfactory
27.23,79.58,5.89,23.96,17.12,21.82,0.53,11.3,15.79,0.29,2.94,1.05,75.0,Satisfactory
20.35,56.42,3.97,19.28,13.24,28.92,0.52,8.82,18.38,0.22,2.03,0.43,67.0,Satisfactory
23.71,61.82,3.87,16.82,12.13,24.21,0.43,11.22,18.8,0.37,2.99,0.23,65.0,Satisfactory
14.82,48.14,5.14,16.19,11.5,25.25,0.28,11.93,19.58,0.26,1.95,0.09,51.0,Satisfactory
14.89,36.89,4.84,17.27,11.82,17.83,0.37,7.35,20.59,0.16,1.21,0.06,51.0,Satisfactory
17.16,51.14,4.2,19.36,12.3,12.11,0.38,7.65,19.4,0.17,1.37,0.05,52.0,Satisfactory
18.86,65.41,3.16,15.9,9.84,11.57,0.38,7.78,22.29,0.17,1.43,0.07,65.0,Satisfactory
19.35,62.16,2.99,16.68,9.42,10.32,0.37,8.56,23.02,0.23,1.82,0.06,68.0,Satisfactory
16.92,53.81,3.32,17.85,9.95,10.29,0.42,5.76,17.91,0.35,3.5,0.15,65.0,Satisfactory
16.5,35.21,4.06,16.99,10.94,16.41,0.4,7.93,17.16,0.35,2.77,0.71,54.0,Satisfactory
13.98,26.77,7.38,15.96,11.37,17.6,0.38,6.72,13.47,0.14,1.27,0.6,41.0,Good
11.85,19.79,3.19,12.75,8.8,10.97,0.4,6.07,14.1,0.06,0.48,0.03,44.0,Good
15.72,31.72,3.76,11.79,8.14,19.91,0.38,8.25,14.05,0.1,1.44,0.02,38.0,Good
12.92,25.24,4.15,12.69,8.44,24.34,0.36,11.3,12.22,0.21,0.89,0.04,38.0,Good
12.2,22.06,3.48,12.34,8.08,12.93,0.38,7.72,13.7,0.07,0.42,0.01,35.0,Good
11.14,23.81,3.19,15.09,9.16,9.44,0.3,7.29,16.22,0.09,0.72,0.06,32.0,Good
11.92,26.23,3.32,12.37,8.05,13.51,0.28,7.28,14.98,0.08,0.67,0.06,34.0,Good
13.65,26.13,3.35,12.65,8.2,11.54,0.3,7.33,14.41,0.06,0.56,0.04,32.0,Good
10.31,23.28,2.43,11.43,6.92,9.23,0.31,6.93,17.15,0.06,0.42,0.04,33.0,Good
13.26,31.13,3.16,13.38,8.32,9.64,0.34,8.12,14.98,0.09,0.6,0.05,36.0,Good
14.98,39.67,2.63,13.26,7.91,7.77,0.31,6.41,16.46,0.08,0.6,0.05,39.0,Good
18.19,52.44,3.7,16.45,10.0,10.04,0.35,5.51,15.16,0.09,0.56,0.03,50.0,Good
21.73,54.59,3.51,14.72,9.09,14.77,0.31,10.14,14.9,0.11,1.1,0.05,57.0,Satisfactory
16.32,39.18,2.78,13.08,7.93,9.73,0.34,9.74,15.49,0.07,0.8,0.03,49.0,Good
18.39,43.73,3.62,15.41,9.61,13.02,0.36,9.21,16.87,0.17,1.36,0.09,48.0,Good
22.47,44.63,5.84,16.52,12.92,16.0,0.52,8.65,20.97,0.42,3.81,0.65,61.0,Satisfactory
28.23,63.7,5.04,15.93,11.68,11.85,0.38,10.36,17.92,0.3,3.66,0.41,65.0,Satisfactory
28.85,65.7,4.28,14.76,9.75,13.33,0.4,8.23,17.67,0.16,1.81,0.12,65.0,Satisfactory
25.01,47.59,3.95,22.53,12.46,11.76,0.51,5.48,25.02,0.67,9.42,1.13,65.0,Satisfactory
25.6,42.83,5.58,21.02,13.6,9.46,0.53,3.09,16.82,0.55,3.75,0.37,56.0,Satisfactory
20.54,35.92,6.52,21.37,14.45,8.95,0.48,4.86,16.03,0.34,2.62,0.27,53.0,Satisfactory
25.81,56.75,8.43,19.01,15.16,8.86,0.46,8.83,16.68,0.28,3.56,0.22,61.0,Satisfactory
27.01,56.52,3.81,22.14,12.62,8.92,0.48,2.91,19.56,0.42,2.71,0.31,61.0,Satisfactory
32.95,62.68,7.41,25.85,17.19,9.29,0.63,3.56,16.62,0.69,5.65,0.65,65.0,Satisfactory
28.07,45.66,5.77,25.87,15.9,9.97,0.5,2.65,18.13,0.52,4.74,0.42,60.0,Satisfactory
22.37,34.73,3.79,21.84,12.51,9.31,0.45,2.49,17.82,0.43,3.0,0.33,49.0,Good
20.4,37.11,3.86,15.21,9.51,7.87,0.44,3.49,16.42,0.64,3.08,0.31,53.0,Satisfactory
15.49,30.07,4.02,14.23,9.31,7.66,0.33,4.7,14.37,0.38,2.6,0.12,38.0,Good
25.85,47.6,2.88,15.5,9.06,9.7,0.4,4.62,17.95,0.37,2.75,0.16,44.0,Good
33.27,65.29,5.55,21.56,13.85,7.79,0.62,2.47,15.67,0.61,4.0,0.42,63.0,Satisfactory
41.11,65.51,15.6,28.89,25.22,8.47,0.82,3.01,13.19,1.05,5.04,0.6,75.0,Satisfactory
39.12,62.5,14.7,21.75,20.19,8.78,0.67,3.03,17.28,0.76,5.99,1.36,87.0,Satisfactory
31.98,69.4,3.54,21.43,12.22,11.43,0.53,3.8,19.45,0.41,4.63,2.33,72.0,Satisfactory
32.24,72.14,6.61,24.9,16.06,10.17,0.59,3.9,18.98,0.45,2.89,0.53,85.0,Satisfactory
34.73,70.39,6.64,24.27,15.95,11.55,0.65,10.07,20.09,0.55,6.54,0.24,81.0,Satisfactory
40.22,75.69,5.22,26.37,15.47,12.44,0.61,6.79,20.03,0.98,7.62,2.61,71.0,Satisfactory
42.99,65.7,5.95,26.42,16.14,13.03,0.62,5.33,20.61,0.72,7.8,1.32,82.0,Satisfactory
50.79,81.52,6.8,23.98,15.72,12.66,0.57,5.21,24.25,0.92,9.86,1.41,86.0,Satisfactory
56.9,83.53,3.72,21.05,12.16,12.32,0.57,3.4,23.99,0.83,7.42,1.94,95.0,Satisfactory
54.17,79.18,3.46,25.34,14.02,11.62,0.66,3.53,23.27,0.78,4.98,1.59,92.0,Satisfactory
39.07,64.26,5.7,32.44,18.72,9.82,0.63,3.94,19.34,0.75,5.37,2.06,80.0,Satisfactory
34.57,56.51,5.84,26.75,16.47,9.95,0.55,4.11,25.15,0.71,5.88,1.54,70.0,Satisfactory
34.91,61.3,5.38,27.6,16.34,9.07,0.56,3.6,24.66,0.65,5.53,1.31,67.0,Satisfactory
36.35,61.96,4.95,24.49,15.72,9.32,0.58,3.71,24.03,0.72,5.24,1.45,70.0,Satisfactory
53.22,94.89,4.48,24.54,14.37,10.4,0.56,5.04,21.06,1.09,7.84,1.84,88.0,Satisfactory
52.62,100.99,4.1,23.13,14.29,10.26,0.54,3.79,23.86,1.07,9.26,1.89,98.0,Satisfactory
59.41,104.37,4.49,28.52,15.26,9.63,0.67,2.95,25.33,1.59,10.73,4.68,98.0,Satisfactory
48.12,94.64,5.5,27.32,16.0,8.62,0.63,2.7,17.79,1.31,9.73,3.08,117.0,Moderate
24.3,52.38,4.01,20.85,11.59,7.35,0.5,2.71,18.67,0.64,4.38,1.78,64.0,Satisfactory
22.92,54.35,3.64,21.67,12.31,7.06,0.48,2.92,21.13,0.64,5.73,1.85,54.0,Satisfactory
28.04,51.18,4.17,23.54,13.8,8.1,0.62,2.68,18.41,0.67,4.0,2.23,63.0,Satisfactory
22.03,46.72,3.98,21.12,13.29,7.59,0.51,3.34,20.2,0.66,5.31,2.03,53.0,Satisfactory
41.03,71.08,8.21,27.1,17.71,9.75,0.65,3.63,14.93,0.99,8.65,2.35,71.0,Satisfactory
37.8,70.86,7.97,23.75,16.66,10.32,0.57,4.71,14.48,0.65,5.21,1.67,78.0,Satisfactory
22.53,43.48,5.57,19.81,12.99,13.38,0.6,8.3,12.59,0.49,2.99,0.53,72.0,Satisfactory
23.54,56.62,9.25,22.14,15.97,10.27,0.49,4.34,13.74,0.55,3.23,0.27,51.0,Satisfactory
18.81,42.64,4.68,18.42,9.9,8.98,0.44,2.59,15.61,0.39,3.21,0.27,52.0,Satisfactory
40.65,51.1,4.6,21.39,11.8,10.41,0.45,4.04,17.96,0.42,2.49,0.21,59.0,Satisfactory
64.09,94.5,5.52,24.01,15.71,11.32,0.59,5.25,20.95,0.64,3.3,0.28,126.0,Moderate
42.04,74.5,5.84,25.96,17.77,10.59,0.64,3.38,19.55,0.82,5.9,0.41,94.0,Satisfactory
40.41,72.97,7.5,26.24,19.03,10.16,0.98,2.96,19.73,0.77,5.0,0.49,82.0,Satisfactory
21.39,51.57,4.76,19.89,13.88,9.06,0.86,2.8,20.34,0.54,3.23,0.17,76.0,Satisfactory
22.51,54.11,6.53,20.95,14.98,9.79,0.46,3.41,19.96,0.48,2.65,0.16,54.0,Satisfactory
29.98,70.0,7.92,25.34,18.73,9.6,0.61,3.58,20.79,0.55,3.38,0.2,66.0,Satisfactory
37.22,84.04,5.0,22.49,15.44,11.06,0.59,5.34,23.74,0.61,3.9,0.3,84.0,Satisfactory
57.61,115.79,5.3,25.82,17.28,15.21,0.64,11.04,27.88,0.61,6.44,0.41,96.0,Satisfactory
84.85,157.6,6.75,36.15,23.28,23.37,0.75,13.54,28.26,0.78,6.2,0.48,155.0,Moderate
84.0,155.75,8.64,35.47,24.61,20.55,0.85,9.23,27.88,0.83,9.49,0.49,177.0,Moderate
70.7,125.56,4.46,27.89,17.71,15.01,0.65,6.2,31.05,0.62,5.76,0.22,155.0,Moderate
69.8,129.17,8.51,29.95,21.6,15.53,0.71,7.62,28.77,0.83,6.51,0.27,131.0,Moderate
81.35,146.94,4.9,29.9,19.58,15.9,0.67,9.4,32.63,0.79,6.0,0.26,156.0,Moderate
72.38,133.78,3.52,28.07,17.44,12.72,0.57,11.76,38.45,0.81,4.98,1.41,169.0,Moderate
60.06,122.21,5.61,30.62,20.55,11.9,0.64,6.83,27.21,0.74,6.35,0.29,122.0,Moderate
56.27,111.69,4.11,27.67,17.74,11.32,0.48,8.28,32.11,0.64,5.76,0.25,104.0,Moderate
62.64,120.38,4.36,32.29,20.36,10.87,0.55,7.01,34.16,0.96,8.01,0.37,123.0,Moderate
67.77,124.6,4.17,28.91,18.43,11.7,0.6,5.57,34.65,1.98,18.87,0.36,125.0,Moderate
69.15,130.32,4.1,34.06,21.15,12.01,0.67,6.04,30.76,2.15,17.02,0.84,127.0,Moderate
66.42,134.25,4.52,33.39,20.91,12.6,0.67,6.42,30.5,3.29,25.61,0.66,141.0,Moderate
70.79,135.59,3.95,30.37,18.84,13.55,0.66,11.76,34.73,4.22,30.21,4.54,131.0,Moderate
76.03,153.76,3.46,35.4,21.34,15.46,0.71,13.24,41.27,4.76,30.77,2.68,145.0,Moderate
82.72,159.66,3.29,32.85,19.65,15.59,0.68,9.84,44.86,5.01,30.64,6.97,165.0,Moderate
84.11,153.06,3.88,38.32,23.25,13.49,0.69,6.29,35.3,3.6,19.66,2.09,181.0,Moderate
78.63,137.03,5.37,38.44,24.57,10.53,0.7,4.59,30.22,2.58,13.84,2.11,161.0,Moderate
76.7,143.27,5.09,40.26,25.3,11.35,0.76,5.68,29.72,2.85,16.56,1.84,161.0,Moderate
75.82,146.29,7.29,42.14,28.07,13.8,0.77,9.06,26.43,3.94,25.89,10.22,159.0,Moderate
80.31,147.9,6.13,38.39,25.13,14.89,0.79,6.99,30.62,3.31,21.64,9.46,156.0,Moderate
86.18,152.32,3.74,35.5,20.55,12.62,0.72,7.34,32.54,2.06,12.21,0.99,163.0,Moderate
80.88,147.41,3.03,31.01,15.71,11.0,0.7,6.09,32.79,1.69,10.41,0.7,176.0,Moderate
71.3,141.73,4.68,38.76,20.13,10.22,0.85,5.83,28.08,2.78,17.32,3.6,154.0,Moderate
74.49,141.9,8.62,49.64,30.01,13.02,0.88,7.11,27.41,3.02,17.04,6.68,146.0,Moderate
62.42,117.76,7.57,44.76,29.05,16.02,0.79,5.44,28.58,1.51,9.39,0.5,129.0,Moderate
63.81,129.5,6.0,40.93,26.28,17.83,0.79,5.9,24.91,2.6,14.28,1.86,127.0,Moderate
61.97,115.41,7.3,32.04,22.23,14.62,0.7,5.92,23.4,5.02,24.32,6.33,127.0,Moderate
45.57,78.45,7.03,26.88,19.45,13.54,0.61,5.01,22.17,1.72,10.22,0.59,92.0,Satisfactory
47.66,80.56,7.56,36.08,24.79,12.29,0.75,5.45,20.1,1.44,7.89,0.3,75.0,Satisfactory
79.37,134.99,7.67,38.31,25.8,14.17,0.81,5.55,30.71,2.21,10.15,0.45,144.0,Moderate
82.44,152.49,10.1,47.96,32.55,15.47,0.92,8.32,27.09,2.88,18.28,0.69,172.0,Moderate
85.82,164.16,11.81,46.9,32.85,15.81,0.86,8.61,30.81,3.19,23.71,5.16,178.0,Moderate
83.29,152.67,10.13,49.14,33.08,14.05,0.82,6.63,33.25,2.05,12.27,0.78,186.0,Moderate
67.07,126.99,10.2,42.75,29.65,14.96,0.83,5.88,27.28,2.53,14.6,4.29,156.0,Moderate
57.77,111.21,9.93,41.58,28.47,16.72,0.89,5.62,24.99,1.58,8.23,0.29,119.0,Moderate
58.14,116.77,12.36,43.91,31.49,14.78,0.86,6.12,24.18,2.83,21.08,4.2,117.0,Moderate
64.73,122.45,14.33,45.83,36.44,14.38,0.92,5.73,26.62,2.04,12.16,2.33,125.0,Moderate
55.77,109.27,10.17,44.15,30.6,13.92,0.78,5.58,23.84,1.89,11.47,0.46,125.0,Moderate
31.86,69.75,8.63,32.41,23.17,13.97,0.61,5.87,26.76,0.98,6.4,0.17,85.0,Satisfactory
40.8,83.56,8.88,35.37,24.88,14.5,0.67,5.14,26.37,1.12,5.69,0.9,78.0,Satisfactory
43.43,78.64,7.88,31.45,22.09,14.16,0.66,4.87,27.3,0.82,3.42,0.07,87.0,Satisfactory
50.84,100.38,8.91,39.89,27.36,14.67,0.75,5.05,25.47,0.93,4.9,0.12,96.0,Satisfactory
69.16,129.71,13.06,45.94,33.48,17.47,0.84,6.06,24.37,1.48,9.42,0.3,120.0,Moderate
75.72,146.93,16.08,48.4,37.04,19.48,0.91,6.88,24.3,2.0,12.35,3.88,150.0,Moderate
75.66,147.41,12.24,45.84,32.73,17.5,0.92,5.69,25.57,0.97,5.65,0.18,147.0,Moderate
78.86,152.23,15.73,52.39,38.9,17.39,1.0,8.96,25.49,1.18,9.52,0.32,151.0,Moderate
82.1,156.27,14.3,45.79,33.96,18.8,0.84,7.61,31.18,1.01,6.8,0.34,172.0,Moderate
77.15,141.72,9.68,41.34,28.6,19.15,0.66,6.27,28.57,1.12,5.17,0.72,166.0,Moderate
74.42,132.56,8.99,41.57,28.3,16.81,0.73,5.84,30.37,1.17,6.71,0.52,157.0,Moderate
62.38,109.07,8.67,34.51,24.29,14.8,0.63,5.24,32.49,0.64,3.59,0.07,130.0,Moderate
72.06,123.2,8.46,33.0,23.25,14.82,0.74,4.73,34.33,0.56,2.35,0.05,131.0,Moderate
62.79,114.8,9.47,33.93,24.52,13.26,0.75,5.43,29.67,0.62,3.18,0.05,128.0,Moderate
56.3,119.06,10.23,36.66,26.15,13.04,0.73,6.89,26.83,0.68,3.52,0.04,119.0,Moderate
73.73,141.13,10.37,39.62,28.11,13.24,0.72,14.5,31.39,0.59,5.07,0.08,130.0,Moderate
80.23,149.05,11.11,44.53,31.18,13.85,0.79,10.51,32.58,0.84,4.6,0.09,158.0,Moderate
72.02,127.34,11.1,36.32,26.86,13.41,0.81,6.71,36.01,0.66,1.69,0.02,143.0,Moderate
47.37,82.17,8.73,30.94,22.41,14.24,0.68,5.25,30.96,0.68,1.91,0.04,107.0,Moderate
41.19,69.42,8.24,25.88,19.3,13.79,0.65,4.18,28.71,0.36,1.15,0.02,82.0,Satisfactory
30.8,56.0,8.74,27.43,20.49,13.76,0.61,3.83,22.23,0.38,1.55,0.04,64.0,Satisfactory
33.09,57.88,8.11,25.24,18.87,13.49,0.57,5.53,22.63,0.41,1.42,0.04,64.0,Satisfactory
57.96,106.32,9.94,29.78,22.36,15.35,0.7,6.3,27.61,0.53,2.84,0.05,87.0,Satisfactory
64.52,113.98,10.67,34.05,24.59,15.44,0.57,17.49,29.06,0.59,3.64,0.06,112.0,Moderate
56.86,101.12,9.19,36.85,25.69,13.85,0.75,11.39,26.58,0.54,2.94,0.08,125.0,Moderate
51.1,89.73,8.09,30.38,21.53,13.18,0.6,5.24,27.64,0.4,1.46,0.01,93.0,Satisfactory
40.04,74.46,8.75,25.03,19.35,12.15,0.45,6.19,26.31,0.41,1.32,0.01,82.0,Satisfactory
46.45,88.34,10.08,29.5,22.57,15.74,0.52,6.66,20.13,0.6,3.57,0.05,84.0,Satisfactory
74.35,129.65,8.75,29.58,21.49,16.41,0.52,8.8,30.67,0.49,4.03,0.03,123.0,Moderate
74.55,141.86,10.9,41.69,29.49,16.45,0.62,13.04,29.76,0.73,4.92,0.08,149.0,Moderate
67.37,137.74,13.05,42.49,30.97,17.71,0.57,14.43,29.52,0.67,3.21,0.17,140.0,Moderate
65.69,135.4,12.77,46.15,33.07,17.95,0.61,11.57,32.27,0.82,6.51,0.27,128.0,Moderate
72.24,139.44,4.8,40.97,25.37,23.48,0.63,5.04,41.27,0.47,2.26,0.08,134.0,Moderate
50.23,86.93,2.88,25.29,15.62,20.92,0.42,4.35,36.53,0.42,1.55,0.09,119.0,Moderate
35.28,65.41,2.81,22.05,13.92,18.35,0.38,5.35,33.42,0.27,1.26,0.02,76.0,Satisfactory
31.16,63.66,6.4,27.84,19.17,15.93,0.44,5.87,25.51,0.33,2.44,0.01,66.0,Satisfactory
35.01,74.36,10.46,29.5,22.59,14.58,0.48,5.17,25.43,0.21,1.61,0.01,69.0,Satisfactory
34.14,71.2,11.5,27.74,22.0,14.75,0.43,4.3,25.09,0.17,0.77,0.02,74.0,Satisfactory
39.98,83.38,11.41,30.46,23.89,16.02,0.47,4.75,25.95,0.2,0.99,0.03,77.0,Satisfactory
37.27,89.76,10.09,32.37,24.07,17.04,0.46,5.1,28.47,0.2,1.4,0.05,84.0,Satisfactory
38.79,85.47,10.0,31.8,23.56,17.7,0.48,5.74,27.79,0.16,1.29,0.05,84.0,Satisfactory
56.38,115.76,11.39,43.87,31.09,18.33,0.62,6.51,23.8,0.27,2.8,0.1,106.0,Moderate
63.09,128.53,16.57,49.49,37.99,19.87,0.66,7.58,21.9,0.37,3.09,0.12,125.0,Moderate
67.01,141.41,16.44,47.05,36.22,22.15,0.7,9.29,24.01,0.36,3.1,0.12,133.0,Moderate
62.52,138.48,16.82,43.0,34.1,22.36,0.63,8.08,26.27,0.32,2.77,0.16,131.0,Moderate
57.99,119.51,14.41,38.53,30.46,22.01,0.56,7.35,29.09,0.28,2.18,0.08,128.0,Moderate
51.37,105.71,11.61,29.77,23.94,22.99,0.45,9.14,36.31,0.24,2.23,0.08,107.0,Moderate
58.15,132.5,12.15,38.77,28.53,27.52,0.56,12.66,27.33,0.34,3.83,0.28,128.0,Moderate
68.2,149.58,15.2,36.66,29.56,24.9,0.57,12.68,32.23,0.3,2.88,0.08,126.0,Moderate
59.22,131.21,15.5,38.18,30.84,31.58,0.47,8.72,33.28,0.15,1.26,0.0,141.0,Moderate
38.88,83.63,13.41,40.69,30.19,44.44,0.4,5.26,23.6,0.1,0.64,0.01,99.0,Satisfactory
40.2,86.11,10.81,29.28,22.65,20.47,0.45,4.62,22.37,0.09,0.54,0.0,77.0,Satisfactory
36.94,79.23,11.29,30.21,24.72,19.85,0.42,4.14,19.82,0.15,0.92,0.05,76.0,Satisfactory
27.77,68.94,11.47,31.23,24.15,18.8,0.42,6.01,22.31,0.16,0.72,0.02,71.0,Satisfactory
32.73,79.91,12.03,34.88,26.52,18.89,0.44,4.73,20.87,0.14,0.77,0.03,70.0,Satisfactory
30.56,83.58,11.42,41.17,29.82,19.47,0.4,4.98,22.55,0.13,0.8,0.01,80.0,Satisfactory
32.21,85.67,10.06,28.37,21.89,16.24,0.39,4.61,28.54,0.08,0.42,1.45,80.0,Satisfactory
38.5,82.42,13.62,28.55,24.59,16.84,0.45,4.7,22.27,0.19,1.04,0.01,79.0,Satisfactory
41.49,67.47,12.81,27.11,23.16,16.83,0.49,5.98,17.12,0.32,1.5,0.0,82.0,Satisfactory
39.28,71.1,11.81,29.29,23.63,15.89,0.48,4.23,24.04,0.18,1.07,0.0,68.0,Satisfactory
42.7,80.0,11.16,29.93,23.38,15.85,0.49,4.72,30.41,0.16,0.9,0.01,75.0,Satisfactory
56.38,105.86,11.99,36.64,27.32,16.47,0.6,5.87,27.5,0.72,4.37,0.12,94.0,Satisfactory
61.85,130.5,14.13,43.3,32.56,17.28,0.6,9.22,28.73,1.6,9.64,0.37,122.0,Moderate
74.29,149.4,27.33,60.15,52.12,20.31,0.85,19.3,25.32,3.4,31.35,1.27,146.0,Moderate
66.96,142.86,28.85,57.58,51.8,22.58,0.8,13.19,27.56,3.77,29.6,1.27,154.0,Moderate
65.61,134.24,17.31,43.19,34.66,25.29,0.56,11.81,34.95,1.8,16.12,0.74,140.0,Moderate
59.75,138.05,18.42,44.99,35.83,24.82,0.63,10.93,29.88,1.65,11.19,0.35,126.0,Moderate
45.93,120.32,13.0,47.25,33.53,23.78,0.57,14.12,29.11,1.47,11.44,1.63,116.0,Moderate
49.6,116.05,12.41,44.57,32.04,26.32,0.58,8.36,32.27,1.38,8.41,1.07,112.0,Moderate
45.57,94.57,10.85,27.45,21.75,19.79,0.41,5.78,31.14,1.07,4.52,0.1,97.0,Satisfactory
35.27,76.37,10.0,22.96,18.73,17.45,0.35,6.09,32.66,0.83,4.01,0.08,86.0,Satisfactory
28.81,77.15,10.68,27.78,21.61,16.2,0.37,5.72,28.48,0.85,4.77,0.09,72.0,Satisfactory
25.6,64.14,9.89,24.85,19.69,15.89,0.39,5.8,29.68,0.7,3.62,0.07,68.0,Satisfactory
32.51,77.92,9.62,27.31,20.91,16.28,0.46,4.77,32.78,0.71,3.43,0.12,70.0,Satisfactory
42.14,107.78,10.13,28.15,21.56,20.99,0.46,8.89,31.4,0.7,4.73,0.1,86.0,Satisfactory
55.84,134.28,12.79,34.26,26.33,21.99,0.51,12.79,34.42,0.96,11.94,0.07,112.0,Moderate
38.49,108.25,9.06,33.43,23.77,16.36,0.41,10.07,36.84,0.88,10.68,0.0,108.0,Moderate
40.35,103.27,4.75,29.75,19.28,21.13,0.43,6.6,35.27,1.24,11.92,0.46,97.0,Satisfactory
42.44,94.49,3.45,25.56,16.14,21.76,0.51,4.91,33.3,1.81,8.26,0.82,91.0,Satisfactory
43.21,93.93,4.18,27.41,17.73,20.04,0.58,4.72,33.69,1.85,6.89,0.61,92.0,Satisfactory
48.6,98.66,4.74,31.95,20.68,20.01,0.59,5.26,29.23,2.41,9.2,0.75,95.0,Satisfactory
49.59,101.91,3.4,27.73,17.39,17.38,0.52,5.34,29.24,1.46,5.63,0.61,97.0,Satisfactory
46.51,109.13,10.5,29.56,22.73,20.08,0.52,8.82,26.06,2.23,8.69,0.77,106.0,Moderate
57.23,135.4,11.81,37.61,27.67,22.86,0.64,11.83,29.33,4.14,24.47,7.99,113.0,Moderate
33.87,85.6,9.46,23.4,18.67,20.08,0.44,5.21,21.86,1.52,7.51,0.84,100.0,Satisfactory
38.58,92.91,11.0,25.4,21.69,17.74,0.46,4.76,23.93,1.97,10.62,1.53,85.0,Satisfactory
33.94,68.49,9.05,22.05,17.67,16.43,0.46,4.69,23.97,1.65,6.78,0.75,77.0,Satisfactory
32.84,75.09,10.27,22.79,18.72,11.49,0.5,4.82,18.94,2.86,15.93,1.03,70.0,Satisfactory
25.67,60.08,9.91,21.21,17.74,11.85,0.44,4.35,21.56,1.78,7.31,0.61,65.0,Satisfactory
29.93,75.82,9.77,26.85,20.78,14.8,0.48,5.01,21.78,2.13,10.04,1.54,62.0,Satisfactory
31.53,86.96,10.01,30.61,22.99,13.76,0.58,5.55,21.14,2.89,17.29,1.09,78.0,Satisfactory
27.51,78.19,9.16,25.71,19.82,13.03,0.46,4.96,20.64,1.51,8.79,0.63,79.0,Satisfactory
33.45,83.27,10.07,28.19,21.84,14.14,0.53,6.01,20.47,2.05,11.43,1.88,75.0,Satisfactory
32.03,81.84,10.48,27.55,21.68,13.87,0.49,5.37,22.61,3.03,12.18,1.07,82.0,Satisfactory
27.86,68.18,10.8,28.5,22.5,18.46,0.53,4.57,19.88,5.01,9.98,0.84,71.0,Satisfactory
25.08,69.94,10.63,29.65,22.98,12.91,0.47,3.98,20.94,1.99,11.57,0.91,67.0,Satisfactory
26.32,68.45,11.32,31.53,24.45,11.78,0.51,5.34,20.74,1.68,7.24,0.73,67.0,Satisfactory
43.39,97.86,9.2,33.52,24.66,14.85,0.68,7.02,24.86,3.4,21.63,2.29,87.0,Satisfactory
33.71,72.83,7.05,25.04,18.77,11.25,0.52,5.39,29.44,2.05,10.16,1.5,79.0,Satisfactory
39.85,103.66,8.88,24.68,19.21,10.92,0.57,7.04,28.78,2.45,14.85,2.8,84.0,Satisfactory
38.0,85.6,9.58,20.45,16.82,11.33,0.49,6.38,26.93,2.88,22.98,4.11,102.0,Moderate
37.97,72.32,8.0,14.21,12.92,11.63,0.46,5.41,28.82,1.44,7.73,0.42,73.0,Satisfactory
28.75,59.24,7.76,12.33,11.79,10.04,0.4,6.67,28.26,1.03,5.44,0.21,66.0,Satisfactory
28.47,59.28,7.76,12.7,11.53,11.26,0.4,6.22,28.67,1.02,4.75,0.4,60.0,Satisfactory
29.0,60.99,7.92,12.23,11.39,9.25,0.37,5.14,29.13,1.05,7.17,0.18,59.0,Satisfactory
34.09,67.6,7.7,12.16,11.2,9.0,0.36,5.3,33.42,0.82,2.1,0.11,65.0,Satisfactory
36.17,67.08,3.67,11.67,8.47,10.69,0.39,6.39,36.97,1.03,2.93,0.12,70.0,Satisfactory
42.07,75.41,2.85,19.37,11.3,11.83,0.47,4.71,36.94,1.19,3.87,0.1,75.0,Satisfactory
34.79,65.96,3.05,19.35,12.19,9.62,0.41,7.11,36.78,1.04,5.76,0.1,72.0,Satisfactory
42.42,72.92,5.47,19.9,14.38,10.08,0.49,7.31,37.4,1.86,6.36,0.29,68.0,Satisfactory
47.96,83.65,3.72,19.98,13.07,11.07,0.65,6.64,35.46,1.96,8.69,0.28,87.0,Satisfactory
48.05,80.7,3.48,19.75,12.85,11.34,0.55,6.67,33.65,1.62,6.22,0.35,88.0,Satisfactory
38.13,69.42,3.8,18.95,12.23,10.45,0.51,9.04,31.37,1.54,7.82,0.42,73.0,Satisfactory
37.34,72.16,3.78,21.26,13.49,10.48,0.5,8.46,26.57,2.06,9.39,0.52,67.0,Satisfactory
30.18,57.17,5.19,16.71,12.2,11.57,0.44,8.36,27.81,1.16,4.52,0.18,66.0,Satisfactory
27.87,64.99,6.26,18.52,13.41,14.86,0.66,8.47,25.48,1.64,10.42,0.2,64.0,Satisfactory
19.76,39.6,20.04,22.67,23.9,20.62,0.8,8.49,34.09,1.19,5.02,0.13,77.0,Satisfactory
19.94,43.45,16.92,20.46,21.26,18.78,0.41,11.06,36.03,0.94,5.92,0.13,56.0,Satisfactory
29.36,61.5,23.69,25.74,26.47,15.14,0.51,9.14,29.65,2.22,15.08,0.31,59.0,Satisfactory
18.95,36.93,9.39,31.96,22.02,14.41,0.52,6.51,28.05,1.0,5.01,0.2,62.0,Satisfactory
23.99,43.01,10.56,27.24,21.24,13.54,0.38,6.21,23.3,1.17,7.4,0.35,55.0,Satisfactory
33.4,59.02,5.55,21.68,15.09,13.12,0.4,4.25,24.1,1.56,7.91,0.47,61.0,Satisfactory
35.21,66.35,6.95,18.03,14.06,13.2,0.41,3.48,29.34,0.94,2.5,0.14,68.0,Satisfactory
38.07,78.8,5.4,19.72,13.94,14.34,0.38,4.27,33.8,1.34,5.53,0.38,74.0,Satisfactory
33.99,68.75,5.55,18.3,13.43,11.99,0.41,4.36,34.56,1.08,4.23,0.22,74.0,Satisfactory
37.13,68.87,5.58,18.82,13.75,12.6,0.49,4.19,33.93,1.06,3.58,0.11,70.0,Satisfactory
38.44,75.93,6.43,21.35,15.53,16.41,0.51,5.07,29.02,1.16,4.45,0.23,74.0,Satisfactory
35.67,63.08,6.99,25.01,17.34,16.54,0.5,4.46,24.66,1.0,4.21,0.31,75.0,Satisfactory
30.21,61.21,7.75,24.42,17.97,17.69,0.38,5.75,24.31,1.08,8.07,0.23,67.0,Satisfactory
26.47,57.08,7.86,25.39,18.67,15.19,0.38,6.01,21.8,1.24,8.43,0.18,58.0,Satisfactory
22.83,42.44,8.29,29.99,21.48,22.58,0.5,6.64,20.2,1.35,9.0,0.14,54.0,Satisfactory
25.12,46.3,7.57,26.18,18.57,17.45,0.39,4.56,23.58,0.94,5.18,0.22,50.0,Good
27.57,62.7,7.51,24.7,17.87,14.74,0.45,4.88,23.42,2.7,13.7,0.41,53.0,Satisfactory
28.99,54.72,6.92,22.09,16.45,14.59,0.44,4.43,23.95,0.83,4.25,0.16,63.0,Satisfactory
31.76,72.38,6.91,24.4,17.63,13.7,0.46,5.65,24.59,1.81,12.8,0.28,62.0,Satisfactory
29.9,59.77,6.85,20.64,15.56,15.52,0.42,4.27,25.52,1.21,7.86,0.28,71.0,Satisfactory
23.51,56.45,6.72,21.98,16.13,11.94,0.44,3.83,26.87,1.37,9.49,0.16,56.0,Satisfactory
23.36,53.68,7.68,19.73,15.18,12.67,0.39,3.72,23.68,0.63,3.39,0.05,56.0,Satisfactory
16.03,37.73,7.11,22.21,16.46,10.4,0.41,3.67,29.77,0.69,4.17,0.04,51.0,Satisfactory
21.12,54.39,5.11,24.27,16.33,12.94,0.6,4.03,32.53,0.74,4.26,0.05,59.0,Satisfactory
22.69,53.46,5.72,22.43,15.54,13.87,0.64,4.27,27.21,1.04,7.93,0.08,67.0,Satisfactory
24.62,51.4,8.06,25.22,18.8,11.77,0.54,5.59,30.87,0.8,2.39,0.02,54.0,Satisfactory
33.03,80.72,6.32,26.32,18.2,12.42,0.49,5.04,30.42,2.04,14.96,0.39,70.0,Satisfactory
28.18,69.69,4.34,22.57,14.89,13.31,0.48,4.59,32.53,0.85,3.59,0.25,77.0,Satisfactory
31.36,75.39,6.48,24.86,17.35,13.46,0.45,4.17,32.74,1.03,8.28,0.29,71.0,Satisfactory
25.18,59.71,5.47,21.51,15.19,12.26,0.52,4.45,31.28,0.73,4.45,0.07,73.0,Satisfactory
26.84,58.71,5.48,21.67,15.26,12.1,0.41,4.3,26.6,0.82,4.84,0.21,59.0,Satisfactory
27.46,66.53,5.31,22.97,15.87,12.8,0.45,4.84,29.18,1.07,7.36,0.59,65.0,Satisfactory
29.56,61.16,5.26,21.1,14.83,11.16,0.37,5.41,31.69,1.28,8.87,0.13,69.0,Satisfactory
28.15,47.77,6.13,26.08,18.09,10.57,0.43,5.02,26.82,1.02,11.25,0.77,65.0,Satisfactory
38.65,82.55,7.1,30.29,20.61,13.24,0.53,7.01,27.77,2.84,22.77,1.02,83.0,Satisfactory
32.09,62.6,6.66,27.82,19.37,12.49,0.47,6.05,24.41,1.18,8.21,0.22,74.0,Satisfactory
24.1,54.77,6.12,24.07,16.92,9.87,0.38,4.61,25.87,0.81,6.06,0.31,64.0,Satisfactory
25.06,53.65,5.74,21.85,15.62,10.65,0.35,5.29,25.8,0.97,7.08,0.29,60.0,Satisfactory
24.12,56.89,6.46,23.33,16.59,10.57,0.34,5.38,27.84,1.34,9.9,0.82,60.0,Satisfactory
27.65,61.38,6.83,26.37,17.99,11.9,0.46,6.32,30.88,1.88,12.68,1.25,67.0,Satisfactory
32.47,72.72,6.68,28.5,19.68,12.15,0.49,5.87,31.95,2.53,19.15,0.84,70.0,Satisfactory
31.05,71.9,4.88,27.66,17.21,13.06,0.43,7.55,35.11,1.37,10.28,1.58,72.0,Satisfactory
42.41,122.45,5.65,30.17,19.56,14.39,0.52,9.4,33.8,2.55,19.63,3.74,93.0,Satisfactory
36.62,134.25,5.97,31.45,20.28,30.92,0.44,10.5,29.47,2.33,20.02,3.44,106.0,Moderate
31.59,118.03,7.65,33.69,22.31,29.77,0.43,11.4,32.1,2.6,18.13,3.68,109.0,Moderate
39.91,137.19,7.64,38.9,25.41,13.84,0.68,8.55,28.72,4.92,39.42,4.6,114.0,Moderate
44.09,147.59,6.29,35.83,22.82,16.26,0.62,8.65,35.2,3.68,29.38,3.02,122.0,Moderate
41.03,124.09,5.05,26.38,17.02,14.07,0.52,6.61,43.37,1.79,14.76,1.95,116.0,Moderate
33.07,97.27,5.23,22.72,15.57,18.83,0.44,5.94,38.23,1.02,5.27,0.38,102.0,Moderate
32.51,85.85,5.32,23.19,15.44,12.36,0.45,6.32,37.5,1.05,5.63,0.66,89.0,Satisfactory
28.66,90.2,4.95,24.26,15.94,8.61,0.44,5.46,40.38,1.77,10.52,0.85,87.0,Satisfactory
26.7,96.67,5.11,26.37,17.03,7.0,0.41,5.65,32.09,2.38,12.88,3.04,86.0,Satisfactory
21.07,79.56,4.82,24.05,15.88,12.99,0.34,6.1,30.78,0.84,4.94,1.45,84.0,Satisfactory
18.56,60.6,4.6,23.9,15.62,9.55,0.33,5.49,32.56,0.91,6.51,1.02,65.0,Satisfactory
25.17,60.07,8.9,27.75,19.32,10.88,0.43,4.66,25.41,1.04,6.34,0.74,67.0,Satisfactory
30.0,54.63,8.17,30.48,21.23,14.11,0.42,5.23,30.2,1.57,11.28,1.08,55.0,Satisfactory
16.47,31.29,7.23,23.75,16.75,14.73,0.33,4.36,29.86,1.01,6.05,1.83,79.0,Satisfactory
11.74,24.32,4.76,20.72,14.0,15.97,0.34,5.12,18.84,0.5,4.81,0.54,38.0,Good
13.93,28.72,5.38,18.89,13.16,13.38,0.3,5.56,21.39,0.34,1.75,0.26,33.0,Good
19.57,52.74,4.86,22.78,15.07,14.51,0.3,6.89,20.05,0.53,2.81,0.23,38.0,Good
23.02,74.58,5.54,20.88,14.47,19.79,0.29,10.04,17.59,0.59,4.03,0.57,58.0,Satisfactory
19.49,59.86,7.56,18.0,13.89,22.6,0.3,9.34,17.98,0.69,6.41,0.17,64.0,Satisfactory
20.2,68.79,7.27,19.5,14.29,20.52,0.32,9.69,16.57,0.69,4.84,0.51,54.0,Satisfactory
17.96,56.02,6.01,19.43,13.92,21.26,0.31,9.15,20.04,0.76,5.52,2.76,57.0,Satisfactory
20.26,42.43,7.09,21.57,16.09,15.23,0.28,5.72,17.59,1.2,8.26,2.59,48.0,Good
19.96,45.14,7.54,23.97,17.06,19.95,0.27,6.7,13.48,1.24,8.63,2.73,42.0,Good
17.19,35.96,5.99,21.01,15.04,23.05,0.28,6.02,15.47,0.8,3.5,0.39,42.0,Good
9.87,23.48,5.26,19.35,13.7,10.64,0.29,5.32,16.2,0.43,1.65,0.16,38.0,Good
9.8,22.79,5.45,19.97,14.15,11.98,0.26,6.34,17.74,0.38,3.14,0.11,32.0,Good
13.53,31.78,5.84,19.95,14.57,12.69,0.31,6.19,15.24,0.42,2.91,0.18,33.0,Good
10.31,20.76,5.49,17.7,12.66,9.12,0.31,5.28,13.05,0.29,3.21,0.21,31.0,Good
10.31,20.97,5.89,18.86,13.65,9.94,0.28,5.7,14.37,0.48,1.66,0.22,29.0,Good
14.04,33.09,5.66,18.92,13.77,9.71,0.26,5.94,13.99,0.37,1.48,0.32,30.0,Good
20.19,55.14,7.31,20.73,15.44,18.62,0.27,7.96,12.04,0.64,4.58,0.49,37.0,Good
22.5,63.77,5.78,19.96,14.55,20.92,0.26,7.71,13.86,0.66,4.44,0.85,52.0,Satisfactory
24.0,72.01,6.08,21.8,15.65,27.63,0.25,8.15,14.47,0.68,6.62,0.43,56.0,Satisfactory
22.91,68.3,5.72,21.71,15.23,20.05,0.26,7.86,15.94,0.83,4.15,0.91,60.0,Satisfactory
22.36,56.6,6.71,22.45,16.53,11.81,0.32,6.56,16.49,1.34,7.24,0.47,51.0,Satisfactory
21.25,45.4,7.2,24.72,17.75,7.3,0.36,5.26,20.81,0.93,6.44,0.54,51.0,Satisfactory
22.41,46.29,7.13,25.42,17.73,8.93,0.35,5.16,23.48,1.13,8.52,0.66,52.0,Satisfactory
27.05,54.96,5.71,21.78,14.59,9.63,0.34,5.03,24.41,0.76,4.55,0.59,52.0,Satisfactory
23.29,44.2,6.38,22.64,15.39,9.34,0.36,5.39,24.22,0.88,6.72,0.95,58.0,Satisfactory
15.8,32.18,5.79,22.73,14.89,11.09,0.36,6.36,22.25,0.82,6.48,1.11,49.0,Good
20.24,44.74,3.96,27.59,17.09,13.09,0.38,6.29,19.98,1.31,10.83,2.71,47.0,Good
19.38,41.95,2.63,24.58,14.59,10.8,0.39,5.3,17.4,1.45,13.07,2.51,46.0,Good
26.83,66.5,2.94,27.18,16.13,9.32,0.43,6.07,13.2,1.31,16.51,2.62,48.0,Good
15.950787548968002,40.816968872420006,3.0328117099321394,13.920622551599939,9.824148671284126,7.55019220750796,0.3577564213880044,5.159926860784047,21.84896408671556,0.2778754896800125,2.143718327192149,0.11933151932400687,42.15750979360025,Good
12.295661160087034,36.27938731928935,2.386886521508335,14.060375070514826,9.216083114416211,11.962507180029133,0.34735855077592565,10.4569834802611,18.754432607541673,0.07051891308194423,1.0324539139666615,0.09787746385786987,45.68396376939814,Good
17.278297671220173,46.56512743834219,6.825915906161144,26.93158102603845,19.261645767809682,11.887201856147232,0.30304893013660517,6.751035163702251,12.832931717795768,2.6996279109747845,10.103845578756642,3.335665119877306,48.768297671220175,Good
10.273103953309153,33.52733007452709,2.8768049736926886,11.229665483342819,7.845303867825827,6.742434919994791,0.35765615300336656,6.306561530033665,21.614442019937876,0.23765615300336657,2.151547757564124,0.09280541977196213,47.16832518631773,Good
9.852229936114993,24.881989032241933,2.16662038331004,11.759025965761614,7.891464176981426,10.706553042024332,0.2739023882012383,4.492021661010174,26.3269348797165,0.16944251597125168,0.8321952235975234,0.060557484028748325,37.8327547913755,Good
16.60880239950124,42.069237534849535,2.9665455783385943,20.70132801066445,13.272801066444996,10.811088490564698,0.2739840319933499,6.467568863820447,17.408272789169295,0.2512481706311994,1.9342887571759473,0.21132801066444995,40.20319360133002,Good
14.701930072848832,29.36389531145015,3.9018025969960557,12.117236762298589,8.249078920766197,21.52073206331417,0.3727280719489202,9.358969027789666,13.384618583326201,0.13999560428093877,1.2400219785953062,0.027271928051079773,38.0,Good
13.2083387343058,33.422233854283505,3.315594815066431,13.642598513257145,9.54829126957168,8.768294281351544,0.44189557758493603,7.372512619128496,19.815158597119762,0.232037971787296,1.75981014106352,0.161943042319056,49.1990507053176,Good
15.95354336684766,40.82385841711915,3.340085403514049,13.782831657617018,10.101108368189793,7.463383944298721,0.3674017839668087,5.264647940211066,20.8830499198953,0.30543366847659636,2.4716606548714966,0.134488517662128,42.70867336953193,Good
15.74250232166182,34.1200505625079,2.2717387266675093,11.894572283318587,7.317286141659293,6.292884119158977,0.3585326591665613,3.854427303754266,17.256632958328066,0.16986430708296468,0.943562583744154,0.07413063666624534,44.2798988749842,Good
21.525752679253213,34.402324099253526,4.04700070646782,21.95436531437818,12.815830840696707,9.53873062875636,0.4384349682089481,2.9872963670152326,18.389256564826223,0.48011513776122494,3.4471812292540074,0.43023027552244997,49.0,Good
21.169351900233263,45.70989426820512,2.2310366586111976,13.050163386257271,7.7134010666182355,8.077591646527994,0.35943979116319985,3.833131948566077,18.996453387989444,0.24020733172223951,2.190269118052158,0.11132774939583982,45.622408353472004,Good
15.304619184272319,39.29248514280456,10.026657100937694,26.687470794211098,21.020761631455365,13.682750152580596,0.3035872104851209,7.471892396322846,10.317735803987135,0.8010319737871978,3.820982578247055,0.8376163145536268,48.0,Good
15.956465885358453,39.53855266927867,2.5924436197939054,12.477575412373033,7.960075173608126,8.176860785566022,0.3350375868040629,5.646353602476081,16.566409743917266,0.13633457030914156,0.7189285373192988,0.04374060329898427,39.62593967010157,Good
15.184298790639888,41.15170419708308,8.990966516640555,26.68518600911163,20.36712810070114,14.128640170517384,0.29461280531313805,7.653097557494896,9.629393265272302,0.7597195162559551,3.698945126882231,0.8503140146732504,48.35914631245746,Good
18.535981090697042,41.10701230782874,2.08,13.36601928972659,7.979821446953431,8.397088705887834,0.3565148477185779,3.9236236041802712,18.907742766352527,0.30772271577866817,1.4932082484837244,0.2042375634972461,47.954454315573365,Good
9.921504566871565,31.024107147382416,1.708205838759326,16.034248302463514,9.792093383413885,7.980545364716186,0.36340371557411655,5.5992965681917,32.547140477343476,0.1841336871975349,1.2932806443026288,0.20206684359876745,48.41336871975349,Good
16.10437667639268,40.42563170066289,2.032731234217639,13.788795238063223,8.53452915450915,8.0351993974802,0.328218833819634,4.870542896021299,23.164349854109794,0.17,0.8408227210875207,0.05452077745357732,40.0,Good
15.511833851723901,38.26265561230715,3.8342068288758226,14.708710995065852,10.516267766554563,19.333414472610524,0.38858356478833495,9.570262211634523,15.881026793299625,0.2835623264087488,1.9039446172413002,0.06643767359125122,48.92705440145813,Good
12.892582859104506,31.466280095056895,2.6804894940855415,11.26890829214284,7.111882621462273,6.675753236165165,0.3337725908322798,5.753584516266308,15.76465355513275,0.08377259083227975,0.3695858607943511,0.025090363329119035,36.0,Good
12.857662212061385,34.30337626750726,3.653506681907921,12.497921428983828,9.21337787938614,8.831168893969307,0.4172725807382836,7.573511517544561,18.743893089473264,0.23649331809207896,1.7024665904603948,0.14688294941518132,48.8831106030693,Good
19.585269844626485,52.24754751079588,4.077420462892681,22.932698446264844,14.829499947132872,14.18933326284383,0.3,7.7374763767698775,18.255793256388095,0.5910793785059372,3.7529129056854047,1.6577304725762807,39.14523834698632,Good
21.196069408196426,56.741380513844845,6.085248920629296,40.1049065419185,8.410712501013167,34.58609547732901,0.13394530082885803,4.009533251250966,14.85106289091328,0.10086963801995616,0.8208057785418454,0.13404192727551983,47.317228925556364,Good
15.06900584476652,41.960401860280555,8.386502071847325,26.304719287729515,19.777487034663057,14.962043464973446,0.28967167906142227,7.692626567508622,9.940684219130397,0.7136023379066079,3.642945696029452,0.9606658342949027,48.68855472923852,Good
13.76123797257934,33.41022770668434,5.269613000970963,20.98671691039737,14.793530040160029,12.967485567095206,0.2945841351613774,6.48290143193383,14.600241609197163,0.5664507159669148,3.4958028638676586,1.8410594363615855,33.0,Good
8.403812244683401,26.506231229951908,2.446322733794558,10.95887973392238,7.611076791442312,7.912017086215988,0.35636772662054417,4.728878215731701,20.841477172304153,0.1804484100691837,1.2320620790419734,0.06771295682809528,46.089682013836736,Good
19.437719081512533,46.186153524708644,4.16362498277857,22.616280091858805,15.096874397249936,13.355094236505408,0.26021873708392723,5.326937680825019,16.733468151555293,0.352968771526788,3.229781262916073,0.3363750172214304,47.31875086107152,Good
15.50641671694154,35.75063920729643,2.2200805170114846,10.209894286916501,6.373276277446249,5.677820835847077,0.36042778112943613,3.960161034022969,17.52084049982514,0.1556416716941542,0.7228736923888259,0.12602919431784804,42.7393054717641,Good
12.919254308725439,24.078872438974162,3.4155151309418574,12.493771610830956,8.139524494515209,12.240507938532165,0.3403170036565275,7.526545392825572,14.052186592548319,0.06503962545706594,0.4894452436010769,0.024881123628802185,33.511887637119784,Good
14.514370775876026,28.2901927244749,6.26826309846482,14.679352795745388,10.378035858574965,18.309423271421622,0.38,7.189877751201332,13.648123591958676,0.1277156143476776,1.3222086390223704,0.4218764080413248,40.07867107607582,Good
14.000410942206905,31.403581255861262,2.5552054954813714,16.217964720661307,10.362994111984245,8.62798434738049,0.4916829735101483,7.128101766404727,22.12348331728869,0.2139334641781279,1.8503326791093604,0.18909980373280816,49.651663395546805,Good
11.858548707300036,26.131171116894905,3.328235740258758,12.43081777421852,8.16910147451127,13.321845011011451,0.2857016663329864,7.423808695287544,15.073760735253554,0.08823574025875805,0.7010424055907034,0.06190055544432878,34.19005554443288,Good
14.958447520328395,39.78168103102559,2.6727130960764542,13.319563216546982,8.007573953422359,7.6547921995736,0.3131349061340517,6.338680885450324,16.468620991868644,0.0956745306702585,0.7132484840926177,0.0594047184021551,38.88244101997306,Good
17.418004190523696,41.03446555531041,7.648594444497737,27.658205396828443,20.310389047669297,13.131651555674932,0.3265643174627537,6.347202253935669,12.405950222239277,2.1350186030948164,11.524650508044008,3.321098507890524,48.58205396828442,Good
15.761420856309096,32.10446268504218,5.666157706807345,22.583139898386722,14.763564150928966,11.006682017407035,0.3655113062415579,6.378803280118257,22.303492089991593,0.7998999419425534,6.332167314932329,1.080822496368223,49.03241944847975,Good
13.858783129948852,34.097921066139406,5.029001612792831,21.424044365937355,14.887823692283892,13.084539755938623,0.2880811246700765,6.606458631268547,14.330366673808175,0.6282293156342732,3.742917262537093,2.541758816799257,33.0,Good
15.297295871730757,37.96208336442076,10.539288978847049,26.126016832691327,21.03540825653849,14.312555031154947,0.30846941884616236,7.283927374422749,11.71648849942552,0.7888264528845941,3.90398012038476,0.9840825653848712,48.0,Good
15.48155894479992,40.06830166259988,3.538033894925074,21.24797923963755,14.1884957104876,10.275372312124954,0.2656852028374996,6.774220527600041,16.205411926399893,0.385332697850015,2.25422052760004,1.1851441587250942,42.72591886500017,Good
12.586609125629385,25.437293676000685,4.610259610432898,20.432037712370956,14.040314720268066,12.716026149791823,0.2996852797319341,5.747757787031312,17.031596833689616,0.4366482967216107,4.3550195855461125,0.3729818731751555,37.424075424741915,Good
19.40932338429986,42.07040799210152,6.808230143064622,22.460929452405196,16.414706216087435,15.798906758764764,0.2880505673410108,5.813923285645126,16.88960064133206,1.0819250123318418,8.734983473119637,3.040831771096604,48.0,Good
6.466010821077765,12.839841512960438,2.978737275534334,12.640229351182356,8.782151783537973,4.394920756480219,0.3076613837653479,5.133428680832197,17.02244041195998,1.2340316974079124,0.9046630596407452,0.01744620541155069,36.127689729422464,Good
11.272469239965885,24.10998618265847,4.885008224608052,20.377477464573936,13.92499506523517,14.637412325678163,0.3274991775391948,5.170003289843221,18.179956574069482,0.4824988485548727,4.019948020477109,0.44499374929788027,38.0,Good
14.709853418521597,28.846307138897647,5.861569324684954,14.210868531474105,10.015157159870828,18.56894333148557,0.38,7.361767661113817,13.713284472840533,0.12322176049375641,1.3413075179015352,0.3567155271594677,39.74163203703173,Good
18.114931376924126,43.12538056280423,3.5083779500561665,15.100381694798653,9.386755900112332,12.582813637719985,0.3573423321441944,9.280428198178848,16.68662091794942,0.1567116607209722,1.2855853000374444,0.08202699643258332,48.132883392790276,Good
10.498498651635174,33.98575996942747,3.740181275755072,10.614605374351475,6.519677421738894,5.737709400338124,0.27361067227163016,5.466106722716302,24.30007715422927,0.1536106722716302,1.6854773644154037,0.11190666539281133,48.31439992356868,Good
13.17291267137776,25.60505319547922,4.920667857122799,13.470211731514413,9.139088799185696,22.731857165013107,0.3647719371958068,10.207226382160243,12.518246074737926,0.19329821981467618,0.9806668067203292,0.1736142414825905,38.71579057937102,Good
13.640635466694262,26.280162513247376,6.345898639077794,14.913092430273805,10.43194520510772,19.757846183472346,0.3735968955980049,8.186310908056875,13.069805974875308,0.1624108654069828,1.1483410163620935,0.4207130767441376,40.03953433970074,Good
12.997532482731057,31.529820985097103,5.31717098872291,21.286767339140805,15.162909858222651,16.94250620864055,0.3090136859328938,5.920179014902897,14.514394525626843,0.3855598545968448,2.1846613158800094,0.1365917884402637,47.0,Good
13.172530321548217,25.604501313178087,4.919502772264854,13.469032218361013,9.13803192654366,22.734288332797178,0.36476472304807955,10.208878421989775,12.517795190504975,0.19332346933172143,0.9805297379135122,0.17341224534622848,38.71470845721194,Good
11.730110006103336,31.468145208056406,4.995239461458486,22.380196309673437,15.323907594873196,15.910700636436216,0.3024454222764741,8.976070403906135,13.127554577723526,0.6798036903265637,2.7367033353677788,0.27956337821179283,37.75545777235259,Good
11.418176574297412,22.62298242059169,2.0522087694414184,11.756474223622059,7.8136999797372635,7.237642109528998,0.34,3.7664771872946705,23.065883666848947,0.17068654947061127,0.8602982420591689,0.07,35.0,Good
18.305735876447017,51.99114174218683,4.134621730975139,23.03071521484431,15.123878919415878,13.435639647279752,0.2699312238136616,6.238115589987936,16.502159514757416,0.4005502094907076,3.1093122381366154,0.29489683572049236,47.51031642795077,Good
19.96402150999286,53.70230926185114,5.556718612013584,21.68456431123705,15.050381913780797,16.691390473214945,0.2816885425865761,8.408060799152084,13.329635865385562,0.6594809043109602,4.852732660353443,1.8458709400428281,38.55847234487681,Good
12.575270349018622,27.87973642427529,6.516091264646453,17.891503270099395,13.484118124726974,21.252297092551583,0.33083446221565177,6.3196520494703075,14.207483066765224,0.5192770057649722,3.1242431392954195,0.4384560901371415,45.214188952944134,Good
19.465987002959203,42.2289578351816,2.7629798999252784,24.880954510357206,14.839962217904658,11.028965391600668,0.3890001511283814,5.3989850382902445,17.657961008877606,1.436002115797339,12.846033852757426,2.5299969774323725,46.09998488716187,Good
12.701556325080947,31.641117939756423,2.4311836784954743,10.17131515597358,6.483761475689896,5.134590012517476,0.3305348529674737,4.523244127640002,16.172608526098315,0.08053485296747369,0.2497895597965265,0.012139411869894756,36.0,Good
16.65321676174541,36.35300201372211,4.130429496046595,23.118791293143037,15.308391619127296,21.161673251140098,0.2224875101870081,5.473631346776577,18.307282830774266,0.5124375509350405,2.829020952181761,1.559420626197502,43.9170829937664,Good
10.673927925784923,30.0739848620361,5.896514836663533,22.628985866370662,16.211100542340663,13.450969924939109,0.2930571371180882,8.30011387250235,13.136942862881913,0.4310141336293374,2.3846426419283078,0.20445709694470562,38.69428628819118,Good
18.402901896190745,41.059307488515664,3.6264509480953726,15.190667764757325,9.926096456673266,13.25223413143342,0.39870568857223676,8.687473204274804,16.75388293428329,0.22805853285835515,2.3340931624012917,0.09,46.06471557138816,Good
12.935598451028701,34.117331947664,3.5774254870124462,12.755802963630464,9.267758406772378,8.816608274389202,0.4247519026360898,7.4566724779682865,19.020315485855072,0.23827203540505826,1.7286398229747086,0.15259194689241262,49.043199114873545,Good
17.404754402759583,40.09100664814233,3.801311950655119,15.929792054231353,10.93070134562954,13.451110621026654,0.37798008757515944,8.270707961769721,17.307369482549582,0.2923230095575697,2.79565707801759,0.1287876114690836,44.676769904424305,Good
7.35797639654973,13.437139385328168,3.1574840083463362,12.49902513957117,8.967695740146217,4.838463826764143,0.34447562848927926,5.012033519428228,14.199857192803753,1.1476907821572373,0.5504185056107809,0.015524371510720725,38.03495810071472,Good
14.636796966784411,42.92366454655789,6.513755816384464,15.82250043478339,9.573819526030587,7.3816738421347665,0.2784656447097971,5.530278973689128,21.626357849413196,0.37506974342228194,2.540375407725091,0.30181332897933066,46.53487171114097,Good
12.904862039570633,31.536744942087587,2.5257535902482733,10.343125903467902,6.624023324802111,5.111530663122822,0.33,4.351648076254199,16.084258151064862,0.1049853233585779,0.4273840545327654,0.01916128523147856,36.166568822390516,Good
15.307248875582246,39.770212397441284,9.84257870924281,26.889080461305493,21.01550224883551,13.456596699926882,0.3018340829451696,7.53938780661097,9.815464763791097,0.805414792637076,3.7911794100678833,0.7850224883550887,48.0,Good
16.336948842623602,40.053801607450076,6.847270840707499,24.1911685259547,17.86629447034705,19.669397564719308,0.32807322777703357,6.708587381455186,14.208875614846567,0.8021708648130783,7.2406985130778185,2.5530433611818104,48.0,Good
6.085963497076444,15.519871888034285,5.287018251461778,11.105738851802823,5.100480869205052,4.451407511624672,0.145537030523458,3.189666549422244,25.522167428755413,0.041074061046916015,0.5135556337185039,0.11429624418766407,46.8925938953084,Good
14.059145510552181,33.71116545347075,5.3834537364685024,19.711347769490132,14.063564495133436,10.497093211589648,0.2621272789502423,6.154855173974472,13.902781563040067,0.4614729948604185,2.1075472903214756,1.2070753222510346,30.638183685072686,Good
20.212651197735887,42.40417338058321,6.850027661252338,21.731954425926112,16.009291814322534,14.991641824965889,0.2859186002830141,5.697401708010309,17.57977696314752,1.2134513642795774,8.51880424873907,2.585695563430535,47.892389085763384,Good
6.964285662085867,17.107437371359165,5.108114868896335,9.744948423472254,4.665294540316231,4.644977895773823,0.142187039495288,3.063755526056544,26.191870394952883,0.03218703949528798,0.5559425655518322,0.0962444739434557,47.781296050471205,Good
15.230574778587787,40.82711119590567,9.233584910595965,26.837896769339697,20.60379672477754,13.794130886208288,0.2965960619394766,7.637231504484188,9.504448097812976,0.7782299114351146,3.7214220353140677,0.8060212833516901,48.226929204034896,Good
19.572762835772508,52.650898546336606,4.71840466665895,22.807628357725083,15.026485336582995,14.451980448777325,0.3,7.04333738537421,19.725366796730277,0.5410513430900332,2.9806051089523873,0.4883251447295258,38.20721268293812,Good
15.934548925120644,38.46214319243076,1.8918458240741711,8.86841336795531,5.424249882649234,5.699227446256033,0.38896992834137645,3.3036916481483427,19.411757752616186,0.1984548925120646,1.415020762278378,0.36150190881635536,42.02575179146559,Good
16.214864220352826,41.52942122927885,3.9608635837790214,23.21199369140514,15.228056140779948,12.746478469777166,0.2601220627390901,5.941392522315079,17.474366824791073,0.24154612802847492,1.7921564417239257,0.19012206273909013,40.99593124203033,Good
16.535700731151582,45.77196017384993,6.7154828666563455,27.575416691941967,19.387433673633826,10.985208194319187,0.28167613464032054,6.987878769496752,11.974962229206582,3.502443343809873,9.38060615251624,4.199441288453227,47.60890191725855,Good
18.38048182193807,37.88703156012673,2.545332800444763,15.2595589305165,9.18137195423362,15.564111866036585,0.34737035556791007,5.4569620452104255,21.840485818602346,0.32,2.032000799332855,0.10840751102462938,42.68517778395504,Good
14.77010655991292,29.017716937683304,5.73621508799726,14.066468761588004,9.903307937632913,18.648934570918875,0.38,7.414748871647567,13.733368853304308,0.12183663080659957,1.347194319071952,0.33663114669569355,39.637747310494966,Good
10.895840131619316,23.654090686455707,2.966431927747808,14.013343230996021,8.501062523888276,9.378224611614526,0.30294168516121306,7.18409933419633,16.493576719992813,0.08117494451636084,0.6317494451636083,0.054116629677573885,32.2941685161213,Good
12.066770761890073,21.877240833369207,3.485329169524397,12.358495353055261,8.115423303309228,12.940971819609052,0.37843259719870675,7.662946538032926,13.807210351608457,0.10197501714638246,0.42564265008465574,0.014075247283362485,35.06269611205173,Good
5.670084801628006,13.60336432859186,6.26552347405365,11.173957939987904,5.482563601221004,6.554430829079978,0.12504240081400314,3.3635909969474884,25.648897578835918,0.03440150050875195,0.5785485961334851,0.1437606002035008,47.247879959299844,Good
13.069353266935655,31.507498308925403,5.560779324335808,21.5342578793053,15.471545120074849,17.255023675044345,0.29445541886439397,5.942501691074597,14.520217832454241,0.4282641046644445,2.3321850888408084,0.14532674868136364,47.0,Good
17.11544647497407,36.01458383082255,5.731725288303032,21.30288884831615,15.077276762512964,22.78773134946236,0.2720121223186505,5.944115162027179,15.86406863227991,0.7600606115932524,3.406808093717589,0.5524201795207735,42.266262589378314,Good
17.77075961811801,53.412637685966224,4.018622690230314,20.843639202123285,13.555158438359296,13.570004015446377,0.27453673126124134,7.103113451151572,15.336080960390436,0.4170074978679542,2.614277871221763,0.23962019094099626,49.16151923623602,Good
11.101225569834964,28.32894283060777,5.423035344915506,21.785381499148137,15.434771312382647,11.13311434883289,0.27721725574859174,7.389731810423956,13.87287733708074,0.37982640325328587,2.3893056130131436,0.2183482327542247,38.57390852495306,Good
10.45244890724546,23.286186023276436,3.753195197147298,14.581651967710641,10.738520525726129,7.593564622594205,0.40887117912144844,7.349891261726016,15.15392838151933,0.14780611340568245,0.7090943221911976,0.035580349229972136,40.10969432971588,Good
15.119838947595824,39.60928512625361,4.312009038827449,22.461847986423273,15.431171939316012,10.871686934019095,0.26,6.76865427328359,15.840791905374193,0.45117193931601185,2.3993818820262054,1.565634347544306,43.41339359218299,Good
16.475138145266065,39.603777111326885,2.4900037124948144,12.274852573496897,8.071077318417418,8.362705361651692,0.34675690726330327,5.142434639861782,17.60292782100901,0.17,0.7975672163856257,0.04216206182446447,40.0,Good
13.083425597171512,31.435432285292762,2.6289658593580016,10.611604443974189,6.809552127557635,5.287561404303831,0.33,4.37570983224297,15.965848983435912,0.12398144650760765,0.5774534274101004,0.026126530386122802,36.29320964338405,Good
20.248571735808774,53.8900488989917,5.641551316582094,36.89826329991999,11.0110279414651,29.61526813636991,0.16753197205155465,4.1668602901362295,14.90939763566849,0.1485980655469461,1.2309167113663515,0.17293175711232645,46.433369156538035,Good
16.404727717993772,39.78185473994585,2.9175098279125464,12.348180705015565,8.633709479891698,8.149455435987548,0.3593291228969811,5.264632983175849,17.09412386412481,0.21664561448490557,1.3614087774400931,0.07031964941518862,40.93291228969811,Good
19.214712316285787,50.816377095222805,3.61220147577296,23.883379554844407,15.358462559218315,13.05381625773961,0.28837389165546434,6.7499000060592635,16.6870024596216,0.4749169956260905,4.076697786340561,1.842422172949977,43.90652708613391,Good
11.023868389905045,28.458977465317332,2.12821168868066,16.506422477861058,10.32363093546976,11.374726187093952,0.31315692609945023,5.585766226386805,25.762646108508246,0.15273722956021993,0.9263138521989003,0.05136861478010996,38.863138521989,Good
7.686680775537965,10.885553204077006,4.474679784719725,22.741360752678,12.179920493283715,13.761826537851153,0.27487559341406753,6.878025511420521,15.339010086244354,0.4337691852600559,1.6682371444899977,0.14521439874553665,39.2821598118305,Good
19.449054068296185,51.19201313888654,3.1366255672812686,23.466389084355317,14.813962606017684,13.419113694696996,0.2952662961263584,8.14905811365076,15.89437594546878,0.6024264783376309,4.790061649078098,3.103732191123592,42.1834259684104,Good
13.566922517460581,31.497542741426553,5.7975391049203315,19.85215532872946,14.43984812595145,12.753691342619502,0.30907693706348544,6.131847034999584,15.80768370595644,0.4126154965078837,2.802924699364314,0.18738450349211627,33.0,Good
12.03427115313004,24.528176040884755,3.385297801788594,12.357756662164638,8.062243337835362,13.273295468516345,0.3208111261178716,7.459568954918635,14.457617585691244,0.07591888738821284,0.5679721847053211,0.039594436941064216,34.40811126117872,Good
8.43118769216227,26.414873631970103,2.439956350659937,10.996759713573374,7.637178962294257,7.872227191624608,0.3570043649340063,4.6957730234316735,20.71765102033578,0.1794934525989906,1.199275205898677,0.06548472273097805,45.898690519798116,Good
21.678239389465652,43.55933877309302,7.230073026120064,22.91528468836145,16.813710634953665,15.877837745805296,0.31210006848584804,5.381490186876512,19.33799463845663,1.124127110851632,7.361198082396255,1.8983894335321834,48.5836376088336,Good
16.245632183088468,39.703215821654375,5.016499710832297,24.069248698745334,16.746615937321458,10.427499518053827,0.2703666602407177,7.091933474704211,15.33571630360055,0.6366499710832296,3.7692827325071043,1.5473672385761255,43.44500096389235,Good
11.422484487652817,23.683452389780918,3.461339627703668,12.955792285778967,9.230722958273828,11.443390340392188,0.3737798759012225,8.858282710076274,15.416754251262578,0.15708173738288436,0.8802891833095317,0.05976099279021964,36.24402481975549,Good
13.534982902075697,27.6045781785167,3.2939660292163655,12.86528841406344,8.235389876284401,10.979660292163654,0.3117966254281336,7.562983352205639,14.578101912350904,0.0688474690711002,0.5717966254281336,0.042949156357033405,33.17966254281336,Good
13.183647603696105,25.62054795627834,4.95337901880983,13.503327984987042,9.168761772480742,22.66359919913986,0.36497448308860575,10.160843372709282,12.53090519303786,0.19258930918987985,0.9845151786835095,0.17928552648096124,38.74617246329086,Good
18.972544938232897,45.63868131881884,7.744756567991841,25.023505567570922,18.037547485896532,17.74391310615242,0.28321010116076395,6.894848992121268,12.396771704817358,1.1078989883923607,8.379008077945485,3.212168692367884,41.6697474709809,Good
6.183749487519617,15.797727202342328,5.238125256240191,10.759910349015987,4.988384733818975,4.470487704881877,0.14434451844488272,3.1682013320078886,25.661691341948725,0.038689036889765424,0.5278657786614074,0.10475614755906171,47.131096311023455,Good
16.157102717341424,39.806333339061794,7.040065887009994,24.02427132169284,18.00153875655925,20.223323630588414,0.33238953478380584,6.861096895694473,14.024713182557617,0.8122422478288802,6.574548465032633,2.1429941955384453,48.0,Good
14.093531812189672,34.826809906598264,4.886762712815843,21.13264823717313,14.590821120241644,11.910752278908758,0.2659479791321858,6.540745892350769,13.746132855580381,0.6257631026839907,3.2346538439948196,2.800307298121491,31.784393739655748,Good
10.492830915129044,33.974232369753985,3.718470963036676,10.630071570580068,6.553011397461386,5.762974056289178,0.2757240655451023,5.487240655451023,24.232544632808775,0.15572406554510235,1.697197090750113,0.11142634873974946,48.285580924384966,Good
12.784852695441632,25.391775503595404,3.111695952037815,12.333988110311015,7.868446541965655,10.941649618703643,0.3025902613908933,7.226389544364268,15.11973162110477,0.06,0.5237363405274936,0.04,32.25902613908933,Good
17.806402573445716,53.32994602960594,3.9915340441812575,20.470101030288916,13.252906177180344,13.269890331587087,0.28095246322022854,6.967670220906286,15.3211109191528,0.389205992712343,2.4396273901160006,0.22179871327714293,49.23280514689143,Good
21.10249966967148,45.68289848012731,2.2217677184986453,13.015173137332386,7.6941680158846895,8.054419296246614,0.3588604824061653,3.8218933586796076,19.01139955392093,0.23835354369972908,2.182274657205082,0.11063257888739841,45.64558070375339,Good
20.63815901423176,52.67254741399353,6.06568895916185,26.197640612834846,18.355192854260462,12.46801530887015,0.3630209508751032,6.315589846791289,13.82513779183237,1.1983682514585052,12.498699169075625,2.12137818984799,49.4884233138866,Good
19.96569390730334,43.85010000160038,3.535782438038889,26.629928675561697,16.29259856774227,12.359580288051921,0.38318960572903094,5.9742290328259395,19.157081721910025,1.3546544802064329,11.544471683302923,2.646207885419382,46.681039427096906,Good
13.171756859570019,25.60338490107748,4.917145902274678,13.466646161126377,9.135893960886936,22.739206383488753,0.3647501294258494,10.212220361480489,12.516883089115588,0.1933745470095271,0.9802524590911386,0.17300362392378316,38.71251941387741,Good
11.853957650354316,19.383834408336764,4.742006686786161,21.571683492121725,14.74372361283869,18.009242164235115,0.28602006035848226,5.024035662859524,19.81163891354732,0.41603120500208346,4.444135964651935,0.5759866264276785,44.59754817840773,Good
16.569635653389316,30.02700565982078,3.4992907689405515,14.282548637996825,8.980376725292643,8.529441101402014,0.3443314467264068,4.360822427475038,16.08499645826002,0.30356561745916355,1.8929819614972632,0.10566855327359316,37.04457021823954,Good
16.491585035905242,39.557155513704764,2.8496287102224174,13.273136779545515,8.069257420444835,10.002712448371136,0.3416578264338671,9.696067599502523,15.60439002393683,0.07828913216933543,0.8464191401482785,0.03497347930160125,48.91710867830665,Good
10.31,20.870957725472415,5.701348048518883,18.312909340704763,13.183086420084237,9.55326349946371,0.29414889636108377,5.5019154509448285,13.747448560112316,0.3903903230464697,2.3910263119893256,0.21528370121297208,29.94325975740558,Good
11.31175562111475,30.915917419871473,5.352235203315413,22.478742009248524,15.675325278263609,14.936399757618354,0.29872671663213113,8.70832359751344,13.131273283367868,0.5812579907514747,2.597251873704917,0.24981373305704896,38.12732833678689,Good
18.36551487272385,38.12780422139892,2.5687593296496245,15.111190912219048,9.111743103541395,15.530924282996365,0.3480210924902673,5.497307734396575,21.64981990035167,0.32,1.9968610055255636,0.10385235256812861,43.01054624513367,Good
19.57088397324983,52.71149186269301,4.814696370946256,22.788839732498293,15.056077421315191,14.491436561753588,0.3,6.939060515365519,19.946133143145072,0.5335358929993167,2.864585348176951,0.3126514988590272,38.06629799373719,Good
16.567436170631634,39.910538491818286,3.550404534778326,22.03341335240285,14.345329926125892,12.938677631837985,0.24668015115927755,6.147557531065133,18.223711787012586,0.24887989922714832,2.2650746086524345,0.22107964729501908,41.0,Good
12.927731361172242,33.3008027185336,2.9117281632225662,12.076519288497654,8.546552068863704,9.331212072674589,0.379361183296655,6.82977893274648,19.20638816703345,0.1654955027105342,1.0020475715742387,0.06872236659331005,47.64537277655517,Good
24.908204177504917,46.23229477805485,7.413323172293596,26.241195104450423,18.505766840718703,17.260772584819968,0.38956599216701826,4.635083355105839,23.423757180126575,0.9560582898203239,5.4252144256346755,0.3280679504124502,49.86979765010548,Good
19.136967492539682,49.32012692444559,6.823501986939103,25.959470804104853,18.894683557368552,13.231241286845812,0.3467821002798764,6.375132298973787,13.97670039738782,1.1713035004664605,11.526172450094817,2.0004889687501906,49.84928666044719,Good
14.120738655415133,27.170377209370635,7.0871988893087465,15.622712532712011,11.10874376035007,17.786842697706298,0.38,6.843752955623651,13.516912885138378,0.13676462861114638,1.283750328402628,0.5530871148616224,40.75734714583598,Good
15.765317177367853,38.395556390806995,1.8116926546429049,8.382327009378614,5.124360323611296,5.603863736164088,0.38241029496032275,3.3305980335978482,19.652033314232686,0.17976078656086072,1.551315673915266,0.28651324456355043,43.26495083994621,Good
10.31,20.906036335852395,5.768164449242659,18.50667690280371,13.348457011875581,9.690237120947451,0.2891376663068006,5.572072671704792,13.967942682500775,0.422128113390263,2.1321127591846962,0.21695411123106648,29.609177753786703,Good
13.129285034613948,26.284893400539627,4.491702199820125,20.244139055068725,14.064719581703716,10.227215507079585,0.2692456545291023,6.228858636772443,15.636634980444594,0.3922630364126931,3.9091112157780388,0.2515086909417954,37.07543454708977,Good
9.209404370120215,24.274082383030642,2.564309610821157,12.29690291915233,8.635403209345908,7.008473216108131,0.3783107715954626,4.468781666154983,17.62320537718945,0.15501353704272242,0.5383107715954627,0.02,41.83378456809075,Good
10.70208262711397,34.39982907209621,4.52001141911453,10.059062661604251,5.322327599855124,4.830207950322472,0.19769800344902805,4.706980034490281,26.725831980696967,0.07769800344902807,1.2645071100355194,0.12915954467067545,49.34957268024053,Good
12.455108523118191,26.492816997542988,4.422394334152337,20.445761937011383,14.02061457627876,9.452227554612499,0.2629449394683943,6.386376513290142,15.10737491534512,0.4111651815948171,2.9829061018539615,0.2641101210632114,37.70550605316057,Good
13.970328790068141,26.761287573811384,7.372621533801986,15.967628583696252,11.37933771993421,17.590870711314324,0.3797498825017622,6.719708196252055,13.470917097493539,0.1412089012414825,1.2760028199577063,0.5986660400093986,41.00416862497063,Good
15.289092248324085,36.47175844554221,11.11354261731401,25.497072371513227,21.05181550335183,15.018066644128643,0.3139385011172763,7.073367706984863,13.28338057009966,0.7751537472068093,3.9969545189936966,1.148155033518289,48.0,Good
18.94804384969301,48.94052529960979,4.484363117141324,21.505297790954987,14.497307703182676,12.477866043551426,0.3,7.0624234872138185,18.818403662758442,0.44378825639309083,2.649892476158597,0.2238420183137922,36.15260549413766,Good
7.050024630664543,17.167543040053495,5.117837844714535,9.794447209455818,4.6825307247212224,4.6661916611953504,0.1426289929415698,3.0584520847011625,26.1962899294157,0.032628992941569804,0.5510810776427321,0.1015479152988377,47.73710070584302,Good
15.250678039168374,40.68610118240469,9.33898343392562,26.90423752925564,20.7066105431754,13.648813031154322,0.29745763025007316,7.630338957999415,9.450169294245388,0.7862712156673498,3.7311864761674958,0.7867795910816987,48.16949131666179,Good
16.232006214815218,33.32194638888823,2.186607614814745,13.384366740741969,8.062183370370985,7.069705514815455,0.3691740481481569,3.4234510499996444,17.788702407407843,0.2071091685185492,1.5341596722227093,0.11669619259262767,45.87610722222354,Good
13.564718338654624,32.024764287515104,5.754361431318593,20.105653884968234,14.603561060699471,12.731662006385548,0.30768544408969173,6.233976562295858,15.143945929722205,0.4419882811479288,2.9979531245917155,0.42939339933571885,33.0,Good
17.183037206328716,40.201508787842606,3.839096553262309,16.119427984297626,11.113921022422893,13.466794795693788,0.3687121661809431,8.242191280556748,17.44353663534153,0.29945217986081296,2.77925998632013,0.13734261583297558,44.60547820139187,Good
25.053599748118305,47.18685402482813,2.9589994887925544,15.490391954065771,9.118715836264737,10.054430138907135,0.39572975736256466,5.110010342645709,17.834703448789245,0.34864878681282313,2.601609068349121,0.1525270753844881,44.42702426374354,Good
12.386148678404325,29.397259402166526,6.089581188336547,19.797538609942162,14.92041270432311,21.114986474719245,0.2965735974081215,6.092937788984517,14.523356600647968,0.6195811883365466,3.463572113820039,0.29951138639263775,47.0,Good
14.523323947142561,42.03641227389764,3.535048904753834,14.52208654607874,9.977497039300042,5.328858917452963,0.37642560768835476,4.898817425089929,16.642670421142977,0.41212803844177376,2.9996250777418156,0.24927682306506427,36.5090397116867,Good
19.78895401576539,53.587563931995064,5.7252215139116265,22.056039141420886,15.200666106182572,15.961453233541546,0.2894054508500617,7.267872253014465,17.22125537696648,0.5688466802164404,3.4350783998463585,0.3218194259661318,37.646848361668724,Good
11.03276577502167,28.443546796510688,5.49111690881823,21.86745760674198,15.529329040025319,11.267764552996056,0.2783519484803038,7.451005217936407,13.80782162046258,0.377178786879291,2.378715147517164,0.2149441545590885,38.611731616010125,Good
17.696582340857606,39.945561855842676,3.7515792152236234,15.680190023575166,10.689544496461721,13.43046684405509,0.3901786830583565,8.30824210171802,17.128143964296456,0.28293947457049495,2.8172392084878615,0.11752736948459395,44.77060525429505,Good
9.958961939047205,23.331456955440636,3.433114974804714,14.096976777863363,10.225373810100132,6.832440756738914,0.40670310375178803,6.0019676025965545,15.686848324128055,0.13797813774892717,0.566703103751788,0.02,41.26593792496424,Good
9.834344474329047,23.488172858040745,3.2886720043359396,13.797706048199299,9.96103373342525,6.861706979513633,0.4019827452397366,5.747068242945775,16.008776774649967,0.14081035285615806,0.5619827452397366,0.02,41.36034509520527,Good
20.09939047394231,47.596593529382545,4.507637101487846,26.413320281938276,17.215808523314777,12.201939835425115,0.320795989028341,5.379738331310743,19.054937328567828,1.1397884684564805,9.216690701022292,7.1058978146456795,48.48010027429147,Good
15.6780554919027,36.837684782050445,2.0884907895412623,9.672092792038201,5.992810326282345,5.686402774595135,0.37187036612684676,3.6969815790825247,18.278911755903597,0.17280554919027014,1.0003563785760339,0.22043052054648574,42.453240846828834,Good
12.173572547146806,35.68644509305869,9.43685828142824,41.599713187134626,13.930556442482988,9.069479294885749,0.038078987777412615,6.744524233155351,22.72152622565477,0.0510053682212728,0.2573607370600061,0.10938957066579028,46.83842024445175,Good
9.942679388656163,22.28083041695252,5.573095943154336,19.65946250704247,14.010118246415528,11.40928244537535,0.2655952701433789,6.160951355411875,16.797196980840653,0.4079763507168946,2.7259500093899605,0.14077398578858402,31.160709478493164,Good
10.803439256379862,24.758852901912498,4.902250152841198,19.839335997837903,13.823362016261655,10.002629582648112,0.2776637983738344,5.7887756617942925,15.64898299403127,0.4258879327912781,2.0200860487849677,0.2052327392959405,38.0,Good
19.910448056180503,42.239335303371185,5.318407193823911,22.76562653510987,15.494172823034948,13.470323737363213,0.3236939929774372,5.553168390449785,17.514528557584427,1.2993045294941754,10.170619147467935,2.558222550561864,47.205563764046595,Good
12.920075322508811,26.349416022029995,4.470194659323336,20.306706445604842,14.051032965023941,9.986722099706391,0.2672904235748487,6.277739410628782,15.47239558028729,0.3981287292754539,3.621692265502759,0.2554191528503026,37.27095764251513,Good
16.33122069517005,41.05121059042884,3.830133387298625,22.857059418157064,14.957625303309214,12.792597008855163,0.2560044462432875,5.995260711359637,17.717091754114712,0.242663702504475,1.9325080839894122,0.19932295876566247,41.0,Good
18.408475992408018,39.905469571540536,3.6292379962040084,15.095908129063716,10.06266181399641,13.352567863344301,0.41542797722405017,8.461722307475323,16.70371606832785,0.25314196583607534,2.7549374268052635,0.09,45.22860113879749,Good
15.357385974511905,30.133036263236495,3.9688573713364295,14.179452053065077,9.25112650886403,7.777746982271941,0.3305946817286462,4.903381151196989,14.406275585447416,0.3627542298692612,2.4810636542707667,0.11583722789947684,37.88106365427077,Good
17.62256212008842,44.40764329033729,3.633374194547051,20.705833609422616,13.723360942261522,11.0183460334403,0.2875008282678456,6.832522363231832,17.741687097273527,0.32333775076184335,2.2541862690056798,0.2158336094226152,37.49983434643087,Good
7.324008834459081,16.62449007215725,5.359579101975643,11.365530534298129,5.200360558350545,4.751944077555729,0.15,3.0956512136457524,25.73807652889965,0.04418837378819174,0.46581162621180827,0.17324650484723306,46.58116262118082,Good
12.098970689794449,22.27094919970919,3.4775752965550666,12.420015213682795,8.229523379104215,12.736831958886988,0.3791917655183556,7.867906910140926,13.923072716933856,0.08131528274302166,0.4798093516416858,0.016465875853155232,35.16164689632888,Good
20.065722199806707,48.28059109866372,4.6387661691738735,26.131569987856135,17.245932768594,11.989298104042367,0.3066198736028245,5.161780556643426,18.833435525044134,1.0990321366081204,8.830391555676968,8.158474384990281,48.83450315992939,Good
14.051100466266679,33.45014846109669,5.499659931703531,19.378819272356054,13.940207149422406,10.166352502074567,0.26123338514074207,6.0645718992149495,13.939431209229575,0.42303556105190915,1.8438486165189114,0.8343216036894447,30.37001554222262,Good
19.7656344296121,43.20106983560205,3.226388129516387,25.929720503642347,15.711030318639825,11.82686377187408,0.3855158787254407,5.7439280061813704,18.5569032888363,1.3872223021561698,12.065556834498718,2.599682425491186,46.44841212745593,Good
14.347474569830378,37.65110026568313,3.6328585526262787,14.44022071102889,10.334946672564769,19.725391384083863,0.37670331477726,10.064724316805222,16.123184273794973,0.2553848051612298,1.5773629807679395,0.06989005566822006,49.340662955452,Good
15.93350682059024,31.888050480595137,9.159522512975624,24.599826739639028,19.533375854287815,16.477056615926827,0.29645020466341476,6.398441337439027,13.159566168409766,0.6952380628243906,4.765281718258533,1.1239392908048793,45.056275582926844,Good
20.049086963335217,44.59067916194468,3.455425689964067,15.430015794463829,9.487681256054374,12.281639582000949,0.36889590865059096,8.189194482344686,17.110189533565958,0.2144795432529549,1.6691328256080367,0.10556784013853421,47.1104091349409,Good
19.96900724584516,43.26140786901383,5.562288040687083,21.637551889357372,15.326144020343541,14.45575142198087,0.26441110245599064,5.590092520466588,16.898892208882252,0.7687071679490743,5.6514578109691005,1.4260289833806343,48.0,Good
10.798659287917523,34.61100254871613,4.96041399074275,9.794752348166696,4.642245491232374,4.312675938617494,0.15250137138686426,4.245008228321186,28.346376368140945,0.03220709240017436,1.0019128134134845,0.14088283696006976,49.97057210133101,Good
9.551140622236248,18.426388194738195,3.58595437511055,12.707724007736616,8.784284963970128,13.14814136052172,0.34883694849689706,6.585664925287052,15.831552722812242,0.7057262506633005,0.5321869854111706,0.0910239339080677,36.24652206012412,Good
16.38974697998564,39.793060861031826,2.384687941982293,12.623533165058623,8.177816275017946,8.287276498987318,0.3424873489992821,5.079814451989472,18.88379530021535,0.17,0.807529519001675,0.04500843400047856,40.0,Good
14.613633528777145,30.48656881591759,3.682029073878181,13.895958968367971,8.92094044551093,8.43811910897814,0.3339298944897886,6.044023915507698,14.609723563877104,0.26603305979613084,1.8140211020422818,0.09249073857147985,37.21402110204228,Good
12.958871404438577,25.928578588170637,4.544417302616306,20.30541788964674,14.058041495449457,11.285222153008194,0.281958504550544,6.023789000570101,16.236424346981543,0.40879193572228345,4.154960265641853,0.2995423759951108,37.17083577929348,Good
16.948685622732818,36.136676597642044,5.15401805018155,21.958020767835357,15.160657188633591,22.201090494256523,0.25414488814994485,5.774376437424476,16.745518851269388,0.6707244407497244,3.1983570284160234,0.9157206076177878,42.8618370616685,Good
11.087285181440299,23.7763387303173,3.141731009511599,14.857546703700596,9.017733501718396,9.426662515786099,0.3006351182959,7.2671357413476,16.2790660015187,0.08809464511229996,0.7009464511229996,0.05872976340819997,32.06351182959,Good
19.854321239884705,44.99087143607424,7.484767198546013,24.00387611822511,17.068837248232636,19.854263144146422,0.2714728747054397,6.676802223389326,13.535232801453988,1.222325503534724,8.681550614690389,2.7867056761594267,42.22093120581595,Good
11.02796111843114,28.470653779053542,2.1280311271280383,16.522552643228604,10.331906673298258,11.376381334659651,0.3133073940599683,5.58937745743924,25.760389089100475,0.15267704237601265,0.9266147881199366,0.05133852118800633,38.86614788119937,Good
12.460117253971978,31.69685544808979,3.4943166317157632,19.43486351030884,12.853476848149851,14.604023726742932,0.4179492052759504,5.75314455191021,14.47082031788962,0.0660156645238788,1.080781386537036,0.07123047683442976,47.0,Good
18.15232046982377,52.527416510008855,3.728636442933936,16.8448814762469,10.31952241589444,10.357261644083865,0.3432176845682784,5.653182214669679,15.175825402674016,0.1193900335374603,0.7446296978635327,0.04883976508811558,49.92464093964754,Good
13.078111494329658,31.296474225528787,2.9226200858200624,12.334911806402612,7.721925930507689,8.172560530524022,0.33691714397168915,6.948514709241865,15.36843985956717,0.08691714397168912,0.4859343269524975,0.037668575886756483,36.0,Good
18.383248183745437,59.15094354608354,6.368936411219064,34.41697771009975,10.68436163839834,30.162340311984252,0.19824310600707115,6.296235971142602,13.607185896937537,0.41075970627209735,1.85143387234988,0.7813674712897751,48.46565372497054,Good
16.47196538932513,39.60451269210604,6.480367712183716,30.046436933533453,16.829639427858687,10.61230811136044,0.21747768736749296,6.844987504925796,17.6481310012473,0.5174419871554817,3.529593017583071,0.5399464496819831,43.25044625265014,Good
20.682014444027857,42.766048538762924,7.131680438916331,21.970305882092266,16.305348934401046,15.422772029988034,0.2895517672516593,5.619272272618866,18.11013714397672,1.177423095586987,7.992550516953539,2.3842028328506135,48.17366849548471,Good
19.73677140220009,43.107432804811936,3.181751122007122,25.82869990770033,15.62712616918632,11.75000757097467,0.38585149532325475,5.710701962997783,18.470314206600282,1.391920934525566,12.140734952409057,2.5929700935349054,46.414850467674526,Good
15.24840157280959,39.99043861243594,3.021647192977257,13.31477583118563,8.687816802835952,7.630321630476642,0.33191033247425217,6.163508759664663,17.05157897680481,0.15942495521916408,1.3230409716503213,0.08286549871137824,40.36939577964076,Good
15.95514162404085,40.827854060102126,3.5182910805546763,13.702918797957546,10.261733216105336,7.413038842713252,0.3729956841429719,5.325381713552266,20.322860773682386,0.32141624040849115,2.6618532608610455,0.14327893222467014,43.02832480816982,Good
16.260228043942064,41.47954391211587,3.504136351854572,22.261595121317775,14.434070857506365,11.981855912433943,0.2637785054927579,6.092475736188588,17.4282083956376,0.23622149450724214,1.8088925274637895,0.19755701098551573,41.0,Good
12.814465089939779,34.180984421496035,3.718302365090333,12.274736298022185,9.64534910060222,8.852767455030111,0.3668759382630742,9.301396402408884,17.70716215855467,0.17169763490966686,1.3784881745483344,0.08928678658637056,46.72325449698889,Good
16.60501300662407,39.118486401448045,2.6364682700454325,13.235834449664958,8.003816318262349,9.533156484633736,0.34410090657013054,8.577392987368004,16.15434686436114,0.12946314526689223,0.8799676781175447,0.07716042555650074,49.0,Good
10.681648960688038,34.35826907258584,4.441740086703335,10.114822327613997,5.4425052651059405,4.92129361591603,0.20531733669259566,4.783173366925957,26.482359650232056,0.08531733669259567,1.306759776204394,0.12742787802441008,49.245672681464605,Good
15.117687742081864,41.61893312339721,8.641734304914916,26.46536954887015,20.026460166647247,14.6101428929511,0.29175804608922273,7.675935631286218,9.809243096378967,0.7330750968327456,3.6665911890111906,0.9140703040073588,48.549463594051815,Good
12.517859652313092,25.683907135757604,4.657493013246123,20.039711945362992,13.993325769867019,10.386312847682579,0.27414455298016116,6.02556739238283,15.803613824504028,0.39828910596032224,3.528870471850906,0.23134951158927491,37.207227649008054,Good
15.30889891274019,37.989156566138526,1.6428804197806182,7.300678245260997,4.467868299146848,5.366276146357907,0.36365337997562425,3.4556441334958383,20.07719005388585,0.12974234660166462,1.8264170936908446,0.08018717973186656,46.39110333739596,Good
17.569260711618774,50.221992542735364,3.53346019092211,16.820929574764392,11.408018385840345,11.266338594119011,0.36513998264344455,9.991434862459593,17.567257240307686,0.0975699913217223,0.665979878504112,0.052709973965166856,50.0,Good
11.98033096230045,35.950896711196684,2.5676826553832,14.964000243405462,10.018744847730106,8.707503434846595,0.3214068940337366,9.412979269217699,19.275738099739648,0.054689646779122,0.5742344214875905,0.050937929355824405,45.04689646779122,Good
12.305093703250622,29.188258143918958,6.101638953235445,19.580498841761997,14.812562696060745,21.451264140232958,0.2992531007189877,6.104325678055698,14.522686724820252,0.6316389532354447,3.552665598906341,0.31357877877468543,47.0,Good
15.81271276730273,39.49889335119605,7.348941361157578,23.75351582655212,18.222030358955454,21.13522055327152,0.3384470680578789,7.145973014261817,13.644094450083639,0.8233445773909095,5.356074210780003,1.4195563051593938,48.0443694840606,Good
11.000834973686176,25.029293730468726,4.826596287618073,19.94281657210861,13.849449555993768,9.867843960698867,0.2750550444006232,5.887908312776318,15.532458649894503,0.42501834813354106,2.0983486679813037,0.21479817053104822,38.0,Good
13.797132544637602,32.46616398720639,5.7457179254220225,19.410497017692684,14.150968557431211,11.129107876431263,0.28381053483945073,6.059052674197254,14.585263370986269,0.3938105348394507,2.1609812964082904,0.25333050244953803,31.428632090367042,Good
13.369802915559376,31.916589093049375,5.575253239398126,20.326041577160623,14.5767451403975,13.566868251674993,0.31,6.751532938091872,14.882507558932502,0.4975691145712494,2.928549136093125,0.2069805615899998,33.674514039749994,Good
15.46143399508161,41.158185763069795,6.949111864320531,24.056243874157314,17.99070043578545,20.301290459868536,0.31845559321602657,7.351599612635155,12.924401355776954,0.7376668280686851,4.790601065253322,1.413844455204579,48.6155544795421,Good
14.972207773300836,30.3637828236591,3.7207087483972914,13.451475517303384,8.772010204174272,7.149552343892314,0.33,4.630226579380964,14.713358675151573,0.3249157205639187,2.164834192454958,0.09980243087343685,37.63277147042612,Good
9.932268348733531,22.97991557094185,5.4477581635807875,19.93541166667501,14.118294027785424,12.024836728384248,0.2612810493824071,6.315019537043062,17.856895756144645,0.3787189506175929,3.095483533961354,0.11480393518402654,32.03202623456018,Good
17.140491394915237,35.99624737157992,5.8184880466706455,21.204498091404425,15.064754302542381,22.87583579996968,0.27469550659806125,5.969607312681581,15.731688341162315,0.7734775329903061,3.4381142436440473,0.49785803250608884,42.176816446731294,Good
12.93049168279863,36.70435506240086,2.654764170427373,13.794427625346279,9.212646067349358,15.029284382372449,0.36416364321060735,10.72932690983781,17.885008128909668,0.1237182537113771,1.3391092210015394,0.10750907036817797,46.83272864212147,Good
11.209199886502434,25.314762840098048,4.746738369490256,20.05204751759379,13.87698676914129,9.725568359436664,0.2723013230858709,5.992549722736905,15.409459097835567,0.42410044102862365,2.1809603074238724,0.22489514868514,38.0,Good
10.31,20.86080965307388,5.68201838680739,18.25685332174143,13.13524550734829,9.513637692955148,0.2955986209894458,5.48161930614776,13.683660676464386,0.3812087337335103,2.4659287511213632,0.21480045967018474,30.03990806596305,Good
12.367455411865313,36.26858906811204,3.6384107155733014,14.190446241871282,9.920124918882005,9.426848147974972,0.443178568853397,6.494910823730628,20.358758755390948,0.35009820205363573,2.6413481119225306,0.24271427541358798,48.42053577866508,Good
8.365874179890485,16.473247161822734,2.9830319756473367,12.294418706205109,8.856899281225061,9.937313195597241,0.3064599520816707,6.417881054203244,17.794814706992106,0.3288717839740197,0.5607665868027846,0.053686490966125947,35.430663472111384,Good
18.46477615049677,48.80204106212872,4.272946887895925,25.71715020633479,16.795373082505378,13.807320294845514,0.2727872271394849,4.887712610638409,16.719552300993545,0.30557445427896973,2.903457153428106,0.2991808407092273,45.27872271394848,Good
15.994014712659704,38.78513400255808,6.730798742839475,23.62862322711007,17.670730429156535,21.17660536010232,0.31660536010232343,6.802475041432528,14.622138722633418,0.7656647402813894,4.893116135550342,1.4570415131713212,47.220178670077445,Good
8.292113053832654,18.038285439800212,5.258693232908858,10.511529185717821,4.932228912883884,4.97351250816478,0.14903151058676625,2.981621872958805,26.26031510586766,0.039031510586766266,0.4806533835455711,0.17837812704119516,47.09684894132337,Good
8.189886055314274,15.225228293232767,3.158012953016429,12.737263712097292,9.204429872710051,6.649707345546398,0.3370358227258375,6.115570127289949,15.375147134949428,0.6138109696778337,0.4512378060644333,0.01148208863708124,36.23452742419458,Good
19.5502673523433,52.61945501381997,4.848082262306351,22.739557840941224,15.05183033433591,14.445526992804847,0.3,6.895470436974134,20.010925450184757,0.527264781512933,2.8049203085240184,0.2298046272509238,37.94138817527713,Good
14.017354021282722,27.779590734968583,3.9971542613213353,12.337279064587696,8.322426354862566,22.60382917347055,0.3678382430091623,10.10466794110275,12.937199235338351,0.16688966344960737,1.1055516827519631,0.0321617569908377,38.0,Good
19.795280520594186,53.61205362810652,5.750221412025407,22.03512085932568,15.204441600999756,16.00339183813242,0.28909932964866847,7.278790575864157,17.139521016194482,0.5699691246215489,3.45313955072856,0.32447247637820653,37.636644321622285,Good
16.895507331037972,53.10233585137989,4.942361621563639,24.278703902135558,16.447377015799464,15.03625493344487,0.29335553174373324,6.608145370102211,15.410722510967394,0.5158811322414207,3.30794056612071,0.7997028306035517,46.89036878291555,Good
16.299161589199013,41.206022325841616,3.868098118053803,22.968844458713974,15.04072588062888,12.772770982794125,0.2572699372684601,5.974591024615152,17.64833340841367,0.2418200418210266,1.8873722374249233,0.19637014637359312,41.0,Good
10.250789756658557,21.549228789277517,4.513140480698155,17.041811056370264,12.46955665873914,16.456011727016328,0.36358382195901373,6.07614634420632,12.520500777433133,0.1830250088989224,1.191830201761023,0.13472059346995438,44.90558813060091,Good
7.208979963211427,13.595403352418401,3.171825301173591,12.871095468794511,9.11795704551929,4.7727016762092,0.33284677841394666,5.4734315085882805,15.452550812197323,1.08291932951632,0.6570066789295241,0.00905107386201777,36.54744630689911,Good
12.622474178735233,26.441199552352685,4.439600149215772,20.395708656826844,14.031563731319128,9.644619850321808,0.26450910447416104,6.347272388145974,15.238764775829527,0.40647268657751684,3.2128383577016733,0.2609817910516779,37.549089552583894,Good
15.379376880972366,34.3741469664483,11.356073624974401,24.769560234657114,20.836330036632543,15.902958029836237,0.31641885113613094,6.772853458802454,14.737089239754342,0.75015184062436,4.201167455404301,1.2986649474411456,47.552356392016364,Good
11.391142444625396,20.713674299780045,3.383673643502268,13.402531198876872,9.446572009846033,9.712611114492969,0.405959189030839,6.263673643502268,14.302612427048526,0.08085716160793653,0.509795945154195,0.027020405484580495,43.106121645374145,Good
15.176913291542137,30.960006696885024,3.789839305622657,20.358081689652,12.847951123541456,9.74434215064142,0.4490123869225519,6.663689320088707,23.113943755424767,0.49536658887069307,4.092373621371549,0.63875795158649,49.52360227601501,Good
16.135367714533793,40.42274578266098,3.6094863885252604,13.021580713665522,9.91549156532196,7.610735429067582,0.3779056748597385,5.413245398877908,18.018307324271994,0.3095283742986927,2.4992225851589853,0.13069344329415025,42.79056748597385,Good
16.835318549512145,38.616948583276866,3.2331754018935106,21.099349794464224,13.650950601922462,13.104341734566722,0.23610584672978369,6.3202711700802,18.79824899434842,0.2559294355134776,2.6422247999710486,0.2457530242971714,41.0,Good
16.57910357403909,39.85419721483755,3.536587872848445,21.992730958942644,14.31508678834604,12.945892999734701,0.24621959576161484,6.155079935893625,18.248735296952262,0.24918693615892346,2.2815010845024046,0.22215427655623207,41.0,Good
12.29838144695351,23.54627424505613,2.116839197153929,12.935210119521658,8.339976319681993,7.126847090593265,0.34,3.914203879208981,21.997942789885077,0.17684182830037418,0.9526274245056129,0.07,35.0,Good
15.217274486090878,38.94774634034051,4.757974032816142,22.90588314767264,16.094556727214048,9.996623388026904,0.2646216451736921,7.218323806178775,15.0111229523136,0.6107974032816142,3.2321238237402063,2.0586735795414075,44.306753223946195,Good
12.75639783760894,39.11221354241485,6.443149939135519,23.667544370852585,17.068852763853304,16.511744289699944,0.288012920664444,8.544539262014776,11.617286660466755,0.594830328416291,2.2848949317385108,0.21801292066444403,40.06623597785187,Good
17.65513421791353,45.80748337932851,4.467237104396772,27.975984403870502,18.15486578208647,15.710783146585854,0.2609172253280927,4.704563687402563,15.107147625787753,0.2983445065618532,2.465939525394702,0.2988031192258995,43.908277467190736,Good
13.578054025487416,26.189832697165798,6.155202360683354,14.720034588060239,10.258960655356727,20.155769686995107,0.3724161136884418,8.456709965346821,12.996007105527614,0.1665436020904536,1.1259061600803948,0.38765118327637105,39.86241705326627,Good
15.290422402246762,36.713403074828506,11.02043184272663,25.599050838918455,21.049155195506476,14.903673406778433,0.31305173183549173,7.107508324333569,13.029321170868375,0.7773706704112707,3.981879441203359,1.1215519550647515,48.0,Good
16.190029889649875,43.26845490059276,2.115935014201034,10.942753217860046,6.5576136527442594,6.852591717651077,0.3337260762676446,4.780809429621739,16.38882177119707,0.11163476835685943,0.3469218531451246,0.026273923732355427,36.627392373235544,Good
19.89009194233513,42.22823196854644,5.2152387077439535,22.835253697240066,15.459474901707608,13.367849209709801,0.32623850720810876,5.54345297247813,17.51013348754963,1.3050875163820654,10.281883815190938,2.556371994757739,47.15929986894348,Good
19.94625563900737,43.78703864282624,3.505720930092795,26.561894736525797,16.23609197385864,12.307820248054512,0.3834156321045655,5.95185242164802,19.098766917022115,1.3578188494639163,11.595101591422662,2.641687357908691,46.65843678954346,Good
16.757141171688474,46.21965497754408,7.452013027572527,27.36360409664581,19.70996648919843,12.15017746844805,0.2961179025014221,7.141924293348502,11.069944776577548,2.1449171648663223,8.610378533257489,4.19462736583286,44.23915608300151,Good
22.874618504160168,45.58221411198563,5.908969836069305,26.828768014166837,17.889023644704313,15.443880466831626,0.3853988084101643,5.3560061450415795,21.92357102765914,1.1102440888239216,7.779673248257182,1.3656967058690943,48.619642523049286,Good
11.19741906050458,25.298622589501868,4.751253487824236,20.045871666079492,13.875429831784746,9.733612535778812,0.2724570168215254,5.986633360782036,15.416413418028133,0.42415233894050847,2.176289495354238,0.22432427165440694,38.0,Good
13.344318518244899,25.85245974803273,5.4429705791802085,13.998982598736621,9.612880432507124,21.641974704744705,0.36800600977820563,9.466623760790911,12.720375611137852,0.1819789657762803,1.0421141857859069,0.26416827378975755,39.20090146673084,Good
18.048393791380725,41.49512545124611,6.357449047618221,23.886256344673814,16.93417776417329,16.709055256237498,0.30093002721090795,5.9641836507939265,15.769087632651008,0.89302626757335,9.494871605443569,3.762081523810845,48.0,Good
15.515661890561354,34.48989909147605,2.311189236424112,11.204188362578035,6.972094181289018,5.932898217629976,0.35360134544698596,4.054145509397069,17.010067272349296,0.1526047090644509,0.6698746723077214,0.05440538178794388,43.540201817047894,Good
14.31283087990191,33.064979589456414,2.3193002932454156,12.155752170181739,8.092139941350917,7.248405249258603,0.3630349853377292,3.8636209970344138,18.728486891432933,0.17517492668864604,0.9392186510710874,0.09213994135091684,46.696501466227076,Good
16.262932897148602,41.474134205702796,3.464239767058117,22.176730351962604,14.363744674136342,11.914910795572094,0.2641166121435753,6.107014322173737,17.421784369272068,0.2358833878564247,1.8105830607178766,0.19823322428715057,41.0,Good
13.846776661145682,26.577705935427257,6.974045863679767,15.549018567873944,11.00175058222344,18.44709934328123,0.37748635209708836,7.2956253697667695,13.312897006068022,0.14879776766019082,1.2222406898446785,0.5296178587184736,40.62295281456325,Good
14.822186685831568,33.11573390463802,2.283047210972842,12.505594414112073,8.099390557805432,7.217590129326916,0.3648476394513579,3.7403605173076637,18.494654510774833,0.18423819725678944,1.105982829524926,0.09939055780543156,46.51523605486421,Good
13.380734531777232,31.09907690166062,3.1538153803321243,13.405814064700701,8.328066895218969,9.635697655883217,0.3405377930145979,8.00894574248553,15.06013115917509,0.09349565459488643,0.6139826183795457,0.05107558602919583,36.0,Good
17.696412975656415,50.67632929106499,3.567574212980989,16.74494834381507,11.119599835706186,11.015135340776355,0.3620387079108192,9.073457541602483,17.074154557820254,0.0960193539554096,0.6442709553757344,0.0480580618662288,50.0,Good
9.86267773845377,22.841485285158452,5.454476981318127,19.889414336273724,14.20596226647658,12.62916229112833,0.2577615093409368,6.427301135703465,16.956528269327876,0.3934309439543792,2.8736196115714785,0.1077615093409368,32.44769813181264,Good
11.051427839643134,15.182914341538247,5.608572160356866,26.01248946137012,13.160296731974721,21.06120685634618,0.22148650189511188,6.859711811238171,19.978834719480012,0.2994088165271127,3.471123704693797,0.5126774120537801,46.32685955266674,Good
15.946901652556448,40.80725413139112,2.5995342600439226,14.114917372177613,9.433616081922997,7.672597944471896,0.3441557839475671,5.012262797145014,23.21097077896507,0.23901652556447736,1.6812966542172805,0.09795908906046255,41.38033051128955,Good
12.777475771648465,25.32352342240017,3.2943809256827707,13.498190883337749,8.533714445903376,10.809999649586365,0.3,7.316095231420693,15.039190778213657,0.0704285764344805,0.6156190743172294,0.04695238428965367,32.0,Good
10.416227636160452,23.37064334223272,2.459260306966352,11.468801711411901,6.960709992301012,9.303468814230731,0.30968195318514835,6.942721872594066,17.062855172730647,0.06,0.4244526554079231,0.04,32.96819531851484,Good
13.185642345396296,32.89220555052681,2.4787687556573337,11.734614592762222,8.167794449473185,8.545583751900818,0.36,5.414352507558151,19.273640286578075,0.14353854072377775,0.66,0.052564234539629565,47.0,Good
12.83206541022395,34.23085199563453,3.6919018846640728,12.365671286157081,9.469345897760485,8.843967294888024,0.3874096452612766,8.597383591041945,18.12956984537483,0.19809811533592706,1.5104905766796353,0.11275388029860184,47.60327051119757,Good
15.994849452458096,31.61283759167449,8.91636253079674,24.581037104652477,19.389137773949884,16.540609793087217,0.2942396593708795,6.35699361320399,12.984933090299476,0.6891590632699185,4.827729622772656,1.104597019495195,44.77995742135993,Good
6.8832862487511335,12.72887154575566,2.995486576954752,12.046939284524889,8.594724909733033,4.5898166064886885,0.33317348211312225,4.409252379366519,14.520084673461536,1.3134555956742073,0.667207351497737,0.02682651788687777,38.78843452579185,Good
19.85186757739013,42.257477146278475,6.954814181785374,21.997444682354818,16.24578556194257,15.502946604395246,0.28386245194898935,5.765061939404875,17.25396668043793,1.1433507047481566,8.48788466499037,2.8062973091434014,48.0,Good
11.83727609505215,31.60960444546884,4.903791065555498,22.354952742054383,15.233888080156193,16.160278550254787,0.3033980097337969,9.044656700833375,13.126601990266202,0.7050472579456176,2.7724253650173836,0.28718407787037514,37.66019902662031,Good
9.964007209986816,22.204719368282348,5.591496416459213,19.613043131205167,13.989208617659985,11.323971160052741,0.2664316552936006,6.134187030604782,16.6562660830283,0.4121582764680029,2.664057508273557,0.1453741041148032,31.03525170595991,Good
8.342234991472171,16.76805411771359,3.634310600341113,12.87554855412504,9.105711637561518,13.247698294819939,0.3346145293114373,6.067968866936318,16.80436619509769,0.9958636020466791,0.5833876944788257,0.12800222379026302,36.81541882754251,Good
16.495426504067723,38.71313571595513,3.764902197545364,14.831326881265895,10.374992941150165,17.312917913053298,0.3992458157622517,9.173093362856124,16.155579755877984,0.2755656381783112,2.2318088346892404,0.07443436182168879,47.594273029718536,Good
17.276020756763558,38.97366458487118,2.298550698032742,13.602716384993023,8.17760249815459,9.06972667158776,0.35375569434192167,5.84026065406521,17.718422483391308,0.2694575679578641,1.0682360396674724,0.1881904849320991,49.0,Good
18.71195273294482,41.77562039815333,6.577239864224624,23.191298715023095,16.680895013607813,16.265287131279806,0.2946502895935822,5.890920045258459,16.31542480535835,0.985129085960795,9.124367086021348,3.4104162172406007,48.0,Good
19.433251947209282,44.574588865567264,2.3908158117780633,12.63383812906187,7.925875237099249,7.630929819604875,0.35627910730864776,3.9419784898521204,19.142673836715957,0.23511642923459097,2.2452336656051086,0.11098843779013357,45.686044634567615,Good
8.302675596336226,15.736380894034385,3.018825859840402,12.497285965242071,9.031645894974293,7.571221893470441,0.32263715791452435,6.288354105025707,16.387853226678455,0.4218287721936581,0.48963424556126844,0.018681421042737824,35.75457193048415,Good
15.836808120008115,39.38507709166898,7.3763669658628945,23.732750725846667,18.237898030249244,21.192422528799753,0.3398183482931448,7.131868417556225,13.693460538553209,0.829221492684906,5.39486185172038,1.419948099512327,48.00519004876729,Good
19.372473741514522,44.239674715772274,3.5225428192063344,15.421852900366797,9.537565608869572,12.582759675358147,0.3652679557185765,8.605502081293345,17.012234804401565,0.19633977859288265,1.5430614612205344,0.09921892250750891,47.473204428142346,Good
9.823664762150592,22.809438911766556,5.451690340153614,19.939573877234952,14.17112925192017,12.225099322273978,0.25915482992319316,6.372961632995466,17.44419047311761,0.3850710204608409,3.0394247608599887,0.10915482992319318,32.16903401536136,Good
12.250584602772824,36.2490473287894,2.4024899451940223,14.192137314971745,9.319239082116038,11.549016452358405,0.3438911232902172,10.321753808318471,18.83244972597011,0.06791834246766291,0.97004021922391,0.09180946575788014,45.59727808225543,Good
18.408763129628014,39.57996760698278,3.6163944259081466,15.064365368305394,10.083508395040178,13.40817315847303,0.4190379897106771,8.361794448509746,16.75019435810335,0.2608245802479911,2.856531855949479,0.09,44.98625699586682,Good
15.79438438295406,32.51222141701692,9.710998842344264,24.642440819635695,19.86050158602694,16.332920757114568,0.3014636258394933,6.492442984490499,13.555626441319971,0.7090249710586066,4.623652570034315,1.1678067260955665,45.682953229936665,Good
13.568738702855208,31.879505295569263,5.826327516639338,19.871763011880656,14.509233407285947,12.46364444214015,0.3062020879553716,6.171010439776858,15.145052198884292,0.4162020879553716,2.8013797155236295,0.19063415372495934,32.7721252773223,Good
11.174706715284223,20.913914697638845,2.9822174508566843,12.518605797544943,8.651246584136036,10.04678435551095,0.3929165040064779,5.585961107109322,15.065716620450184,0.08361165331174043,0.4918058266558702,0.027638834668825957,43.52776693376519,Good
13.301957638490705,31.974436118760558,5.463129992032009,20.485299438069184,14.579601783642497,13.938231873524554,0.31,6.98934848823784,14.731105466947682,0.5304205118887106,2.936404905016866,0.21840713456998628,33.96017836424966,Good
7.186293480966954,16.44037063216234,5.369059506745028,11.45434695792711,5.227803835314556,4.7200100825430615,0.15,3.11062027380794,25.674707507546387,0.044687342460264665,0.46531265753973533,0.17125063015894137,46.531265753973535,Good
10.337659504324863,19.17380874275547,4.276074881323377,18.26362358971392,12.934348603547312,17.55429952529351,0.3436670879808904,5.608464455252319,14.422075405539525,0.16546066342430446,1.620552500218556,0.22533164807643824,46.83845181582561,Good
15.387404817506745,34.996897177542714,2.311322973244829,10.582798238478865,6.637085987860049,5.671870240875337,0.3524936545004496,4.142645946489658,16.99520461065479,0.1437404817506745,0.5304711216359042,0.06057264962870968,42.93765863748876,Good
12.757166064224673,31.590220890370638,2.5037591007677946,10.490835521562108,6.66661383829808,5.583238077473639,0.3314773909190623,4.881408549243662,16.053848744198152,0.08147739091906227,0.2846634640053039,0.01590956367624907,36.0,Good
18.331980523572874,38.957175357868856,2.7717857593016038,14.714577940720867,9.059740314304975,15.15711029639567,0.35931818500112345,5.99006506147319,20.486947852786844,0.3120129842847513,2.0204545900157287,0.09,44.13311692858748,Good
10.275454912651469,26.323797839035073,2.1612299303242,13.556792891038146,8.81029486014084,11.072058972028168,0.28564172472983346,4.925401393516003,26.1753741290525,0.16374331010806664,0.8712834494596668,0.05687165505403331,38.31283449459667,Good
18.395999660537026,39.47644169102255,3.4759962659072925,15.006220675779788,9.913328807160354,13.698896621101062,0.40911084708435397,7.9675450699214885,17.371349853864707,0.2693335596419823,2.717551859180956,0.09,44.84444067263363,Good
15.284332243694942,30.480600348442508,4.666389240128913,12.834100312524189,8.948739570612263,19.331613495939838,0.38,7.866912834973139,13.90477741456498,0.11001535071965651,1.3974347594414598,0.16522258543501933,38.75115130397424,Good
10.385154596447805,29.52766937721721,6.135150125079531,22.6438754285681,16.423819618166014,12.541519136268406,0.28908583541799215,8.030635112571577,13.192412102701782,0.3521330506913516,2.2785322027654065,0.18274249374602347,38.969527847266406,Good
13.291798052990774,26.10044692263579,4.098213842619142,12.570493482967251,8.400164494322416,23.751762366161024,0.36265570037850553,10.895005692277907,12.462996584633258,0.19539364791821956,0.9630317604089023,0.037344299621494464,38.0,Good
18.351873200371383,39.11852706967898,2.9906052040851945,14.805200135025181,9.32497600495175,14.703999324874093,0.37479026695551876,6.604527744804889,19.51883758192611,0.2987511997524125,2.237063737377263,0.09,44.35414667079313,Good
20.871201857778118,55.76374738170915,5.933118780414753,39.00544807837594,9.302279976135054,32.8817530299852,0.14546112817577567,4.063475810928633,14.871064064726347,0.11723423477610227,0.9614200914094714,0.14737604315089814,47.014180837479586,Good
15.412921499919488,35.15850283282342,2.2917601833950587,10.502845966918935,6.5805240085118,5.673146074995975,0.35419476666129923,4.103520366790118,17.10790329131107,0.14629214999194887,0.5717230915365065,0.0746068249557187,42.89513083346752,Good
10.361052264604558,23.700579626881193,5.128702603046909,19.70975486765147,13.778778438171853,12.039630251519945,0.30312973969530904,5.2674810412187645,16.893250255912317,0.44838163557343264,2.4797995487435314,0.2597860216843488,38.0,Good
19.486046962636348,51.25131057246121,3.0615517522968223,23.40056349295591,14.728008527992014,13.476779088815483,0.2963543224304808,8.36992745338761,15.769252920494703,0.6225549649638955,4.902672371554767,3.302841004777994,41.91141939237979,Good
15.30367706318317,41.903362815370556,6.769551128826371,24.192197002460034,17.886811724535256,19.926778068695,0.3094775564413186,7.443945133746437,12.601192031887468,0.6991895276056509,4.536650882197296,1.4112793018403766,48.87206981596233,Good
16.71920240790836,36.30469109420995,4.359022627396813,22.859561968931448,15.27539879604582,21.393801327820473,0.22955740084732412,5.54079530804958,17.958501558198677,0.5477870042366206,2.911503009885448,1.415666182771076,43.681419971755865,Good
19.479903628000823,52.189609291846615,4.805585359485646,22.595347039566043,14.987039974297788,14.215625715250214,0.3,6.914977212039376,19.87159134257589,0.5175113939803122,2.7868068745348653,0.22910795671287945,37.73238701386383,Good
18.56298626207079,41.7126503442192,6.527897657783701,23.34731407253154,16.737756032458783,16.364911395712912,0.2960600669204657,5.907367447405433,16.192774177919485,0.9644523518331696,9.207543948307476,3.4893637475460793,48.0,Good
15.564559098625816,34.4101753826753,2.302685374152032,11.353005952339442,7.046502976169721,6.01049596086271,0.35466432823099603,4.011094706644661,17.0632164115498,0.15632514880848608,0.7288702168202794,0.058657312923984094,43.69964923464941,Good
11.172761070836868,33.240526806861915,2.6848438957871306,11.508609775353044,8.108585372855652,7.809043996265737,0.3665707313572174,6.460863417785043,20.595873107013563,0.20884877628660878,1.6850340917259143,0.06942438814330439,47.0,Good
15.281616092385972,36.416994684493744,1.9559980572443059,8.801031488564307,5.468048460604724,5.4858894795006945,0.3552603005856944,3.8212583578300006,18.581680095036248,0.12947939882861112,1.2117023825829158,0.04,45.10412023427777,Good
15.563062581967582,36.10939635246136,2.17665202049152,10.032403909834906,6.247711276638524,5.6806531290983795,0.3642041721311722,3.8733040409830397,17.771026403690158,0.1613062581967583,0.8144511741809255,0.15718442008217057,42.644895696720695,Good
19.58404708638834,52.28698146397613,4.1400868225977305,22.92047086388337,14.848758389383693,14.215011185844924,0.3,7.6696132945527005,18.399467349370408,0.5861883455533479,3.6774075844798073,1.543402577309506,39.05353147912527,Good
9.988223932455563,19.02596365322728,3.5684710427017774,12.647046559964991,8.668072225017697,13.112146264386013,0.3539791050877125,6.7728394251927355,15.479829212000464,0.6008262562106649,0.513675221684235,0.07765432677194749,36.0408357964915,Good
22.28079050428914,44.03914799415617,7.289584247337199,23.48684037546768,17.12118527790886,16.153077143934546,0.3257380566814414,5.237671402268436,20.080645086562125,1.091891866025684,6.979334412919641,1.6045527787725808,48.83160103057166,Good
8.133693436564391,14.970568127408836,3.2273570357290495,12.856822475394912,9.290512182284338,6.190601694483535,0.3442093485236948,6.029487817715663,14.870609153833467,0.7094579803159303,0.43210840393681393,0.007895325738152614,36.473644950789826,Good
12.250066912464403,24.836037942994984,3.2607612374479302,14.010891128919067,8.73543257531242,10.36874124150408,0.3,7.307690309361982,15.419513501370291,0.07673226797851312,0.64923876255207,0.05115484531900875,32.0,Good
8.204328345709444,15.290679524172583,3.14019055210324,12.706535434660758,9.182305512955747,6.767703930902685,0.33519212607964555,6.137694487044254,15.504820465731598,0.5892283477286073,0.45615433045427856,0.012403936960177227,36.17307086932152,Good
19.75456565343053,43.165160666361835,3.209270138444887,25.89097978700685,15.678853643693397,11.797389937623151,0.38564458542522645,5.731186042902585,18.523696960291584,1.3890241959531697,12.094387135250717,2.5971082914954717,46.435541457477356,Good
18.102530151594355,46.07805333481355,7.9251609719102,25.951715323215385,18.898833027184182,15.800201141354613,0.29484909496194844,7.066524150688739,11.442374213120228,0.9915090503805157,8.15786719572298,3.636991966111118,41.37877262595129,Good
13.19712334541715,26.06473611720769,6.782719104046705,16.57752770598561,12.125880907873096,16.8609914338205,0.3597531899676849,6.696378721628966,13.544238303451822,0.23785958182285627,1.755923440775562,0.4920170131609862,41.337446833871915,Good
16.383449939546217,39.481074046599545,2.576021156171299,12.135440753568734,7.981971791771601,8.354770808144258,0.3459858958858005,5.312430175483085,16.612940057514653,0.16096826574305112,0.7709330054575524,0.041003526028549876,39.89964739714501,Good
15.037146086790818,29.777398350353184,5.180650095297266,13.426494723035802,9.40759663199176,19.003452563498154,0.38,7.649559490109167,13.822382028930273,0.11569779110825709,1.3732843877899072,0.24761797106972777,39.17733433311928,Good
15.803388106721206,37.631458009234315,1.992402451513741,9.27938393227355,5.71498969676799,5.69266940533606,0.3802258737814138,3.504804903027482,18.832464138018665,0.18533881067212074,1.2029774391992851,0.289363458696664,42.24435315546465,Good
9.181302642461265,30.4294160950076,2.6295794474837457,10.948703296408215,7.693790911515768,7.602488269054505,0.3599649539569788,5.742599346053048,21.65150697984991,0.2198948618709364,1.8888434805803007,0.09,47.50175230215106,Good
19.445631669413697,46.12110588650819,4.163213939251237,22.588637414645657,15.082487873793278,13.366706216152567,0.2599104544384274,5.331253637862016,16.71918438898047,0.3534825759359543,3.230089545561573,0.33678606074876344,47.33930303743817,Good
16.280394213942497,41.29664899319874,3.890322641383887,23.034283332963668,15.089372892806953,12.761164842832859,0.2580107547127962,5.962491006357661,17.608082327271404,0.2413261635248025,1.8609497485769342,0.1946415723368088,41.0,Good
7.7812808417327926,10.91038418639864,3.769095876423911,19.81771151984952,13.31880773662493,11.721828950120498,0.3002260308940222,5.691582216258156,15.025897506212898,0.4945206178804448,1.8703560151883842,0.14992465636865926,39.977396910597776,Good
16.738255738270748,30.239132717369408,2.9818265434738818,14.123680514195973,8.552400160686242,9.516053247634005,0.35549334404574945,4.920624454552741,17.288508262816666,0.19070673629737134,1.0028269451894853,0.08098668809149887,36.0,Good
18.167859081955655,63.094903348176764,6.958893406554102,25.066579043275876,18.43333288294641,16.016448959350466,0.31,8.035939023935986,13.406957543604168,1.134439476392306,8.304059624903237,6.772734873754213,49.26928636065188,Good
12.425597399970068,24.998281262123726,3.271950431870602,13.840255913973321,8.668297408776388,10.51559941830165,0.3,7.310487607967651,15.292935739463815,0.07463429402426214,0.6380495681293981,0.04975619601617476,32.0,Good
13.592676935225393,30.971866568906314,3.2882969346609143,13.506805109839277,8.467690657342215,9.34461868531557,0.33850817517836146,7.609795910999619,14.888998685880049,0.13326291982751756,0.8983649643277076,0.06044277375146977,36.29836496432771,Good
14.478338193497079,42.269520270060596,3.6242024892512434,14.646410810698981,10.181159814895041,5.088389616148023,0.3829689900367885,4.749955476663062,16.66066472260117,0.44484495018394243,3.2360047650789845,0.26890697011036546,36.26366287362043,Good
9.899008907762017,22.43667409386888,5.535419449833897,19.75451002428267,14.052932443370572,11.583964368951932,0.2638827022651771,6.215753527514332,17.08576466831765,0.39941351132588565,2.8526800323768926,0.13135486245847422,31.41759466022343,Good
12.006104255745011,37.598171742560986,3.5676680919201873,15.392747418299338,10.42662553447007,9.795441952345907,0.45220851149002345,5.9809090965786815,21.372014602563212,0.40885167404434936,3.155839834481178,0.2955300927671864,47.833039531929074,Good
25.80977180837923,66.55992066658669,3.6716628762164367,26.930856175771126,16.62513392916371,10.190426525154038,0.4110776842357818,6.333335561052037,13.3040727367032,1.3163074385880729,15.658495790610182,3.761646384441165,48.31537192940364,Good
13.375147115660164,31.075266393453017,3.204406510972081,13.423890156193337,8.371119123095768,9.537761753808464,0.3394836452212549,7.9434066656691655,14.948502358496548,0.10497428858360872,0.7032709557490257,0.0536144834512159,36.103270955749025,Good
15.936682988557296,38.548142387071564,1.8750745300143423,8.788440507128936,5.370845394500221,5.693067857057223,0.38945272555714916,3.283648496285672,19.492404887371286,0.19854060148573113,1.4480266918284788,0.36397998112864083,42.0912124071418,Good
13.768507905374019,27.203689723865587,4.0318149703229045,12.417265316129779,8.349088438709927,22.99753927828325,0.36606077075267157,10.375732460217586,12.77456052386945,0.17666576086030636,1.0566711956984682,0.03393922924732843,38.0,Good
8.00936877299673,14.400284593080116,3.381070341440326,13.138525140313337,9.490621080446314,5.197921357962384,0.35983533208610363,5.839588330215259,13.763430581539506,0.9188198799504096,0.3940892531950926,0.000411669784740859,37.008233395694816,Good
18.175983244356225,43.259576696531795,3.5331526208981776,15.169101912729468,9.436305241796354,12.679847765184528,0.3579322052594804,9.26479656062377,16.727322162904148,0.1596610262974021,1.3021017472654517,0.08379661577844125,48.10338973702598,Good
17.35800316438868,46.65280348082755,6.846240806919114,26.86223724698185,19.252479636095302,11.994804271924718,0.3054400949316604,6.7283190981492265,12.911043101100907,2.5999960445141497,10.169602610620661,3.2459964400627346,48.84800316438868,Good
11.52276037251167,15.669543670605357,5.13723962748833,23.934993327651398,14.276006804708155,20.153915631818307,0.23678329809368506,5.840562764508231,20.236968155330935,0.33191450844908077,3.862148057519824,0.5595238504119106,47.760934196282975,Good
10.25706602060029,33.45745599692915,2.748038997632886,11.321325001599401,8.040212000255904,6.892173002623018,0.3699469999360239,6.417491984901651,21.208869986565027,0.24952299942421552,2.211731990019736,0.08994699993602394,47.0,Good
18.717441204296414,48.383252112479255,7.035282084369598,25.892911344912413,19.045450817205978,13.444534099257954,0.3422439553349372,6.391772163771897,14.01905641687392,1.1637399255582286,11.254387991725682,1.9667050008267544,49.95013432589028,Good
14.345903418075403,28.539947910403075,3.951392023910926,12.231673901332906,8.287224633777635,22.084017092116415,0.3701850244148243,9.746783776739292,13.151929733956425,0.1539823657184663,1.1700881714076685,0.02981497558517569,38.0,Good
10.772653501837937,24.176755051986763,3.5580705223175078,13.776137284438942,10.218188059513354,9.48977620619653,0.3838551951689112,8.765795953439625,15.994465442324584,0.18783168772974204,0.9992797360406298,0.07060272676352429,38.108415613512896,Good
12.47274320697712,32.93464865718185,2.594036320100863,11.771473810234344,8.20417229463067,9.089908748050984,0.36179138526846644,6.503877532583801,19.726032118860896,0.15149662322159768,0.9394561018807701,0.040748311610798844,47.0,Good
14.807079910414412,43.79762519980748,7.013261816029848,25.44036370436756,18.43792297040514,16.855393790432963,0.2784462818749034,7.782429745000773,10.647884241881085,0.608831964165765,3.5157245279155718,1.2113663714604908,49.436914541673104,Good
12.845613546437695,26.176496326795508,3.3360511019613472,12.519810284972575,8.130255509806737,12.455977637871525,0.29070073464089824,7.3067518366022455,14.675029062734401,0.06929926535910179,0.6111459594750599,0.049299265359101785,32.92992653591018,Good
11.53640499682384,33.154963530159094,2.659442298015982,11.582140716269526,8.135323896825282,8.167340217458785,0.3652338051587359,6.472895753571377,20.352552538889928,0.19280566190483056,1.4764736047627975,0.06140283095241528,47.0,Good
12.940235839022453,33.057480371822734,2.4397244532800286,11.529645639675657,8.073543302348105,7.233818849068076,0.3616141744129737,4.450945161461806,19.45897662672449,0.17452756971676375,0.9118112084239056,0.08161417441297375,47.0,Good
15.587754601016165,40.56150062446836,7.092891415790757,23.947382213758427,18.073887176278937,20.601173524363578,0.3256445707895379,7.277655843307611,13.183204548423362,0.7684767319551622,4.993946430904071,1.4158984487970108,48.41015512029892,Good
11.113435075198515,23.793036855247244,3.165675490543218,14.972858283405497,9.088306708969485,9.433278753965888,0.30032005933495765,7.278477863941524,16.24976551815106,0.08903982199512703,0.7103982199512702,0.059359881330084685,32.03200593349577,Good
13.25540485489491,32.014128492142234,5.386195391773695,20.59457597219405,14.58156190084653,14.193047110048909,0.31,7.152528245473628,14.627219255133905,0.5529618597350958,2.9417952273279577,0.22624760338612027,34.156190084653005,Good
9.85586193965473,22.835886593287814,5.453990138546766,19.898177506158206,14.19987673183458,12.558570089281128,0.2580049307266168,6.417807701661944,17.04172575431588,0.39197041564029916,2.9025867564673997,0.10800493072661681,32.39901385467664,Good
11.664159768187533,25.818545606569643,3.3542878661191966,12.62320270364945,8.545855294646843,12.726654135584509,0.30373775346713605,7.878718893004432,15.370354168126237,0.11428786611919653,0.7992388799877408,0.06791258448904536,34.791258448904536,Good
6.47978158817763,12.57238720185449,2.9341047993045666,12.264396015067726,8.590669604404413,4.392838394436532,0.3141047993045665,4.658573618313082,16.141237666993426,1.3176127981455108,0.8483552064907126,0.024701599768188833,37.41047993045665,Good
15.427937953664001,41.00210306481778,2.439699562168889,12.402184180238223,7.409363463552,7.430386910947555,0.31878309713066666,5.806893997027556,16.433650708608003,0.09171079617422222,0.5063136306062223,0.04121690286933334,38.12169028693334,Good
10.233207301811326,19.376096266175352,4.246298914091011,18.00934628223753,12.783105595382915,17.435195656364048,0.349811335187569,5.651001551298555,14.026007777909012,0.1526995346104335,1.451349384834637,0.2007546592497238,46.696661495671485,Good
10.52640290407677,29.87925183338134,6.022402855187823,22.66373620481747,16.335021560575512,13.1074005410499,0.2917458035917935,8.205697858609133,13.138254196408207,0.39626379518252797,2.3354676346922565,0.19396642873434808,38.82541964082065,Good
16.243662373815607,40.11688173804207,2.204516927705917,13.2200453069196,8.36042203273049,8.158235096870454,0.3351831186907804,4.972685740798113,21.075064392765874,0.17,0.8245727230548457,0.04987792087281306,40.0,Good
16.20745319487638,33.361978486614596,2.190877705238891,13.309640158319416,8.024820079159706,7.030740939695123,0.36864028684513866,3.4450683827718835,17.762014342256933,0.2052410039579854,1.5045359199051969,0.11456114738055473,45.7960430267708,Good
5.982926597570802,15.227096307731667,5.338536701214599,11.47013764273741,5.218596339370056,4.431302750745522,0.14679357807840485,3.2122844054112876,25.375151364826632,0.04358715615680971,0.49847706305914175,0.12434862462723886,46.64128438431903,Good
10.62943860756673,23.821138198051365,5.0569415487789495,19.90638015634568,13.82183507073263,12.8046030900164,0.3103058451221051,5.23877661951158,17.272148622447148,0.4584281831709471,2.9333294117170396,0.31432442292799845,38.0,Good
11.28138505847476,20.934614492680677,3.4299998129814324,13.558614754506673,9.601230144876475,9.411847368028239,0.40738460963019796,6.309999812981433,14.35107672742673,0.08584613370569273,0.5169230481509896,0.026307695184901038,42.892308555470315,Good
22.903172295570794,45.5913419633382,5.9300926202890505,26.82051784082893,17.89768340111573,15.469391641124725,0.385457320277809,5.345883591939042,21.944635300011242,1.108079149721067,7.746614043037913,1.351127250825558,48.6371960833427,Good
12.646525060098973,35.15564298463916,3.103530396292796,12.822927697245348,9.361172962041245,10.940939626305113,0.3545139688206185,10.362994663806177,17.861050539088648,0.11840221825567072,1.2654860311793816,0.09256984410309234,46.0,Good
13.479436325450912,37.07112781036764,3.0336817113731955,14.044610360714353,9.647429655998732,16.84857437063156,0.36902156040222045,10.471857298682316,17.202470763488027,0.17472638422331477,1.4314096476421887,0.09293531879333863,47.80431208044409,Good
8.373082854964975,16.477463556677627,2.9714708929807,12.283401674487491,8.850778708048606,9.879371769526804,0.30605191386990704,6.426857894862044,17.806511802396,0.3156785484603288,0.5600865231165119,0.052190350856325944,35.40346092466047,Good
11.102719507256289,24.660490721072588,5.427920008351588,19.62933727171022,13.837725832401036,12.421599832968234,0.2726171380848067,6.09396580734627,18.891313850238607,0.3673828619151933,2.701554451552968,0.157314267818025,32.315428452120166,Good
12.916520508449526,26.015726650745414,4.566779764544419,20.14355474321889,14.037488798840217,10.34811779559765,0.27175736222485314,6.131797380994035,15.743934055621327,0.3935147244497063,3.811752576354903,0.2420918699881609,37.087868111242656,Good
8.995696767431502,31.792286495561925,2.1078394864996084,14.670369304973963,8.79837036239968,7.343007311077567,0.29639978851485654,5.10839873108914,33.89069773395477,0.15917628398369693,1.1119527794525372,0.19167051359347878,48.27764954688404,Good
5.562656681426042,11.683934022989654,8.011975737733584,8.472792226396761,5.39777706248025,11.331538774988415,0.07018976295900309,3.5686987682811218,27.07753308153296,8.132698242989011e-05,0.8392951661522743,0.12983734603514022,49.99457820117134,Good
25.85908874634121,64.33178712824756,3.4301234693950615,27.02596119533298,16.478921231783627,9.813624351319312,0.41949735422724865,6.1085097011667555,13.298024693879011,1.2924955903787478,15.881008214276338,2.5418136370250735,48.23339212828336,Good
11.976878365926368,36.90927576826438,3.100053854821881,15.263318477673913,10.251270195558204,9.311127206779805,0.3937567318527351,7.488129985797332,20.486887653769987,0.25019684360028094,1.9993296230862585,0.186976787726508,46.580501396844326,Good
14.885728683260913,43.24596023598417,7.4256060965250725,25.699904654761013,18.840155265820098,16.286875518142544,0.2818169435683249,7.755464451453401,10.435532555195534,0.6402914733043652,3.553925360441015,1.1360882603074118,49.21220376211168,Good
17.310908458052317,37.31252440940911,2.8916028764741757,19.815327808878592,12.575269395889997,13.763646907091893,0.25262816050368914,6.1278910189523765,20.131810378663328,0.2723426330020123,2.771544463485579,0.23942894499664624,40.588578899932926,Good
19.471761355097556,42.24769090781649,2.77191000265087,24.90116474284144,14.85674812528359,11.044341282759769,0.38893300749886567,5.405632257612302,17.675284065292665,1.435062104984119,12.830993679745903,2.531339850022687,46.10669925011344,Good
19.696578073190455,52.00081567253928,3.4817264299259536,22.814282277040313,14.589272539983545,14.40889907291855,0.29552182380049363,8.938336579018923,14.855907892654464,0.6825363730008227,5.175509222011518,3.4505315608572626,40.40290984006582,Good
16.157531843064103,39.806923816056205,7.039605864235282,24.024669550363488,18.001216054015796,20.222001923362566,0.33237923576646156,6.860732997081641,14.02515260729764,0.8122182167884102,6.576137946709435,2.143972602186153,48.0,Good
18.356766646364232,39.15821835384322,3.044433110006558,14.827492500103727,9.3902219515231,14.59253749948137,0.3785962805055142,6.755680854361849,19.280689876940684,0.295488902423845,2.2903479270771987,0.09,44.408518292935916,Good
17.999451960344246,47.12170897767773,4.588325451579114,29.286503462806824,17.183518967040335,17.815781553149275,0.2472582327489914,4.540314879718959,15.047869562142985,0.26189327811698776,2.2044163156718946,0.26524637476199003,44.33530966450023,Good
16.261655118340798,33.27360578531391,2.1814512837668176,13.474602534080693,8.107301267040347,7.11675703562779,0.3698185895291478,3.3973471240695137,17.82092947645739,0.20936506335201732,1.5699317188677036,0.11927435811659123,45.97278842937217,Good
14.11154983709521,35.411394714644544,4.626502353069209,21.87739326660196,14.867097502126533,12.651493302803022,0.26794998189946767,6.742948171846231,13.664050742121827,0.711849221677108,3.8252446603429497,3.635142452078001,32.38499456984029,Good
15.218795456724706,43.16468859443846,3.0601422621629872,13.092432796911087,8.80723994315204,5.505026881235565,0.37103857075181,4.4989851396086875,16.562439138661222,0.34347770941303185,2.272676242266201,0.18760828205977387,36.0,Good
12.0472424971898,26.222644942358972,3.3222065172923085,12.39059416139488,8.061032586461543,13.36510536447173,0.2814710115282058,7.2836775288205144,14.938076171446136,0.07852898847179422,0.6619094365948682,0.05852898847179422,33.852898847179425,Good
20.104094068420714,42.87544551879796,6.271493859208755,21.606192448402332,15.680746929604377,14.815178860619403,0.27164789652253835,5.650399137687819,17.2197234124992,0.96892513712356,6.862414684771411,1.9663762736828607,48.0,Good
8.457395517336879,16.43755840835649,2.827894893499171,12.168094643964087,8.794628143654142,8.835316567177903,0.30288567863784527,6.525371856345856,17.77704060247155,0.15847571517127015,0.542304856965746,0.02855716068107737,35.096189287928176,Good
21.773601303068347,66.79697550306554,6.566227195326565,25.945207118832766,18.583955472699444,13.633959939267811,0.3362182621898302,7.375129184524863,13.715799557955933,1.3412605792700567,12.28982179854236,8.278164847880245,49.56302896350283,Good
19.527970837027357,42.4300449247748,2.8588386200539357,25.09789792959575,15.02014778205627,11.194015368363544,0.3882794088717749,5.470338521694282,17.84391251108207,1.425911724204849,12.684587587277582,2.5444118225645016,46.17205911282251,Good
7.024026265955292,17.149317382319172,5.114889576551631,9.779437844262848,4.677304249341527,4.65975907611265,0.14249498075234687,3.0600602309718377,26.19494980752347,0.032494980752346865,0.5525552117241844,0.09993976902816239,47.75050192476532,Good
10.023870396657465,22.973893540111487,5.4659907426183905,19.682166632868974,14.34988428272988,14.298657679666595,0.25200462869080487,6.651819481058611,14.941620041781695,0.4279722278551709,2.1885508142057764,0.10200462869080484,33.59907426183903,Good
10.457532601355657,34.07769181338701,4.420697120454727,10.717235782249489,5.428598557438366,4.886025017439786,0.17972744496222448,4.408364669773347,29.395380967662177,0.05623009849608042,1.0227327520299363,0.15049203939843217,49.65026535338559,Good
10.747021564063752,33.34070080845559,2.714583052510253,11.422522742733479,8.077280997357628,7.389565364592226,0.36813595013211853,6.446776448810932,20.880742924045578,0.22763140158542272,1.9292082206104955,0.07881570079271136,47.0,Good
14.108787742854151,35.3217801014902,4.6663992698845,21.763226704638203,14.8247453904303,12.537940539559502,0.26764308253935004,6.711951336474351,13.67663361588665,0.6986525491920501,3.7347093491082504,3.507165418908951,32.292924761805004,Good
17.63188022690077,42.063601464926805,3.312357193524949,14.556657453468013,8.994714387049898,11.815065674639383,0.35267517127440356,9.404107961228307,16.364586817933844,0.13337585637201774,1.1549047956832994,0.06802551382321063,48.36624143627982,Good
13.205641016972884,31.17975228955024,3.0890569204561373,13.06766618226793,8.14126029309728,9.201442781001576,0.33907866130462516,7.76989129575756,15.09608867561723,0.08907866130462516,0.5659104682711309,0.04631464521850064,36.0,Good
11.258152994994713,33.30822564049768,2.633007264550297,11.399049145574123,8.05264786329186,7.019640598741563,0.36683803417703503,5.683776065780273,20.55598717717736,0.2215423075933155,1.7267333316174684,0.08683803417703505,47.0,Good
16.89085163368376,38.894238282093646,3.7370402642932854,14.880621070865725,10.31819746182862,16.50063539747347,0.4035322670318023,9.013423053065367,16.265955876068908,0.2723507997261483,2.3636172112279197,0.07764920027385169,47.058466621024714,Good
19.14557219687635,50.705549550875325,3.752515247515643,24.00640829673473,15.51911166019907,12.94603901277784,0.28634035873165736,6.337092822526442,16.920858745859405,0.437296636535661,3.866227128726536,1.4702856478932955,44.41491031708566,Good
17.081791444194337,39.015584580389714,2.3963640209093273,13.49651906301273,8.127298503532344,9.203870657247078,0.35096102797401924,6.632548569365553,17.265686531791115,0.22893490562327862,1.0137400454933747,0.15605182170122098,49.0,Good
11.642368981209666,25.78350062957431,3.3572082808688077,12.644768843338886,8.588088984871987,12.659933890920318,0.30575957906302065,7.929713827478411,15.403601966814119,0.11720828086880761,0.8102465971208903,0.06858652635434022,34.85865263543402,Good
18.03977287312812,39.420437982543774,3.656086464224035,15.0238470248344,10.153176253995149,14.140520764685329,0.4159866978116869,8.549495506514663,16.58665746865094,0.2630099766412348,2.746590957709373,0.08699002335876518,45.50166277353914,Good
14.947784066623548,30.697716775809113,3.073543355161823,13.740862517585436,8.432769536745448,9.579856247069095,0.34751796911636323,6.567539377470989,16.100177398338126,0.1388667992563611,0.7954671970254446,0.06503593823272649,36.0,Good
15.29619343185744,37.76180678743475,10.61645976997927,26.041496442403655,21.037613136285124,14.407364860260248,0.3092043787617073,7.255631417674268,11.927054515229152,0.7869890530957316,3.9164744389490247,1.00613136285122,48.0,Good
18.35948702078495,39.18028361303349,3.074357228634456,14.83988531690922,9.426493610466007,14.530573415453905,0.38071212727718373,6.839710197579583,19.148298321799075,0.29367531947669967,2.3199697818805722,0.09,44.43874467538834,Good
12.23880414482646,24.92583587208246,2.9612873692336357,12.134533250505473,7.65918242675984,10.56399328579315,0.30422513729093875,7.16099450836245,15.567687617717215,0.06,0.5008480779268576,0.04,32.42251372909387,Good
10.537431969163773,23.522545164236746,3.701408643790826,14.367866452572382,10.60042305010887,8.09682369239172,0.4022318774090802,7.725675738646061,15.377008919054905,0.15842899614547168,0.7861102220546695,0.044875371627287705,39.57855019272642,Good
7.317076664943341,13.705332201637296,3.199918229307309,12.904684839389173,9.166814311838799,4.827666100818648,0.33651107338790986,5.522899490736783,15.224143092153618,1.0609335596725407,0.6209744450188861,0.007829642204030039,36.6085178897985,Good
16.259114487812905,40.08262955201473,2.2235745349692486,13.156949174763973,8.34110689023387,8.171884464234733,0.3359557243906452,4.984017291062797,20.843282682806432,0.17,0.8227699764218278,0.049362850406236516,40.0,Good
12.757823098093839,39.113209692216124,6.442126969916519,23.6673566349285,17.06809415746618,16.51019259481719,0.2880014266282755,8.543466485305713,11.619700408062146,0.5946847372914895,2.2846918704328667,0.21800142662827549,40.06661911239082,Good
19.302697128045835,44.21244716675458,7.196461913612805,24.180703359650813,17.114966093821952,19.35453398359553,0.27916101563699186,6.5557140037173784,13.823538086387195,1.1300678123560977,8.950635547294715,3.0826991020241863,43.37415234554878,Good
17.70315507544308,36.63112163176233,2.6979939691723245,18.90511450442054,11.750545738811981,14.45259288891926,0.28028657583252503,5.770846021071041,21.3563238573127,0.28742904136319547,2.663425203563766,0.2142849310613409,40.08569862122682,Good
23.01414266149416,45.626816096707145,6.012183403277442,26.788454681822383,17.931338348158064,15.56853729592511,0.38568471856863557,5.3065436876260454,22.026498684708805,1.0996654129604837,7.618134008720901,1.2945050764097419,48.705415570590674,Good
9.40889762399359,32.43827656708857,2.761589198525072,13.55298107314409,7.8458744911697025,6.648519486433306,0.26342131639487765,4.910527898369266,32.62005660227322,0.13007763211312734,1.086733947831377,0.18003105284525095,48.66563157182497,Good
13.325274568404652,32.93688786188949,2.4285011553743256,11.65083525895721,8.123112138110512,7.911653459442886,0.36,4.730154614817211,19.195446241693396,0.15191647410427905,0.66,0.06652745684046507,47.0,Good
17.122564785193326,46.39382126371265,6.7862040202242975,27.06706863688181,19.27955504970277,11.676962460010987,0.2983769435557997,6.7954190362199025,12.680313489489457,2.8942940185083463,9.975365947784493,3.5108646166575115,48.61256478519332,Good
8.27338845359431,26.941482718818992,2.476653848001323,10.778409604392126,7.486719223194574,8.101586550008271,0.35333461519986764,4.886600009606881,21.43141734362574,0.1849980772001985,1.3882673172068154,0.07832884680046318,46.999615440039705,Good
15.16569745347864,40.22223752505086,2.551108924992735,12.904383308044174,7.70245578728858,7.629209773833188,0.31364112653879683,6.159975977669283,16.44907662038361,0.08485483538506247,0.5611613169195002,0.046358873461203154,38.63588734612031,Good
11.541166351574324,23.653386516461065,2.2887186153931105,12.494656148287632,7.772734071377298,8.140115033032567,0.32513729120788104,5.446545461627659,19.31967840646295,0.12054916483152411,0.7126542966856999,0.05513729120788104,34.00915274719207,Good
11.998287050062853,31.82213890608297,4.766395050613033,22.317025717096307,15.098638877947204,16.535255174368597,0.3048292182227809,9.147703712040226,13.125170781777218,0.742974282903694,2.826095683354284,0.2986337457822473,37.517078177721906,Good
12.578608631636046,25.139709970277142,3.2817041358811823,13.691511927811971,8.609775184712907,10.643616783440516,0.3,7.312926033970296,15.182596962844126,0.07280547452227834,0.6282958641188179,0.04853698301485222,32.0,Good
18.931569021171786,50.36251504864301,4.186815809974904,24.38720806526785,16.016354333159672,12.612445827120725,0.28004614768152314,5.059367979349196,17.64469301662484,0.32085373210817797,3.2147762850376442,0.31844502571873345,45.988463079619216,Good
9.316827881548754,24.138989179264446,2.6888232263406016,12.554882109476932,8.863271263891296,6.983244967212035,0.38237984399805885,4.688511575895179,17.345694639332386,0.1525720936011647,0.5423798439980588,0.02,41.75240312003882,Good
17.78344955477396,42.396761098657734,3.3738635874445055,14.72726447469726,9.11772717488901,12.055965717490981,0.3541396092248692,9.365300355540967,16.465633036515975,0.14069804612434592,1.1959090582963372,0.07241882767460754,48.29301953875654,Good
15.100001429342104,30.285146165048864,3.846356943770207,11.989285254854323,8.206428418284775,20.890926310005174,0.375571438781015,8.92535558589521,13.644786648462874,0.12435708670441739,1.318214566477913,0.024428561218984977,38.0,Good
6.31299527262972,12.598549761156121,2.924293839566454,12.476966809393495,8.652805682745791,4.314350716531633,0.30429383956645406,4.916928891416709,17.086360121764923,1.2914502388438776,0.9399241640464285,0.021431279855484698,36.42938395664541,Good
19.348411666423306,45.44886233568589,7.666817647765067,24.622497252210586,17.66545199578161,18.583642117627985,0.27818178372677854,6.8206813099699835,12.809093734404161,1.1581821627322146,8.474546109191209,3.0286351060274166,41.795455406830534,Good
11.642642159756905,25.78393996826884,3.35717166931093,12.64449848106533,8.587559525419605,12.660770324204133,0.30573423259987476,7.929074533352396,15.403185158309052,0.11717166931093015,0.8101085997104291,0.06857807753329156,34.857807753329155,Good
18.44700464652128,45.9040879544324,7.853731477978865,25.584199056052547,18.557814798092647,16.569796334034162,0.2902407405147655,6.998550922592791,11.82025927778923,1.037592594852345,8.245425930219456,3.468787028788941,41.49398148713086,Good
20.19338070545342,45.68710777341995,4.141569884023514,27.199870114057585,17.131712000383782,12.79556235023214,0.3603708233488093,5.988201408987943,19.673294114825147,1.253566117127827,10.295104936255054,4.167466366350908,47.49072941627977,Good
15.85914228987074,40.71958824402935,3.9128300760358723,13.439416793851171,10.457718472686627,7.312487175679514,0.3817667175404684,5.60262442766973,18.397701373592646,0.34015435108419795,2.9683016788354575,0.1576500763107026,43.48541984627928,Good
13.67115763490196,32.24270682762129,2.871288670494119,15.147421110052655,10.02433356732773,8.686309218960224,0.4709870513366946,7.229699929801682,21.163945107428567,0.2214592540593838,1.812703729703081,0.1778111189109243,49.463518648515404,Good
14.095906059099878,34.90384102857381,4.852468035223991,21.230783776128273,14.627226239531456,12.008360207439413,0.2662117843444309,6.567390218787516,13.735316841878335,0.6371067268105263,3.3124763816070986,2.9103140716276616,31.863535303329254,Good
11.711540706087005,33.240639894744795,2.580909918865779,11.43425005482042,8.058280008771266,7.077370089905488,0.3654299978071832,5.35147948249524,20.260299539508477,0.20886998026464895,1.507079657920582,0.08542999780718322,47.0,Good
20.125248004306222,47.0712773861999,4.40692882533366,26.629706983404706,17.192672838252328,12.365250553512986,0.33168337023419897,5.5471318173508095,19.22505265990936,1.1710896894233223,9.513371838881923,6.297509760110724,48.207915744145026,Good
15.74149882838233,41.934588019045485,2.3064874258506447,11.801704858065213,7.058913074160927,7.192654483056534,0.32493134957612413,5.384713995772812,16.415205951271627,0.0999084661014988,0.4407322711880096,0.035068650423875906,37.50686504238759,Good
16.731033418579077,40.4267839875249,3.9161261376698033,16.506029294720147,11.48744183737999,13.498769340164824,0.3498181171753312,8.184055745154865,17.72113381688552,0.3139860637112837,2.7458320534640475,0.1547832764535404,44.46013936288716,Good
18.40027285036009,41.603519975461815,3.625136425180044,15.235361543878508,9.861684833822151,13.20491130648158,0.39081855108026353,8.793949560416443,16.77754434675921,0.2162278266203953,2.1356002021866325,0.09,46.45907244598682,Good
12.627492456357903,26.18910448229145,3.3322686553125647,12.484507449583937,8.111343276562824,12.704358301141578,0.2881791035417099,7.300447758854275,14.74689554906127,0.07182089645829014,0.6250149305205958,0.05182089645829013,33.182089645829016,Good
9.758670979062298,32.0821671628134,2.6952516753435787,11.151192665642702,7.8825985666127885,7.213927587550492,0.3654376396119649,6.117478313419595,21.416181496685507,0.2363129188358947,2.069442107194842,0.09,47.228118019401755,Good
16.491329299353392,44.1644760209529,1.9879319970067288,10.36575500189187,6.220867253663856,6.624155563888932,0.3396339078304587,4.375138328975171,16.371098276508626,0.11951187710727822,0.28390498314177426,0.020366092169541335,36.03660921695413,Good
20.16370411322899,46.29001117334783,4.257152401108132,26.95152389491631,17.15826474079511,12.608131241446273,0.34787541609641814,5.796084522482429,19.478053376506534,1.2176418212772022,9.954605088627396,5.095250354840951,47.80311459758955,Good
12.003248405614851,27.730131401792722,4.675842946744394,18.48953156081001,13.26240667785838,15.040682095224527,0.3634491652677026,6.258957512590676,14.02890348908808,0.2692380885095003,1.9930887730829068,0.1887567529378245,44.17245826338513,Good
14.586101508896876,41.71111036298892,3.410635191458918,14.348592193594087,9.693285896085051,5.664433520285121,0.3672943259786362,5.106554083986027,16.617559396441248,0.3664716298931809,2.669757525978232,0.2218829779359085,36.851462775801146,Good
14.042717778623485,27.838289716242922,3.9936214522631577,12.329126428299594,8.319708809433198,22.563700085963557,0.3680194127044535,10.077039562570846,12.953776262457493,0.1658932301255059,1.1105338493724703,0.03198058729554653,38.0,Good
15.881434649151483,30.054411894502817,3.831210722311895,14.249052128941003,9.190491191188265,7.975226133387478,0.33519603516572766,4.577027167744446,14.991792208165409,0.3522878124494525,2.3436622651574357,0.11480396483427234,37.65359765561816,Good
13.351263208122218,31.08661928223787,3.195195676674936,13.414786424620576,8.360515953381613,9.558968093236775,0.3395907479456403,7.980035797408974,14.955035624684058,0.10186830957643189,0.6818504108719445,0.052864764380518056,36.081850410871944,Good
17.216765069662898,36.955013674656584,2.1142524257178543,13.723541752559296,8.231770876279647,8.208260218227188,0.36342524257178543,3.8370835051185908,18.42172816853931,0.3086213614232185,1.3235844602996318,0.2120466039950039,47.97242722846437,Good
14.880547669805685,30.37972779045987,2.8384807551745506,19.22989995312584,11.87666883381695,9.104292026387066,0.4913503328849022,6.808136429842608,23.52487087800052,0.34095760947859194,2.956720482616741,0.41461588472698835,49.772649016970014,Good
10.093965600165554,21.61990163071358,5.473056125503181,18.661564877694495,13.29115932500652,10.33148702652258,0.2888201568789759,5.729012674165712,15.036669284752065,0.3281237176178434,3.180348219630566,0.16764031375795171,31.42359686242048,Good
8.742380529830877,25.376357999285336,2.3675859232951453,11.427363756393886,7.9338977144899046,7.419912020594658,0.36424140767048546,4.319446801134755,19.310046208090576,0.16863788849427178,0.8265675049699979,0.04015507315330083,43.727577698854354,Good
19.226488297372455,47.922635165756304,4.174598010526107,23.35421620788064,15.480930368413716,13.0451062026375,0.26844850789457964,5.211720889475885,17.11478086578219,0.3392524868423673,3.2215514921054202,0.3254019894738938,46.77009947369469,Good
15.958999248061998,39.06941671415451,7.257474848291721,23.490238552052865,17.957927708297486,21.363073043640515,0.33471114453057793,7.03215617381569,13.856021236347951,0.8273555722652889,5.232519576801633,1.3292079811082536,47.47111445305779,Good
12.352127684750844,23.602651417570815,2.120785599229957,13.007184976432072,8.372111308015365,7.120081829891502,0.34,3.9232242268113304,21.932733193676423,0.17721767611713876,0.9582651417570814,0.07,35.0,Good
12.353212143214256,32.29064002904282,4.463525637790502,22.23342113959842,14.800501799700024,17.361836280196755,0.3079841079396823,9.374855771657122,13.122015892060316,0.8265788604015801,2.944404047738085,0.3238728635174582,37.20158920603177,Good
17.579932736120004,50.26012550833123,3.5363234170078055,16.814552389391707,11.383811110752188,11.245254838397067,0.36487968936292675,9.91438805142632,17.525870608705354,0.09743984468146338,0.6641578255404873,0.05231953404439013,50.0,Good
5.676175293769984,13.710328596835346,6.168456255540878,11.323555653225235,5.487131470327488,6.289113765145067,0.12808764688499205,3.35217132418128,25.569721180990207,0.03630477930312004,0.5640836772962877,0.144521911721248,47.095617655750395,Good
16.277437032420703,41.44512593515859,3.2503037717945906,21.721663107800357,13.98663715706165,11.555933447587533,0.2659296290525882,6.184974049261293,17.387337048000823,0.2340703709474118,1.8196481452629412,0.20185925810517644,41.0,Good
16.238177013138017,41.523645973723966,3.8293890562142647,22.95344621279475,15.007397658411586,12.527618924834105,0.261022126642252,5.973951445616835,17.480579593797213,0.238977873357748,1.79511063321126,0.192044253284504,41.0,Good
19.74549970753398,43.90000083561719,4.388873464553406,21.689437567893897,14.739436732276701,13.861061721831488,0.2524374843321776,5.490312369434813,16.368061805393207,0.4374370665235804,3.647872378251053,0.5319988301359277,48.0,Good
13.227351885032848,33.37377748157343,3.2973421903684654,13.704418414763946,9.567847653176644,8.764926237508467,0.4430906899163505,7.3666457040470075,19.870568350667156,0.23160338548496345,1.7619830725751826,0.1625949217725548,49.20991536287591,Good
17.64759745957992,45.923275393726676,4.443713282931267,28.022803660185343,18.162402540420082,15.819951949115092,0.26046045209575275,4.652491538915813,15.088648309877987,0.28920904191505503,2.4131822170594424,0.2894392679629314,43.953954790424724,Good
24.574345855093952,66.63248045982446,4.5576561410145375,26.62916019336143,17.224706957496906,11.244452995344881,0.38816406531858955,6.652216757649629,13.430097640747757,1.3239453115604702,14.62738293933653,5.144101392445098,48.697265578023504,Good
16.816147468075,38.70952472653256,3.2558779983322355,21.166196328422693,13.700644063016117,13.092485934204277,0.23686259994440786,6.307910867574671,18.757132069687174,0.2554249333703948,2.6152339353161196,0.24398726679638166,41.0,Good
18.463879864964305,36.54541086796556,2.414796733099352,16.08628735703744,9.569354154399148,15.749037961442584,0.34374435369720424,5.2321499292266616,22.902904366719163,0.32,2.2278049003509723,0.13378952411957046,40.87217684860211,Good
12.299936232082466,22.340510665224578,3.4710401998822618,12.361365677203837,8.088270584724066,12.834199060279566,0.3744862768506225,7.693120599646784,13.748934292950725,0.06931078460632782,0.4296490155114106,0.012067646181016564,34.79323538189834,Good
20.014892222400547,42.32638977224502,7.008812881236773,21.826705937422773,16.18355848924143,15.39392065883623,0.28231963196466364,5.747062372921075,17.388192019074264,1.1659787311849337,8.396858285915153,2.7198993900211623,48.0,Good
13.46965274873037,26.14042469660518,3.3468725910184456,12.620810849505494,8.184362955092228,11.745366523122064,0.2979150606789638,7.3247876516974095,14.469420770649531,0.06208493932103619,0.571467166265699,0.04208493932103619,32.20849393210362,Good
19.837542261922884,50.88463163780374,6.469846454317776,26.070619685785843,18.642914499621465,12.87505964327719,0.35436043312176196,6.3473450785535395,13.905969290863554,1.1839340552029365,11.98003038362552,2.0569054465731167,49.68087926396085,Good
13.475804165581717,31.32441850315681,6.093253046407115,22.17417764237816,16.210605090308388,17.705869544552243,0.2708931380174429,5.989824518191872,14.291532149342753,0.513397070261643,2.8166815746223604,0.23323731743031528,46.64274479302285,Good
14.118947029633885,35.65139251701046,4.519654016399454,22.18314389153387,14.980521121052888,12.955600107170785,0.2687718921815427,6.825961110335809,13.63035242055675,0.7471913638063346,4.067708193555085,3.97787903970329,32.6315676544628,Good
10.881664414098621,33.30902013785915,2.7051778534269344,11.449748319027295,8.087181206919016,7.522228172714818,0.3676409396540492,6.451231543113557,20.79065101703695,0.22169127584859025,1.8519865860316735,0.07584563792429512,47.0,Good
7.129105998086486,10.978482333652252,8.685084193936664,39.897507751185046,5.1887905913920935,26.021323247200982,0.12475930717713085,13.976381332052812,17.304818596489955,0.09779463987262618,0.40297130335010284,0.11662082041469159,34.993123062203736,Good
16.734339692516706,36.29360843940741,4.411462506218594,22.800094065112937,15.267830153741647,21.447052132603417,0.23117925276964724,5.556202901311649,17.878490196697403,0.5558962638482362,2.9304246156458844,1.382688527017173,43.627358241011756,Good
13.414361644053614,25.46858751124014,3.371126197429676,12.599622144590773,8.180498894680298,11.765887803286535,0.3130007368798006,7.393378592289028,14.294618460191769,0.06162509210997508,0.5372487104603489,0.03512472367007476,32.487527632992524,Good
15.027721112297483,39.34972509447102,3.958779385474209,21.548174055928225,14.762884217248498,10.015361053920433,0.2633214641265494,7.001139443851259,15.600294816396643,0.47042729144422196,2.4811394438512586,1.7193491073998382,43.67141434938024,Good
12.93266468617884,42.688914643028646,7.258688728479472,17.275986044436312,9.059117413372196,8.235008463147713,0.26031883657323596,5.621632180730497,23.596980552020337,0.3955722132022821,2.31159418286618,0.3926266883145231,48.68855573595436,Good
8.916431388727728,17.555716469713566,3.6113427444508908,12.795836583682503,8.953042948408864,13.20041153269301,0.3413697810438556,6.313860029996345,16.342306976600277,0.8580564667053452,0.5590687882421197,0.11043856928597537,36.54520875824578,Good
10.603237483604737,23.809368709212823,5.0639471968971295,19.887184680501868,13.817631681861721,12.729922881076602,0.30960528031028706,5.241578878758852,17.235158800383157,0.4574473924344019,2.8890537156101423,0.30900013035818175,38.0,Good
8.663797099388429,25.638607354366528,2.3858611396771097,11.318626218921196,7.85896932732385,7.534132122981936,0.362413886032289,4.41447792632097,19.665499166719783,0.17137917095156646,0.9206848693371154,0.04655139888698842,44.27583419031329,Good
13.632300139262684,30.997403934640463,5.722354839847913,19.678904630953888,14.209392009099037,12.866467740228131,0.30744249651843286,6.0288772806612725,16.812864641163774,0.3995399721474631,2.613329596138215,0.2004600278525369,33.0,Good
11.673333834987304,25.950646795951766,4.568854433286805,20.29536002803299,13.93832605748731,9.408648702982237,0.2661673942512691,6.225639018451774,15.135476943223354,0.4220557980837564,2.3649781724619263,0.24738622107867989,38.0,Good
18.212937963746654,40.23602261111439,2.08,13.55139424865171,8.101133000955898,8.542935180924507,0.3578778988871449,3.980871753260087,18.838227156755607,0.32816848330717385,1.3746227968183917,0.2260463821943188,48.36336966614348,Good
14.286216251209131,33.499607299338635,7.287932610060075,30.413839499752605,14.458056469585852,10.26177800131599,0.22922810547094583,6.510585817942547,22.5273949277889,0.5069400100668098,3.9557061571209853,0.7057959623647417,48.207443063460275,Good
8.943389349118615,31.71051010918544,2.0250808011876678,14.81182035167924,8.918947556726573,7.430923065800638,0.3005745589905331,5.133447353943199,34.05154918463524,0.16285990499164682,1.1151452509927604,0.19314396199665876,48.228534600111374,Good
15.647411653531352,38.29057202026764,1.7680837622650205,8.102907069327724,4.954770186586191,5.542488258002622,0.37756486247389115,3.3629009168407253,19.761863117258468,0.1668396332637098,1.6223820170495962,0.23321348721280286,44.07252292101814,Good
10.041785079371628,22.98860917234098,5.4672703628122585,19.659133469379334,14.36587953515324,14.484202607777576,0.25136481859387044,6.676772074839054,14.717686507854651,0.4318110884367774,2.1124134126705814,0.10136481859387043,33.727036281225914,Good
20.216857729807153,42.553263629122426,6.863503081487545,21.580015169866197,15.976751540743773,15.115210745379743,0.2776888069539546,5.700740057949621,17.487537108291985,1.1360569923927424,7.873260363628394,2.417430919228606,48.0,Good
16.636067907037702,39.57911944891004,3.469130110086932,21.794105324144855,14.167429240968062,12.981120942510158,0.2439710036695644,6.191806940063781,18.370908800620334,0.25068599755362375,2.3617008691188697,0.22740099143768308,41.0,Good
17.548326043821856,46.86215864820404,6.894773141174572,26.696656341874988,19.230592504960487,12.251740159159501,0.3111497813146556,6.674077077510772,13.097559522945415,2.362092445222684,10.32661898615303,3.0318832007004155,49.038326043821854,Good
13.571588090280956,31.886824310329516,5.8253218504890745,19.86600836668748,14.50476377995144,12.446995080319116,0.30592273624696503,6.169613681234826,15.138068406174126,0.415922736246965,2.7933902566632005,0.19141633850849785,32.755364174817906,Good
10.807355131209992,24.764217822935276,4.900749354998814,19.841388813277486,13.82387953275903,9.99995574741168,0.277612046724097,5.790742224484314,15.646671420342999,0.42587068224136565,2.0216385982770895,0.2054224953449776,38.0,Good
17.403503603648307,49.32014624599292,3.4845985338340815,16.889744594527542,11.786094991952263,11.704671471531077,0.36967153329756564,11.357080392059567,18.291715394742145,0.1022992669170407,0.7216788023606693,0.06098540010730315,49.934306659513126,Good
16.98093682859891,40.939929076152104,6.156915719741967,24.78878937693979,17.38201550489362,17.685914567915354,0.31261751611362615,6.1624855693481235,14.868319312485285,0.766107537598461,9.626030013130366,4.021335969205516,48.0,Good
9.228722323072732,32.156594054381316,2.476523112091602,14.040215689718806,8.261208166062385,6.951349334929396,0.2778015047312842,4.996809028387705,33.174116799940656,0.1427660335864272,1.09773056244157,0.1851064134345709,48.4964528855143,Good
14.714920399880707,28.86072182724684,5.851027673811401,14.198725248561752,10.005751211715697,18.575670186048526,0.38,7.3662231102399325,13.714973466626903,0.1231052781636619,1.341802567804437,0.35502653337309736,39.73289586227464,Good
19.735322783753325,42.20821215464652,6.916211016700627,22.119504213860875,16.290271114087847,15.580888232947306,0.2849653995228392,5.77792966109979,17.15801024151299,1.1271741403316915,8.552958571847514,2.868062373278996,48.0,Good
17.59788257049279,30.018961034283585,2.937792206856717,14.307476006163268,8.609836251926021,9.485420665639456,0.3593224167950681,4.129920931818438,17.859040102465148,0.21559570916794266,1.1023828366717707,0.0886448335901362,36.0,Good
12.112787512082827,23.358843123623597,3.4301642926187585,12.349344195133982,8.070655804866018,13.110654439256999,0.3488526828867243,7.582951804701587,14.098685659049929,0.07311473171132758,0.49786829278318934,0.025573658556637867,34.68852682886724,Good
17.25392029905416,29.999755386320853,3.1692596787747647,14.31585452783007,8.7714579617932,9.08050218773388,0.3534148712263826,4.145848047642278,17.171979590090455,0.255120686792626,1.4448663528317904,0.09658512877361737,36.439008584907825,Good
8.349534028864174,15.948739322299339,2.961000560125062,12.397587172629418,8.959862764293181,7.954065257103034,0.3166552303577651,6.360137235706818,16.808582131503854,0.34206973810353447,0.5055860523792931,0.021672384821117455,35.555174345258834,Good
24.580039074752072,47.087173491191045,2.7039222287351223,14.835306413475086,8.69463862462538,9.259805571837806,0.38899513929594515,4.406505702341336,18.233925406164616,0.3347844457470245,2.598132922284043,0.1467941671551342,44.440194428162194,Good
11.156300360810988,25.001782023572314,3.4223514980356406,13.125826447032424,9.530160125438494,11.17166192949344,0.35085872940928964,9.067214619545418,16.145232439174986,0.18235149803564057,1.0557864156727992,0.0836195764697632,36.36195764697632,Good
16.733020106092866,46.170888475361664,7.371784265917577,27.386676420258997,19.674833632787436,12.023279688575514,0.2945447895277956,7.12514442162982,11.168526522924807,2.2927897843872116,8.6942778918509,4.1951517368240685,44.60621577684769,Good
15.017421787005384,39.781287013643464,2.6141018551937916,13.188336054950476,7.8681756498175135,7.741627926191997,0.3107337605295173,6.359615110306478,16.45779871841145,0.08097834737268975,0.592173221018482,0.04926623947048269,38.92662394704827,Good
14.547961258724404,43.06355525925008,6.678493297997656,15.981111315840721,9.49485445219947,7.389842642875917,0.2709775773637429,5.531640440479319,21.828195301059115,0.3754101101198299,2.493404803463478,0.3106628631155766,46.70505505991493,Good
16.265415570488795,41.46916885902241,3.4276203352902566,22.09883647591402,14.2991951672913,11.853464630402295,0.26442694631109953,6.120358691377279,17.41588802008911,0.23557305368890047,1.8121347315554976,0.19885389262219905,41.0,Good
10.238922329124275,21.223649727438865,5.828678087871923,19.014698460141286,13.719683991054634,10.224310683502903,0.2772126403578147,5.7891955085499305,14.839670099708226,0.4660632017890734,1.8662646135217138,0.20466952196798072,29.418103946327797,Good
19.591402788757346,52.04976006257558,3.763107076186,22.994027887573463,14.732906077071794,14.060541436095727,0.3,8.077854776032721,17.535172321011803,0.6156111550293853,4.131622205766137,2.231160748811883,39.605209156800974,Good
19.484565247435178,51.24893547015345,3.0645587625580215,23.403200074416816,14.731451336841792,13.474469356296012,0.2963107425716229,8.361080742039444,15.774264604263369,0.6217487375750232,4.898161856162968,3.294865890606987,41.92231435709428,Good
17.602630377644296,40.08174708972014,7.855707154408666,27.67004040882335,20.505666745585312,13.595584025875409,0.33603232705868186,6.220567625590131,12.472226289410774,1.8249412888281697,11.942426431464336,3.1423898267673804,48.700404088233526,Good
16.82742901391644,46.36175865857019,7.685796502809025,27.29637224755819,19.81234225940003,12.519952638429961,0.30070189221194166,7.190820183594044,10.782681421384988,1.7140221320774829,8.365899082029777,4.193099369262686,43.16955848388028,Good
16.17839086927456,40.261566906441395,2.124015405438622,13.486570617128885,8.442011413406801,8.100578601192527,0.33191954346372793,4.924819970801344,22.054136960881618,0.17,0.8321877319179681,0.052053637690848045,40.0,Good
10.629060368367277,20.122462434904687,3.7116220961435578,15.048576489599636,10.657203946708933,14.340481236619915,0.388535778106735,5.949625670120717,12.942113588780234,0.07719633283989752,0.5602495532528551,0.058660554733162534,45.1464221893265,Good
16.382165663223557,40.80520002101257,3.7698038198668424,22.679422358496815,14.82557058348631,12.824102449625094,0.2539934606622281,6.028106809183607,17.82635530401894,0.2440043595585146,2.0042332363805317,0.20401525845480115,41.0,Good
18.400359009781347,37.56726810351746,2.51422068034224,15.45660235783248,9.273844088982786,15.608187369515159,0.34650613000950664,5.403380060589414,22.093703907214547,0.32,2.0786689794866398,0.11445708993345331,42.25306500475334,Good
19.29053850789986,47.39609252596607,4.171270726862345,23.13045638149269,15.36447544018207,13.139101966138758,0.26595304514675866,5.246657367945379,16.99915775846648,0.34341159142206895,3.2240469548532413,0.32872927313765515,46.93646365688276,Good
12.912482230417778,31.556255522978258,5.028689727498141,20.99368876698018,14.797423638822346,16.572422678304388,0.32625360194234215,5.893744477021742,14.507498559223063,0.33498943430246303,2.0099635003175997,0.1262478388345947,47.0,Good
16.086207579801574,54.19320816376856,5.241643148826114,24.234431486860043,16.617383090457437,16.001393586451076,0.29866822157679496,7.227959183959408,14.51996151562405,0.5938005831263256,3.3469002915631627,0.9945014578158138,47.24454810511966,Good
12.829363521959328,36.63678713192858,2.5849588912639607,13.748338242308897,9.132548984206725,14.694129548440428,0.3632687037341533,10.776758702089872,18.010747125351454,0.1143213892086101,1.3221053709489134,0.11019388879753997,46.65374074683067,Good
12.614508546627526,25.172892361823052,3.283992576677452,13.656613205668858,8.596044539935288,10.673652568891555,0.3,7.313498144169363,15.156708976336326,0.07237639187297777,0.6260074233225481,0.048250927915318514,32.0,Good
16.51882134037663,42.82034732690818,2.153486360740373,10.823995061091232,6.726339975805539,7.142220869389959,0.34294044679220975,4.596997530545616,16.446451616597454,0.13470223396104858,0.42996278640269553,0.02588089358441943,37.17617871688389,Good
13.102970400105086,32.86575052803363,2.508530655962169,11.784217759936949,8.194249471966373,8.920914383522911,0.36,5.819445039485079,19.319936575941153,0.13857822400630515,0.66,0.04429704001050859,47.0,Good
10.069100342373842,21.82968113113649,5.682165001263706,19.384311019539286,13.886176134927608,10.903598630504638,0.27055295460289575,6.002305452707337,15.96182714941207,0.4327647730144786,2.359081359385717,0.16804125031592643,30.417056809565644,Good
15.670673534754348,36.79093238677754,2.094150290021666,9.695222924436376,6.009173664627861,5.6860336767377175,0.3713782356502899,3.708300580043333,18.246308111831702,0.17206735347543484,0.9884222145195295,0.2163704441148915,42.465544108742755,Good
22.781912570836333,44.43818963974004,7.339077784773959,23.962184557933227,17.376901887998788,16.38198475457956,0.33708032567736557,5.118062020129599,20.69828318915836,1.0650828665807723,6.661750881033765,1.3601784376785786,49.03782410322483,Good
12.684003988579526,41.341693251557736,6.280747029712018,16.773097618694415,9.433964136618922,8.672948199218148,0.3141334651581622,5.6643127482288875,23.02914343660698,0.40485059744106244,2.5806673257908113,0.37035856614145013,48.502988051178754,Good
16.399213768639743,39.7720761461819,2.396363647989018,12.58487711138771,8.165982789200319,8.295638828965107,0.3429606884319872,5.086756763669146,18.741793470403834,0.17,0.8064250603253632,0.04469287437867519,40.0,Good
11.049892034951375,24.830651107756854,3.4366124076869293,13.231137779841937,9.736394818857127,10.845854993614006,0.3607316668601816,9.316232041917914,16.307587410589655,0.19661240768692897,1.1095390751276553,0.08691055562006053,36.691055562006056,Good
12.82006176867863,34.196841677922784,3.7099073469820567,12.303652471506249,9.58938231321371,8.849969115660684,0.37340539679173373,9.077529252854843,17.841482448287096,0.1800926530179434,1.420463265089717,0.09674902490483858,47.003088433931445,Good
17.838624146981232,41.01303691736822,5.336744954294167,25.807835547711072,17.64218118683381,11.269295314810146,0.27848993272392225,6.8082718043863055,16.0023154493623,0.6467785199262888,4.452550312244799,0.6522483180980554,41.92449663619611,Good
20.748827670310753,34.100777862906,4.283507558505098,22.05961086353477,13.097273994621068,9.749221727069537,0.4277921598672706,3.4449371257073653,18.913119242088793,0.5262339739084941,3.858703151798871,0.5224679478169885,49.0,Good
12.234881534770963,29.7884409798635,4.045448987648644,18.961594013900317,13.027841483776239,14.791456576512255,0.39276981452797005,5.9950716692482695,14.257604553318167,0.1607516862465108,1.509298060288494,0.1271833894912629,45.6384907263985,Good
9.946678794300267,19.931002154024824,4.164618841814103,17.311824395174405,12.36822268857957,17.108475367256414,0.36666595327645496,5.767687368836996,12.939533165717751,0.11769378934890123,0.9871991328483944,0.13333618689418014,46.30770877054335,Good
13.719368613336282,30.33133010797744,5.622226094663275,19.44817317465885,13.902475637989605,13.016660858005087,0.30526578466659293,5.891744433995355,18.151542430045343,0.3821262773327435,2.3608310213247807,0.2178737226672565,33.0,Good
7.657327095530434,14.051349588675018,3.2883448948836156,13.010412374317365,9.320599817188898,5.000674794337509,0.34804498628916725,5.678607314903758,14.505195854641908,0.9917300822649965,0.5075576348231886,0.003985004570277579,36.800749771486124,Good
19.398118965370273,42.00878129463147,2.6580211906307714,24.643416378795955,14.642671410960098,10.84824701243945,0.3897893143561596,5.320857878740198,17.45435689611082,1.4470504009862346,13.022806415779753,2.5142137128768076,46.02106856438404,Good
16.881056424430465,38.43234110330744,3.0051408806478395,20.58242955967608,13.232376774540223,12.807482705668598,0.23640844562173718,6.410387331567394,18.838415724210957,0.2551936657836971,2.696584636645702,0.25198944297282855,41.0,Good
10.546696708824545,34.21708922083837,4.561768971238834,10.476115942333625,5.22306063834342,4.736162339158746,0.172611060798041,4.365666364788247,29.12119087192452,0.04995093599827147,1.017290811198502,0.1479803743993086,49.73398752002305,Good
15.140691471471314,39.6455503851675,4.305209302781093,22.475900774252406,15.427205426622304,10.906592245723722,0.26,6.752901551442866,15.871957362253323,0.44720542662230434,2.387935659681507,1.5397953505681543,43.36806201854062,Good
13.23586129762967,32.90827561524149,2.460689932853319,11.704483221422198,8.151724384758506,8.317589708761298,0.36,5.1682796416146175,19.245517673327385,0.1465516778577802,0.66,0.05758612976296699,47.0,Good
15.656848801319793,38.32907167323319,3.823988973348741,14.72678873945992,10.495439061057048,19.035524684551753,0.3901555425617322,9.511706039575477,15.921505220964605,0.28238334307870083,1.9522829337732643,0.06761665692129913,48.73055717978348,Good
6.920459413405299,17.076713815583094,5.103144881932559,9.719646671656667,4.656484108880447,4.6341342878528575,0.14196113099693453,3.0664664280367857,26.189611309969347,0.031961130996934525,0.5584275590337201,0.09353357196321435,47.803886900306544,Good
16.458115151117457,40.22052644793762,6.717380558002085,24.303610860237,17.77517740635967,19.29620533455823,0.325165236373181,6.6058383518523955,14.332949914744276,0.7953855515374223,7.689498519739063,2.8293025445478035,48.0,Good
19.90364310213637,42.235623510256204,5.283918449463876,22.788902571101733,15.48257346955063,13.436066980072864,0.3245446122329537,5.549920571474177,17.51305930614308,1.3012377550748948,10.207814407640978,2.5576039183760333,47.190097959400845,Good
18.403214575082078,40.994582958010234,3.626607287541038,15.185352223604704,9.933757089510866,13.257862351477371,0.39964372524622854,8.674809709175916,16.751068824261317,0.22946558786934282,2.357700418696752,0.09,46.01781373768857,Good
17.51194535259177,39.61749683075117,7.047502168433409,26.099863715084563,18.89305898427505,16.239164275829832,0.33152782411182496,5.996805398019795,13.972497831566592,0.8805558150262199,11.308752752242404,3.5897207580663304,48.4305564822365,Good
15.928906218814333,39.03238144754051,7.005243406769965,23.67147945090702,17.91138460893943,21.18649525790162,0.3264952579016204,6.940933610622685,14.23231191771113,0.7928619592294559,5.107397254535108,1.4413825083224343,47.549841930054015,Good
10.800039874479731,22.769470030416308,4.940649593022883,17.33342323232687,12.914052888109884,16.048320917911955,0.34659670491299804,6.299810051978859,12.976321751501219,0.27928533882634443,1.7835481121972352,0.19134431695667323,43.773113660866535,Good
11.503700303325271,22.73979132672728,4.201413919884896,10.550352580105375,6.154570967149053,6.402592194422664,0.256243928893152,3.4513707502252062,26.826846552199243,0.1264975715572608,0.6804569167417355,0.12025364266410882,36.116747614757976,Good
13.52833072427034,26.363108281778022,7.0354074922234915,16.316273609735035,11.806094473118293,17.173639778513813,0.36831889804147433,6.706372047715053,13.512830707181262,0.19645865946620752,1.5503464470046167,0.5377007895545296,41.19468503264209,Good
5.718196605112871,14.448327877294794,5.4987416060136205,12.35570411308489,5.518647453834653,4.458560389770564,0.1490983025564354,3.273381365413367,25.023444133532678,0.04943643909777214,0.46428306285693177,0.14977457563910884,46.04508487217823,Good
10.002369324889742,21.984490726419267,5.465872103912921,19.069258102941742,13.5587641292437,10.84514457022616,0.27984012989115103,5.919389246307598,15.878995816210033,0.34428776619592816,3.1677761818476116,0.14968025978230204,31.60319740217698,Good
11.953520489572618,36.358697254211734,2.7263278331619034,15.159876453821598,10.111122937435713,8.9240538272034,0.34704097914523796,8.692729037754937,19.779477684199318,0.1233969433942173,1.075025087373637,0.10021896126972762,45.57944955311224,Good
15.016603667816224,39.7137002972908,2.683411474466529,13.267470136289026,8.016075935304157,7.750951152462986,0.31298805451561,6.376384386699387,16.540677471921473,0.09083169761908638,0.6986057990151311,0.05448208177341504,39.18675340722562,Good
14.4605746509325,42.361567717895234,3.6594066008792283,14.695502782877455,10.261580216687411,4.993435406802816,0.3855527780461819,4.691174299449362,16.667770139627,0.45776389023090935,3.3293441069183203,0.2766583341385456,36.16677082326818,Good
17.43115502176237,29.992697366389994,3.083779215167708,14.32448099663445,8.717346475656623,9.223231035224561,0.3557675445366686,4.090168112632177,17.453516162888008,0.24257309580443417,1.3288011361910161,0.09423245546333141,36.282163697555426,Good
23.50511638126178,46.6531059217227,2.554886153381182,14.272695229013964,8.385388768265955,8.887215383452956,0.3796803845863239,4.225799460974684,18.47424607767284,0.3049772306762365,2.46958930729127,0.1356164615035887,44.81278461654704,Good
12.28539155194078,36.59491359345902,3.6364798012221358,14.47042882279028,10.041772523005433,9.526290237059996,0.447040397555728,6.33078310388156,20.618466735622707,0.36844188838970804,2.7948558028401886,0.2581615902229121,48.3239900611068,Good
16.549985506877164,45.80084026390382,6.762995272874035,27.561752993421848,19.408239760016734,11.060358536179844,0.2826077504485105,6.997816004784111,11.916580971893342,3.414871457840015,9.330919976079441,4.199130749850497,47.39152489534756,Good
16.560555350534237,60.31962557192245,6.503490682651367,24.675468468629997,17.8198786254539,16.879035295213292,0.31,8.252925027677879,13.074781439110408,0.9763879428025333,6.246710848683823,4.5091154520023835,48.73351845017808,Good
10.232345050399756,21.50825111712523,4.498784034074037,17.032018248408118,12.454629757282275,16.469702643002243,0.36415427679176016,6.068635355575158,12.505193572754436,0.17979243151335922,1.1719593584203551,0.13281907736079956,44.94361845278401,Good
19.5830586335095,44.99134915569463,4.156074876181325,22.108535423194084,14.832620666346362,13.568384747877579,0.2545561571359935,5.406213800096091,16.471101947301033,0.3624064047733442,3.2354438428640067,0.34392512381867535,47.69625619093377,Good
25.141577346646173,47.31392984708589,2.781778488269833,15.12921379321862,8.856190363159904,9.454446220674582,0.39386115551686457,4.500906417027172,18.108382187664894,0.3503556976539666,2.6652839461327313,0.15263338662023748,44.24555377932542,Good
11.954595658754918,25.714771796399976,3.339768947859953,12.366293322276258,8.053706677723742,13.43833756400767,0.29235559241247067,7.334364606614871,14.821848417120377,0.07876444075875294,0.6391110189688235,0.05382220379376469,34.12355592412471,Good
17.29816982571714,52.5595785281362,4.793455797491912,24.300731390903564,16.362791458930317,14.556055678302318,0.2907122330915724,6.299760527350114,15.853915584979692,0.4771127520097286,3.2885563760048644,0.7027818800243214,46.714148872771496,Good
10.996121195938354,30.49927997863863,5.6215765794659385,22.55309145162341,15.940458195411782,14.201322251874211,0.2959210772972298,8.506317565400547,13.13407892270277,0.50690854837659,2.492040398646118,0.2273686183778385,38.40789227027702,Good
13.415312001770152,32.965699840566444,2.3960876793627452,11.59681279893791,8.094300159433551,7.50288351196351,0.36,4.288971191326256,19.145025279008717,0.15731872010620912,0.66,0.0755312001770152,47.0,Good
10.063182764816302,22.763863650165874,2.640210081481939,12.137733954377614,8.406400399242752,8.527183430220887,0.38125716186870245,4.789239394361335,16.655273598566897,0.12247612710432511,0.5112380635521626,0.023752387289567488,42.7504774579135,Good
12.3863976871513,29.397901474307485,6.08954414571303,19.798205377165466,14.920744030011235,21.113953397107828,0.2965653657140066,6.092902804284528,14.523358658571498,0.6195441457130297,3.4632984099907196,0.29946816999853465,47.0,Good
13.79461377130802,26.50241421707667,6.815096680495191,15.388100973752099,10.857564481068392,18.778776586211272,0.3765021466284532,7.521008422084218,13.251384164278326,0.15224248680041383,1.2035407859406106,0.5020601055966895,40.47532199426798,Good
15.485033224902416,38.14598848792681,1.7080259872926744,7.718092437097507,4.721212172804845,5.457962500634134,0.3708917763658527,3.4073881575609817,19.91311973570734,0.14904473697560724,1.72025394663416,0.1598095400243799,45.184703939024544,Good
12.857946313350768,34.30418122116051,3.6530805299738476,12.499389285645636,9.210536866492317,8.831026843324615,0.41760403224256293,7.562147465969271,18.750711520418438,0.23691947002615238,1.7045973501307619,0.14726175113435766,48.897315667538415,Good
16.77417896975821,44.35676877785026,6.926354613510813,27.616934549343476,19.629420064167338,11.51383433426422,0.29354763947478,6.788800322024817,12.17483347632346,3.2163148072009546,10.067789591824669,3.9442883049135276,48.16934549343475,Good
17.53150025398521,40.44879676629427,7.775913746457769,27.66548078551187,20.430432960945897,13.4168467920654,0.33238462840949795,6.269355595022965,12.446692398866485,1.9444034195889421,11.781471728569098,3.211240138770726,48.654807855118726,Good
17.896423771030125,51.75317933707974,4.572219655789735,24.333458630800337,16.237118857726713,13.842601848552695,0.28678496430395983,5.84157916879531,16.51238765170274,0.4195128097914103,3.2597564048957053,0.5587820244785258,46.45233095359732,Good
15.086495157758614,39.442783999784474,3.904290947494617,21.509297473774247,14.688498315961754,10.04903368413254,0.26362757894665945,6.9717524211206925,15.67866021034482,0.45940715792025966,2.4517524211206925,1.6501671580549635,43.54896842133622,Good
12.387755370386856,36.34137380699115,2.35500775640455,13.791176609638423,9.005329056230082,12.807294455279422,0.35444272079898886,10.733266111160566,18.59503878202275,0.07583204059924165,1.1599689743817996,0.1102747613982305,45.861068019974724,Good
6.628533629393297,13.005118945145725,3.020974841537241,12.690730788794527,8.855608420064767,4.477559472572863,0.3131706315048575,5.207803525315577,16.679030636197215,1.2009762109708548,0.8504887902022343,0.015609789498380825,36.219510525080956,Good
8.00414587099574,14.319897318804,3.3899265665724405,13.291805959907627,9.578502083680373,5.346206358251379,0.3584728359119322,5.836182089779831,13.791815918501413,0.9090553240355141,0.42792457485368396,0.0038179102201695014,37.07635820440339,Good
10.369942322875062,33.72428947025436,3.2477451689790504,10.96541162740873,7.275762948514466,6.310765577692521,0.3215469304533668,5.945469304533668,22.768295813240144,0.20154693045336677,1.9513057052413978,0.10101206126059846,47.66072367563591,Good
19.53231821037413,51.32548066074677,2.967648337770148,23.31822789036368,14.620495922954227,13.548907798524379,0.29771524148159206,8.646194020763188,15.612747229616913,0.6477319674094532,5.0435274933447785,3.5518891911313477,41.57118962960198,Good
13.818546076182946,32.5211673721562,5.738160208406019,19.36725008143444,14.117378704026752,11.00398567249965,0.281711169001672,6.0485558450083605,14.5327792250418,0.39171116900167197,2.1009394334478184,0.2592087267953185,31.302670140100318,Good
14.005460876699383,26.84243180440341,7.3270296703150795,15.898981692048034,11.322736418540803,17.633801508721593,0.38,6.742388012270146,13.478486958899795,0.1394146924896694,1.2724875569189051,0.5915130411002061,40.956101936725204,Good
10.569350984336413,27.162266043547998,2.148263927161629,14.715089173561154,9.40457000509201,11.190914001018403,0.2964467273653093,5.184721456767423,26.013299089520363,0.1594213090538763,0.8928934547306185,0.05471065452693814,38.528934547306186,Good
19.68272036993558,42.18597643397908,6.898787504237338,22.174595700887657,16.310349637974117,15.616067134301757,0.28546321416464754,5.783737498587554,17.114700367675667,1.1198728589185034,8.582329635714203,2.8959399932202596,48.0,Good
5.637564538744055,13.032227211692472,6.783815163766617,10.375178982900861,5.458173404058042,7.971094780962087,0.1087822693720277,3.424566489854896,26.071660996327278,0.02423891835751731,0.6557842204828684,0.13969556734300692,48.060886531398616,Good
19.589501693764724,52.11107037608768,3.8605381945579396,22.975016937647233,14.76284832320561,14.100464430940814,0.3,7.972344003942133,17.758550982645033,0.6080067750588926,4.014229589971654,2.053408367001613,39.462627032354234,Good
16.162891319714166,39.814298455926696,7.033860505266412,24.02964314469475,17.997185727574944,20.20549473528036,0.33225060832686,6.856188160882385,14.030640711387308,0.8119180860960066,6.595989448221278,2.156192208948303,48.0,Good
13.949307511896542,34.73611795887062,4.8057081373218615,21.829895345002832,14.975330594833325,13.19316901427585,0.28204616587356385,6.721122848402287,14.079915883752898,0.6855614242011436,3.9722456968045745,3.1920256271234986,33.0,Good
11.041293124687364,22.22765013079094,2.024535509155366,11.251766666976435,7.588360574550837,7.285081984305087,0.34,3.703224020926551,23.52315134871848,0.1680510008719396,0.8207650130790941,0.07,35.0,Good
13.285958413889578,36.70040616691771,8.671744797124363,38.609827969345204,14.68081335427611,9.468749681112286,0.08450577687352162,6.770523235049172,21.408576630016807,0.17171501987115623,1.1041853701730344,0.22081386449645188,45.90988446252957,Good
15.952901083355387,40.82225270838847,3.268470794125604,13.814945832230672,10.036558877216352,7.483615874305322,0.3651537917438531,5.24024116750469,21.108170283937,0.29901083355386593,2.395228919291004,0.13095595845462626,42.58021667107732,Good
12.038077101674919,24.471494592912816,3.387472629528525,12.357348881963402,8.062651118036598,13.265411717959097,0.3221703934553282,7.465549731203444,14.4402189637718,0.07578296065446719,0.5645740163616796,0.03891480327233591,34.42170393455328,Good
12.485295126498762,35.06952021695265,9.069995921946251,39.55516426627984,13.94418107012661,9.27645728125194,0.07365114967135902,6.6897350397723745,22.85740665221227,0.13449820678901098,0.9525994648683546,0.224921735347837,47.26455242225066,Good
10.174363218463938,21.31828309629084,1.960879816740359,10.090808086264644,7.070021364885781,7.394206028445098,0.34,3.557725295406535,24.57498588529026,0.1619885539752723,0.7298283096290843,0.07,35.0,Good
18.871865923814248,48.47516113854843,4.438354666858111,21.349170754748016,14.427163672423022,12.228967869888141,0.3,7.083542120130703,18.66755628478069,0.4332289399346484,2.6302823170214897,0.22308778142390345,35.926334427171035,Good
14.68250448455979,30.765661434912303,3.087132286982461,13.684143497812338,8.415044843066356,9.589309417031277,0.3463363228710904,6.811549327119838,15.924112107792466,0.1311860986620874,0.7647443946483496,0.06267264574218075,36.0,Good
19.933070105327197,45.30418327460088,4.524183274600877,27.283070105327194,17.450154731899303,13.17161141708063,0.372903355036467,6.309515773649716,18.926148222915344,1.283387581386751,10.881450675985615,2.575163745692872,47.53224837226498,Good
13.812202992806952,33.769531099289004,5.14389928440952,21.215210084417834,14.842796226380054,13.028643591368342,0.2911864671462032,6.547457124222139,14.459238386567435,0.5987285621110692,3.6249142484442767,2.2071581649966006,33.0,Good
10.436065932497234,34.04413124658018,4.38673342371628,10.775286492401847,5.478082756543936,4.922105146319203,0.1814407471715823,4.418644483029494,29.461393493963904,0.05774183573963143,1.0240429243076805,0.15109673429585257,49.63010885680492,Good
18.307632534353647,51.98618595862434,4.134789982886211,23.034845034479716,15.12660154124959,13.433131164241951,0.26996181507022016,6.234505821714026,16.50564691800509,0.4003054794382391,3.109618150702201,0.29494272260533017,47.505727739466984,Good
6.715740546042988,12.535374031993257,2.947984738002529,11.963664009945212,8.502763325983985,4.5038779040202295,0.3279847380025287,4.293068565933411,14.804136905756401,1.3546259680067432,0.7188091119763987,0.029328246000842897,38.79847380025287,Good
12.964985683626304,32.261749048697574,4.906239498203471,21.276296763698255,14.593790076478893,15.78270994225602,0.31,8.170523866867796,13.9791259466187,0.6935858795072631,2.975422710316954,0.27516030591556984,35.379007647889246,Good
11.975177457421408,36.86918292493318,3.0728393187425223,15.255785882866235,10.241064744528446,9.282940722983327,0.3903549148428153,7.575848267267405,20.43537442476263,0.24096334028764158,1.932022243675703,0.18065912756522845,46.50760531806033,Good
7.937193008366654,17.789475511019923,5.218444567959105,10.30662689142817,4.860879006836595,4.885697239183502,0.14720202581632297,3.0035756902041246,26.24202025816323,0.03720202581632296,0.5007777160204474,0.15642430979587552,47.27979741836771,Good
18.344513107929597,38.4656586985239,2.6016316571536775,14.902999504693378,9.014039241237683,15.484355152365623,0.3489342126987132,5.553921187320222,21.382275679277015,0.32,1.947552514269484,0.0974605111090072,43.46710634935663,Good
15.847786466777873,38.46898794987071,1.8421949945616787,8.577767928117423,5.242980534406528,5.64679295530903,0.38579944384018655,3.3080037077320896,19.575212606289107,0.1887985169071641,1.5016081570105975,0.3237938822420518,42.700092693302246,Good
10.208609971583078,26.133093154222312,2.164178971841923,13.293345182121545,8.675130457245196,11.045026091449039,0.28318419013173085,4.866420563161539,26.212237148024037,0.16472632394730768,0.8663683802634616,0.057363161973653834,38.26368380263462,Good
8.760811381701041,25.314850388974435,2.3632996786741765,11.45286691188865,7.951471317435876,7.393122991713603,0.36467003213258237,4.297158329105717,19.22667875021273,0.16799495180112647,0.8044933451720087,0.03865488753596175,43.598990360225294,Good
12.231542053408651,32.9914018697862,2.6108849300927783,11.722701518152483,8.186436915691813,8.852254670270288,0.3626781542154094,6.4958966120613155,19.887424067204506,0.16213785058491254,1.0777920576038629,0.04606892529245626,47.0,Good
8.659041693784971,28.934413189792053,2.5701753585347835,10.765540688815582,7.523004155787502,7.953962462002531,0.35501461321123196,5.403501004969389,21.864371631917024,0.20504383963369588,1.7254822359706545,0.09,47.7492693394384,Good
16.829993691933147,39.06992941900724,2.5231686443502133,13.35884547184834,8.062084697191318,9.37777414082315,0.3473380387328511,7.659666019236727,16.67876227472187,0.17640156162634021,0.9430917552905955,0.11438744542778706,49.0,Good
12.578071358667309,29.892134412431407,6.061030706975111,20.311447274448,15.175780898722618,20.31874527230588,0.29022904599446914,6.065973445476494,14.524942738501382,0.5910307069751112,3.2526157793160992,0.266202491470963,47.0,Good
12.333426718995888,25.993280637168642,5.533906187509911,12.238432722329303,6.36265508682737,7.849054803982715,0.17185770698126215,4.016617972724251,28.688608020522,0.1145282691633221,0.7503918194176741,0.1410740681459139,38.4267056218206,Good
16.895529203062015,46.499439475755814,7.912303653662793,27.23123293620155,19.91153166532946,12.878218850891475,0.30514320889534885,7.238194228217055,10.504358909224804,1.2965383638372057,8.129028858914726,4.191618930368217,42.13325125775193,Good
17.439164857583524,40.925271087469646,7.672332372289208,27.659561849845097,20.33277052244411,13.184824513927824,0.32764947987607806,6.332688206657457,12.413546359132546,2.099479534058444,11.572533299531944,3.3006160673390266,48.595618498450975,Good
12.191485605210893,25.158795221935673,6.015486862596242,17.370767820027616,13.096841484623965,15.911704084229248,0.33374531737614377,6.666036203605501,13.639600502954139,0.36356429934863843,2.3801123829725492,0.3533083593394335,41.77091137706427,Good
15.014574758314518,42.34219705239388,8.101127661448977,26.12509670243791,19.49911090680854,15.355502461326479,0.2873389182134794,7.711288654292165,10.087648152550798,0.6918299033258076,3.616507739752766,1.0127641598989605,48.84407211910138,Good
16.9918320291257,36.105087264390114,5.303489529471176,21.78851702843475,15.13908398543715,22.352873388174338,0.25876771740632504,5.818293315360088,16.5174592746213,0.6938385870316252,3.252290036407125,0.8217230794047243,42.707742753122496,Good
20.46107191825775,42.59011282379784,7.1098589548896545,21.760728712586054,16.192604600263213,15.32184766636465,0.28455101049554576,5.672007525683336,17.83782320789381,1.1892430661014373,8.132571706124718,2.4919464102323325,48.082745645373556,Good
19.643040917990856,44.091869816861426,2.08,12.73074445212339,7.564090119404278,7.897276885126491,0.3518437092067896,3.7274357866851644,19.145970830453727,0.23765563810184448,1.899597299009302,0.1294993473086341,46.55311276203689,Good
16.289725973758856,30.289878063676486,7.7474826265414745,24.490714566596388,18.695779467107556,16.84611249533575,0.28361347842310436,6.157752720433206,12.14546479542524,0.6599370656635369,5.127919234547304,1.0116179362021627,43.45168480288804,Good
16.465729570635872,40.57616059862953,2.834123940850066,20.667938029574966,13.165191548191098,11.311084482438078,0.26083943702141915,6.373740844467871,17.72680561552543,0.23687042223393565,2.073594355953812,0.22145070372322606,41.0,Good
16.512047491160626,43.89513140251452,2.020267326158914,10.444659504994874,6.322166972583824,6.733531966690906,0.3406824970535409,4.407329752497437,16.387744923392063,0.12341248526770457,0.3148073497305867,0.02136499410708183,36.272998821416365,Good
12.850224739442181,34.28230342841952,3.6646628908367274,12.459494487117938,9.287752605578182,8.834887630278908,0.40859552934921206,7.871010422312731,18.56539374661236,0.22533710916327265,1.6466855458163632,0.13696631925624236,48.51123697210909,Good
15.339362264423068,43.26322877380731,2.959283490338396,12.834489386210265,8.563787735299577,5.608204245515894,0.3681403301821378,4.485073584874261,16.544470047129256,0.3226103773113923,2.0866091976932486,0.17195778298354425,36.0,Good
14.710538724022621,30.04685313190984,2.292737752744888,18.58272304186763,11.319496658561535,8.73712984935978,0.5156373251396253,6.89099793282931,23.760597567531658,0.2523815200790134,2.305257631548872,0.28603769043727734,49.91551367729191,Good
16.013810232232153,33.67770070831714,2.224554742220495,12.720292011141336,7.730146005570667,6.723437977237982,0.3644306572224381,3.6155583824912565,17.551532861121903,0.19050730027853338,1.2709014758453154,0.09772262888975244,45.164598583365716,Good
17.117768719467588,42.58375756941406,7.311791832736074,27.638959533299204,19.99283229943687,12.377213705328806,0.3111676266393634,6.553132993698514,12.298173386475543,2.639260227560849,10.84527152546191,3.611711047182016,48.389595332992045,Good
15.396637746706855,34.68396019558665,2.3318890875292424,10.841940968238255,6.790970484119128,5.744012076295662,0.35101386405884466,4.15893850561679,16.880693202942233,0.14354852420595643,0.5262694552658802,0.04405545623537875,43.1520796088267,Good
19.57294941683025,59.9289310422559,6.5135181582953425,37.45594833674116,8.822699523663774,33.74108279437711,0.16519584953249303,5.629782965571943,13.899103329129645,0.30748702978904074,1.384641374646464,0.5954766536202731,48.60335062694794,Good
10.31,20.76964174332668,5.508365225384147,17.753259153614025,12.705453932825764,9.1576487120375,0.30862260809618897,5.299283486653354,13.110605243767685,0.2987234820574697,3.1388347516364314,0.21045913063460367,30.908173873079267,Good
19.842098032771343,48.50819913135358,5.029403116907745,25.98109982116103,17.511102376003446,12.114102120519204,0.30540005109684826,5.240901711744417,18.09684400889454,1.0908001021936966,8.983453155230382,7.745491441277914,49.13500127742121,Good
15.244981421423132,42.180616212627314,6.7027430812946225,24.242780238448358,17.848158497034746,19.787435569557356,0.30613715406473113,7.478303558191337,12.480937546330319,0.6848735174202761,4.442165214973823,1.4103249011613517,48.96750988386483,Good
15.255088458910986,37.05977964946458,1.8070351923463024,8.064379512835822,4.982388709293423,5.414468927837269,0.35730088777607805,3.6743360801223806,19.261195629433992,0.1253982244478439,1.499425176427005,0.04,45.92035511043122,Good
17.855847750898242,42.878496489436706,3.1488887022382226,13.00904592333003,9.208473309342448,7.462469177280395,0.3715937111563277,4.6541075687692395,18.90529747707692,0.29637484462531094,2.6970144791116684,0.13778899452357354,44.92031444218361,Good
14.115418750989758,35.53691947655657,4.570618041259061,22.037308374243306,14.926420848509613,12.810548651801136,0.26837986122108415,6.7863659833295,13.64642568993555,0.7303340325066187,3.9520590602198253,3.8144021291920924,32.51395836632525,Good
15.284754110190699,35.683663351310265,11.417212286651091,25.164481781286902,21.0604917796186,15.391146523599913,0.3168305932062009,6.962022161561267,14.111964953576548,0.7679235169844978,4.046120084505414,1.234917796186026,48.0,Good
12.697002216710622,25.83301382109447,4.616730034520937,20.086374828903665,14.013170904246387,10.369149488219342,0.27307184301370885,6.073302985889956,15.776796075342721,0.39614368602741773,3.6559866028755,0.23617670643831015,37.15359215068544,Good
10.31,20.96059962567193,5.872094525089391,18.808074122759233,13.605683949596244,9.903293776433252,0.28134291061829564,5.681199251343862,14.310911932794992,0.471494899417461,1.7293837152786076,0.21955236312723478,29.089527374553043,Good
19.71342702610673,44.28164501975613,2.08,12.690354111601202,7.53765820538608,7.865499190745063,0.35154672140883236,3.714962299170959,19.161117208149548,0.23320082113248541,1.9254352374315844,0.1247475425413178,46.464016422649706,Good
15.923465946832591,33.82500117364251,2.2402667918552015,12.445331142533973,7.592665571266987,6.580065524321286,0.36246665101809983,3.6951006337669576,17.45333255090499,0.18363327856334935,1.1618991315045397,0.08986660407239924,44.86999765271497,Good
12.911901785194623,36.2012712532762,3.3975931504187433,8.467498251205033,4.460925418998915,4.762691547222392,0.2495898348270776,3.874322018474723,24.41342017261401,0.07268135778303327,1.4173288316563253,0.09257626912996306,48.57728807389889,Good
13.884274449723852,27.47160658364663,4.015690344502749,12.38005464116019,8.33668488038673,22.81438006704405,0.3668876746408847,10.24962961726509,12.850222229640947,0.17211778947513434,1.0794110526243283,0.03311232535911533,38.0,Good
10.667996165774676,24.57328990112742,4.95416005981323,19.76833279174972,13.805462048340265,10.095112750241961,0.2794537951659734,5.72075578369301,15.728936184080146,0.4264845983886578,1.966386145020797,0.19866941772476407,38.0,Good
12.798550648379791,23.740069750969482,3.4263368384211224,12.467966000688094,8.12953522607281,12.356216964656614,0.34697651595145984,7.559010515263367,13.993083420930795,0.06587206449393249,0.4777910970849453,0.02238380651820257,33.76161934817974,Good
12.002620846087092,24.999539542202935,3.3672119120497674,12.361147766490667,8.058852233509333,13.338856818819593,0.3095074450311047,7.409832758136861,14.60230470360186,0.07704925549688954,0.5962313874222382,0.04524627748444765,34.29507445031105,Good
7.881708629905586,14.07681327231731,3.698205673007821,15.717894755619007,10.87309571876984,12.649309111481003,0.31794858174804463,5.815640072236313,16.272383582945807,0.8489716349608929,1.1141938454167621,0.14401713941731847,38.20514182519554,Good
15.157021000185747,30.921057924733436,3.7259833787475207,20.282357252807923,12.782757899768411,9.701381487796107,0.4518541428306077,6.673384722598544,23.141525503944134,0.48500253791190123,4.016147698190759,0.6237133614850181,49.54031848723887,Good
18.358133179260758,47.752946497186834,7.1012739607114925,25.99212413404314,19.137464684385016,13.344979792002022,0.3354439953778227,6.443282043910685,13.89117051567554,1.3498335259240553,10.994709872890123,2.12085017333165,49.848133179260756,Good
20.173121804092094,44.52303469001971,3.856572092374987,27.35592631432234,16.89558663980261,12.911917362059189,0.38077765344078957,6.213012309361832,19.77936541227629,1.320887148171054,11.004194370736863,2.6944469311842085,46.922234655921045,Good
11.924047145782597,26.229766060937422,3.320070181718773,12.370655029375218,8.050350908593867,13.505391400467216,0.2800467878125156,7.2801169695312895,14.978666547343307,0.07995321218748444,0.6697426670311645,0.05995321218748443,33.995321218748444,Good
15.821911657395969,39.22303221634224,7.521153673535032,23.76456165461842,18.331410731373943,21.025576696318268,0.3393539877641418,7.120632822580055,13.742636807566646,0.827738957174496,5.358009204669212,1.4170929449386378,48.0,Good
12.959474618144162,32.827828189651996,2.5657266622286397,11.873362443877365,8.244991127630465,9.566112174266795,0.36031522911350305,6.525043665816049,19.396847708864968,0.13057792004142235,0.6655690476718881,0.030630458227006187,47.01050763711677,Good
12.002783437779037,37.51989531907732,3.5145350044646055,15.378040938735738,10.406700626674226,9.740411254624055,0.4455668755580757,6.152168423109619,21.27144125845086,0.3908243765147769,3.0244303235419268,0.28319562603642634,47.69071876195876,Good
12.210553038856093,35.44226654206212,2.896953764875575,14.187669985252708,9.954496826365741,8.750335449089505,0.3294378967042823,9.544152312836612,18.737660920813084,0.08145965568094109,0.76965548647087,0.056291931136188224,45.31459655680941,Good
16.737839058982612,36.29104640324487,4.423585311475483,22.786346553996875,15.266080470508694,21.45936240392098,0.23155418489099433,5.559764756464446,17.859993545377613,0.5577709244549717,2.934798823728267,1.3750649072164487,43.61486050363352,Good
18.756791450942018,50.59347147969304,4.254053052058642,24.38052469644103,16.05638516566645,12.816561617585558,0.2811370364270765,5.182654249825588,17.45935689239351,0.33667653426378824,3.218338267131894,0.35169133565947064,46.07580242847177,Good
10.633379119460542,22.239042032254755,3.7035088132147065,14.480129693754165,10.514329422578328,7.636142781898368,0.4158002711758371,6.583508813214706,14.637209219978462,0.11530094911542993,0.5590013558791855,0.02209986441208144,41.62995932362443,Good
18.530822699854877,49.02322020416517,4.261171146537503,25.528738344600043,16.685295500241875,13.637340028280473,0.27381120464891284,4.9107521046005385,16.851645399709753,0.30762240929782564,2.9469761975787945,0.3007168069733692,45.38112046489128,Good
17.929349666293216,53.04470877419974,3.8980942536171566,19.181615497247105,12.210314829833534,12.234675809811126,0.30308293993277874,6.500471268085782,15.26947314015685,0.29330726029129206,1.8371866351632449,0.16032516685339235,49.47869933258643,Good
11.577861253817717,24.247167622035764,4.803352605931091,20.601213859748807,13.973988436441346,15.507861220774561,0.33566473940689084,5.137341042372437,18.611098240683834,0.49393063516964714,4.536011530515499,0.5070520194923702,38.0,Good
7.942889034810668,16.00579545050107,3.655019504839528,13.220294696552724,9.38317291696373,13.21432814501617,0.32874512379011794,5.891215866530826,17.031740373238293,1.0649024758023584,0.6535413849549692,0.1404182920699607,37.12548762098821,Good
13.674964551632591,32.802000089009766,5.482420772639609,20.599924406486117,14.710132399911505,12.863957461959108,0.30033569655782727,6.373621765401283,14.83893140714983,0.5118108827006411,3.277243530802564,1.2213286958941127,33.0,Good
13.714135813479526,32.252976305212115,5.775010889360167,19.57811786689429,14.28115950826741,11.6140691682961,0.2919474692667131,6.099737346333566,14.788686731667827,0.4019474692667131,2.3936976210279943,0.23054708605320334,31.916848156002786,Good
19.82313201278221,45.50626601118646,4.726266011186457,27.17313201278221,17.579157233556135,13.20084351105213,0.370361433821554,6.316506056990726,18.548672922500767,1.2738553768308276,10.899879604793734,2.526867242609526,47.72289246338345,Good
9.9407073020707,22.229929758424472,5.461035866829075,19.343714557450024,13.738913960616976,11.190935521721176,0.2737948335363431,6.047549529029527,16.44604461429102,0.35516929963458244,3.1593127669508805,0.13758966707268613,31.724103329273138,Good
13.595465474576857,26.214964317077914,6.208258002720043,14.773747265911622,10.307088528783195,20.045059152218858,0.37274463159578974,8.38147936456415,13.01653947473686,0.16539378941473593,1.132148000320005,0.39684968468211257,39.91169473936846,Good
19.621265455895607,51.52167160733585,2.8974043991900524,23.132413160440972,14.459423199820012,13.766144839109058,0.2994173040053996,9.087663320206985,15.28570920859576,0.6890288400089993,5.266403760125992,3.9024072646263592,40.922307200719956,Good
12.087180604139677,26.220336381263603,3.3228990856209193,12.397058132461913,8.064495428104596,13.319626710892969,0.2819327237472795,7.284831809368199,14.924917373202534,0.0780672762527205,0.6593700193899628,0.0580672762527205,33.80672762527205,Good
14.62433429448556,41.51299501948392,3.334864761837708,14.242930677058087,9.520195648601737,5.8688051377955395,0.36173319352937305,5.233069847206762,16.602266282205775,0.33866596764686535,2.4688616162486023,0.2051995805881192,37.06000524264851,Good
11.961477735198015,36.546260901096076,2.853643763168244,15.195115684448353,10.158866411188091,9.055916754709967,0.36295547039603054,8.282362513359498,20.02046855171132,0.1665934196463686,1.3899046642643185,0.12977444502119956,45.920474365629225,Good
24.86924437963867,46.10032422823079,7.545234012803819,25.942143331303345,18.4420423994864,17.335457309217663,0.38432446126754194,4.619851135724103,23.270941118114326,0.9534149097312645,5.338915084508827,0.3422820617811427,49.89680838668258,Good
21.86420112228681,43.70741941219135,7.248439617015981,23.09168048842432,16.908604687915904,15.962783228698914,0.3163090788994957,5.337104258878045,19.567194387345264,1.1141785407830103,7.2433457908141206,1.8077043909835926,48.66016507089992,Good
12.41510930420902,31.389958627275096,3.5549556910767155,19.328893645286737,12.84533235016808,14.597540622053586,0.41558345622898996,5.78974889393909,14.435550958586122,0.07634121195273706,1.1328729722216653,0.07927474191912104,46.7791728114495,Good
16.318918310709872,54.802269829647805,4.821125237454124,22.69875379542367,15.36815730590239,15.818715085944563,0.28058681215150344,7.879379317054279,14.23772533166731,0.5952861480484193,3.182929222072629,0.7452619546239779,48.58826375696993,Good
9.721428765959505,20.367232978141775,4.1004072952735235,16.76347817233581,12.042068801389327,16.851629181094097,0.37991595494355856,5.859418149609252,12.085417673638304,0.09017455511722455,0.6223144715543114,0.08033618022576583,46.001939501302495,Good
11.984816896293731,30.507406259472972,1.8234161718742692,16.9873519673235,10.319267937970142,8.217948475377282,0.4367193821018077,6.189313122628834,28.74170826233474,0.1911161316287436,1.5690871993353719,0.2055580658143718,49.111613162874356,Good
20.139909922435454,46.773408944206054,4.349824512619813,26.75240408774932,17.179554279926172,12.4578521416976,0.33785680944650665,5.6420484452400395,19.32151264760167,1.1888383271587069,9.681598057417308,5.83913189859688,48.053579763837334,Good
12.637909442631923,26.864770700921866,5.401899839955391,19.227883245026035,13.469726307940531,12.942003200892177,0.2874858057397765,5.804026788074358,20.248079773754604,0.3525141942602235,2.184868250542767,0.21307177152416187,32.68714514349441,Good
11.046089292850409,28.522372394308515,2.127231354727188,16.59399897770455,10.368562908337221,11.383712581667444,0.3139738710606768,5.6053729054562424,25.750391934089848,0.15241045157572927,0.9279477421213536,0.05120522578786465,38.87947742121354,Good
16.49290390340837,40.43589308681857,2.845313371991681,20.662343314004158,13.169587396139589,11.40899200492721,0.25924094685833127,6.376138579712503,17.799536917945925,0.23806928985625156,2.114355855112553,0.22344881642708592,41.0,Good
19.549487144451355,42.0424475333371,3.488991663923912,24.000276926365252,14.878898541678446,11.653213693090343,0.3688141069435807,5.380891591669965,17.43659381527927,1.4018502430535924,12.143598676351118,2.52540792222285,46.38519805557126,Good
8.161821621357495,17.74460934159752,5.301903584036984,10.825201997820166,5.033405111686006,4.946219506401738,0.15,3.0045846063741855,26.123591833015947,0.041152820212472845,0.46884717978752716,0.18538871915010863,46.88471797875272,Good
18.570980674429467,33.25549478231281,4.946474680538975,22.354631232839843,13.88620486984138,10.339262465679688,0.3979586393757461,4.727778506842917,20.381591417393828,0.6555125627051,5.012265944137816,0.7810251254102003,49.0,Good
7.915208112453047,15.133032251460762,3.674558979444908,14.350327644563864,10.057284790849337,12.958686685595783,0.3238602551387729,5.857021785971411,16.688171278093698,0.9672051027754585,0.8619624474123553,0.14204658162040903,37.61397448612271,Good
13.103331479390501,30.227304468782073,1.8858713008796726,17.504026216368203,10.605047467661533,8.34664389272175,0.4764635551052463,6.509159086323173,26.678796425489594,0.1949012909624044,1.7186009930149742,0.2074506454812022,49.49012909624044,Good
19.96548077344443,48.5626798220404,4.833913579737399,25.992316433949494,17.362081663242446,11.981105140313149,0.30219530458585897,5.133542703626276,18.472600537308033,1.0843906091717181,8.785560058176793,8.282286481868619,49.05488261464647,Good
12.176674716218802,36.199300289762654,2.4280741366934917,14.408181598745042,9.488379014806974,10.871035377622464,0.33820574740144627,10.100024148656404,18.96037068346746,0.06365431055108468,0.8677034532260324,0.08186005795253093,45.455143685036155,Good
19.590897383042847,52.0660593968682,3.7890091190541035,22.988973830428467,14.740866217075164,14.071154956100218,0.3,8.049804758877995,17.594557492465505,0.613589532171387,4.1004134028957875,2.183905314506172,39.56730372821351,Good
12.245689880461793,35.36463863618906,2.947207619730239,14.069185286814884,9.944691196150197,8.756872535899868,0.33066360048122534,9.564172141193348,18.655538767757903,0.08554533493741778,0.7994809450431499,0.05710906698748356,45.35545334937418,Good
19.952147268390043,42.26208032821275,5.529746382976797,22.62299627516588,15.565251025664843,13.680241362463502,0.31848159145124494,5.573070287186155,17.523531796584212,1.287458162389193,9.942695044368072,2.5620133880354583,47.30033470088646,Good
11.231976518523872,33.22659376034733,2.680707522603112,11.520583487201518,8.11293944989146,7.86738862854558,0.3663530275054269,6.4628227524511574,20.5562510059877,0.2062363300651233,1.651072290846603,0.06811816503256164,47.0,Good
10.24646322514995,22.458823443456726,2.6966040692769075,12.200536349876556,8.446773367777787,8.77775217144626,0.38317968417989456,4.920611752292796,16.393169723474372,0.1160677194003514,0.5080338597001757,0.02439322805996486,42.87864561199297,Good
15.248293882871774,42.16496954513414,6.70651336261828,24.23992559687473,17.850339874086288,19.79529929917527,0.306325668130914,7.476364556367742,12.487724052712903,0.6856814348467741,4.447497469988709,1.410378762323118,48.962123767688176,Good
15.353614199638852,57.169759285643465,6.000751725650555,26.67808627153119,15.425177780194758,21.048892713959923,0.28239960556558746,7.993392045572681,12.863803484170644,0.6737487673924608,3.0401444286139228,1.2547477813064294,48.11500164347672,Good
99.686874993481,105.73181427019227,12.256281316279058,17.559746458311654,28.045000269027625,11.16138861696393,1.1533877994506492,9.95265686346091,33.92617374656656,1.520262254876396,9.639651689353606,1.1576827339974347,205.44153050137336,Poor
98.4357030977305,166.26997701014938,11.108123855207293,57.667377490345025,13.10139292793081,35.489770960789734,0.01684437258625504,27.163541191072632,46.86830299352069,0.05775408365516599,1.176417878379243,0.5434754980690041,269.14995514825625,Poor
84.75047332418545,108.41378939313643,8.825801954142186,15.475156172719261,22.43079668150572,11.46520983230157,1.0282562035145821,10.486221618745324,33.17568362309582,1.505091501255208,10.701151674644802,0.8272013027614573,210.21098015062495,Poor
62.47750726379056,107.84367137593722,1.5079848604119104,1.2251074886048736,2.072852139160221,7.877830641439246,0.6849228905136677,5.865206095812181,33.43090008118917,1.3615094872281466,7.822118893267122,1.1851631003702312,210.23413403285522,Poor
126.8316151112512,103.80172186687518,18.110949611891904,22.032492541636817,38.42489090583664,10.358598336410568,1.3814204990768297,7.79444985210446,47.139527532593426,1.7571119131278479,10.219689214457949,2.0884759057424866,216.9981164512603,Poor
61.899037510243566,101.03559302250468,1.2343093620969516,1.2719606471814124,1.9210397966440147,7.437615106317175,0.7244748967756134,5.834180006185576,33.878618724193906,1.2384531895152417,7.097284036959851,0.8468236116911525,212.14640431454274,Poor
86.5402183910397,99.1855200167548,2.987635638733675,0.6967247355678617,2.5267247355678615,11.173817819366837,1.112015947859155,6.186470789568503,46.05550008193086,1.090368348231114,5.837461432030089,1.0735838081914215,220.50970707637643,Poor
107.49923458298196,105.68415717465719,14.417871006620283,19.217532567282014,32.00394327669195,10.674605426855589,1.289550929550884,9.09482914382943,34.777193309693025,1.5508989591489488,8.560558883309245,1.406180446430363,205.1011226761228,Poor
106.705155040049,161.21032017758935,10.525881758971098,46.533054559913325,13.059247368638253,24.952319080922436,0.051305151730148435,16.47366559227381,42.79397262975997,0.1651335076437468,1.3798785959814366,0.12878194754669853,280.49535916331,Poor
116.41953948481297,111.17143575121762,3.022990308685409,0.7329903086854088,2.5729903086854087,11.155980617370817,1.1964651831003776,5.591222900235597,50.568061737081756,1.15,6.90718054578302,1.729589375592957,228.6912778168679,Poor
120.74804368825298,113.84139652490252,3.020727630063642,0.7307276300636419,2.570727630063642,11.151455260127284,1.3050737569451871,5.643264508536236,50.11552601272839,1.15,7.416283235680565,2.100668669562723,226.65486705727776,Poor
116.67109865651733,111.16062104366496,6.601281172343436,6.43954192965438,12.538353306148142,10.969342453169821,0.7385023905135429,9.702180352376216,35.25890699703548,1.4017813994070965,9.171980875891656,0.5831581922922537,247.91907869561217,Poor
116.95089381028127,111.85548421478946,5.875201186542796,5.796706782990119,11.16134492543387,10.475654309958239,0.7570012436549606,9.405042523792195,35.26468788864217,1.402937577728435,9.023990050760315,0.5981885104696555,250.46267100255707,Poor
121.66004219421279,114.32498212124085,3.4023392690169287,1.2750368303007282,3.553506757960568,11.197182292772302,1.2887502681956031,6.026069512888549,48.77254594895123,1.1703371951604749,7.728054780768257,2.0849610241344467,227.4642780515542,Poor
97.24502011183934,162.6076541020591,10.924187634393997,56.8712440360082,13.03832101747773,35.777507247823785,0.0,25.109673556106458,45.48014404613939,0.06,1.17794219433785,0.49182302866166366,276.42418857042594,Poor
86.66384869627313,105.88896009105805,8.713473709589696,14.86351434183793,21.582465824242146,11.939959367751765,0.9329392927297414,11.32031954814849,32.60321510981356,1.4701336042149882,11.366311421698844,0.752672084299765,206.0668021074941,Poor
117.24927529575898,104.85408966525166,16.39240403289179,20.72427385649909,35.47053727002746,10.455145840848775,1.3524562477453672,8.383389629177532,40.31844634403398,1.6460822830239077,9.104565538196638,1.7457322649868454,210.23979114058568,Poor
119.95321133230534,112.99133970202163,4.762018091214387,3.213302385348169,7.051063558038711,11.364972445298797,1.1064954473478588,7.327889661801009,44.514147595175366,1.2426605367667227,8.254568707661742,1.6047340358689612,232.67155864720402,Poor
139.16066226611136,109.10267265344116,6.377984203388974,10.779069732429313,15.65115033826881,8.399103489363853,0.6862080605839497,8.034513605474665,32.86894552325359,1.6506399783628751,12.162511982690301,2.543983662460852,233.80800649113746,Poor
84.7623757056822,112.37595067045105,3.644129032621024,3.1649563581026783,5.620140419176025,11.18,1.228371916727382,7.772592030536673,31.22532826357832,1.7109639472640554,11.441381407398506,2.263647058988996,211.89449715476772,Poor
108.23921297863902,166.19428423401502,10.43755942553565,49.13025086176154,11.533378223415806,26.297268808583397,0.0,16.927110340488333,43.56967774469551,0.06,0.9436397234060535,0.08629952127970814,280.93000531911434,Poor
121.22422687591678,109.77679029527886,7.367330804920286,8.497872457828782,15.08172330320721,10.96300615615531,0.6976689092629471,9.464526482430216,34.500269683187184,1.464121671832675,10.083142426832731,1.0853044653984543,240.79391640836624,Poor
119.92006844536759,112.96544331070248,4.7884200519953035,3.2509392230571352,7.118978389068772,11.368230559607932,1.1029564611155231,7.353168134889121,44.43145890098492,1.2440648963827288,8.264792445666266,1.59540908801868,232.77267253955648,Poor
126.95873172879422,103.93088378416897,18.88469727193478,22.275543760111304,39.43026111804992,10.341690100337814,1.379144906829173,7.7202008600384024,48.912837878571935,1.763279770656426,10.332063129416476,2.109004304802291,219.75150645028802,Poor
74.87862308723965,110.40293827313116,8.912058198141134,16.20777857203229,23.43846700570367,10.794279626108846,1.1009723215040361,9.051873659695513,36.78876509928235,1.4777714691592743,8.868729584917283,0.9054293831854874,209.8857345796372,Poor
84.20276166840426,109.08664046696033,8.855726597587184,15.639288307978193,22.65840533316313,11.337349992127486,1.0536468100739746,10.260426581842154,33.34253618048612,1.5141595750264194,10.517976584466327,0.8471510650581229,211.29914900317033,Poor
127.8764731931186,109.35876195174366,6.896637473223176,9.923118699960593,15.644580364187672,9.939330448758096,0.6812111004623488,8.536306066076474,33.49963490811081,1.549702277595786,10.994905034385877,1.7864071203039407,236.5148861202107,Poor
67.14304513389307,107.81692379427706,3.7254855125397937,11.42056979774906,11.609697816660205,10.550836246458108,0.7488293326719992,6.669597995535996,47.30007224639498,0.9975918588833679,4.649497785845049,1.0397991920513674,236.12374737886316,Poor
93.65878734842164,100.81305608179726,2.997776050353877,0.7322161762385694,2.5622161762385693,11.178888025176938,0.8889268922147066,7.230933186449328,47.961897466528875,1.0244556726997998,5.741127521638169,1.8087636506560805,211.89035719920457,Poor
153.9986262492533,100.70958557151391,23.612568973777947,23.982714678784156,45.8552836525621,10.39595873644219,1.562507464541108,11.232509257449083,37.35845992580538,2.063982443682936,11.960502210071413,2.1189675146007203,215.95575062574517,Poor
119.02638211664461,116.03448946969199,1.5004013901626694,1.9227944481684989,2.8610386458253583,7.459772927104652,0.8692052448662807,7.6292836108952695,35.304882067249984,1.4122707289534837,8.16552811551735,0.7038514466162512,265.7729271046516,Poor
98.91024878677906,138.16785433171196,10.964273131873304,35.20794409327298,20.142729025531807,19.476272458003642,0.285882991616417,14.98159670906279,39.382980105512104,0.6458258024926578,3.3910951576292807,0.3518231723565933,278.1880361480352,Poor
94.59841183647252,101.83606775131614,3.0382862274636495,0.8841363857455036,2.751296547695516,11.18,0.8630843430295533,7.478580080975006,47.360347677401926,1.0516644240045596,6.060071785118297,1.9874540154613696,210.11260655136368,Poor
125.8119822587757,104.11735859789542,18.99665279456979,22.214445004856238,39.48535594937819,10.34663450827753,1.3745536708851505,7.762581499521686,48.808298967846504,1.751978266794217,10.239885238540333,2.0747466212199703,220.06936124641265,Poor
82.83006850475056,98.3372592521545,2.982350524935542,0.6782268372743974,2.5082268372743974,11.171175262467772,1.2282884514180739,5.642104068360837,45.061898687881914,1.1247215879189763,5.88767001311235,0.6904130578268021,225.00205380478923,Poor
75.83747290122766,101.23637577823597,3.0992684972805384,4.128786421135613,5.993865390924007,10.920939314502405,1.118636738973389,6.01388197129689,44.206068156496954,1.1189526181269638,5.604812962840976,0.7374896126880406,229.8063175830715,Poor
207.66254455131866,94.60973850783495,4.432880782677762,3.079566755197934,6.680549079923099,8.362331702754663,1.2515903222310474,8.924495926720459,38.0994830158035,1.8857284696066574,12.087434626958737,1.832880782677762,257.7785132388637,Poor
68.23019804180792,104.48949403441256,6.874119542420778,16.154764024452916,11.879682907465615,10.852464922553812,0.5558634503325857,4.983513326693571,75.83946427173095,0.7308655762384153,3.79267751313677,0.42002125905829585,228.91556828198804,Poor
81.44923538147175,113.06128956619646,9.522300006949589,16.80282290416285,24.695501185627695,10.546973803877965,1.2118913725762728,8.868108627423727,34.81749875154617,1.5662172548474542,9.335150195288087,0.9794568628813645,218.3782745152546,Poor
224.41093712265075,76.98689758938217,12.600466602516372,9.959282606959283,21.16357039073762,10.897590594333408,1.3236658766904077,9.276368865037174,29.338211812619626,1.54858822440463,7.828861099808597,1.0747981040569783,214.8753882614289,Poor
75.05002802076909,111.24286928372412,6.412866666399543,17.322878059459505,5.974265743439296,11.152859276306595,0.2771411855742142,3.4857030026259457,72.88294780346169,0.4514266359280375,2.0614193997953594,0.37571193232159095,243.57145496461766,Poor
67.9732955957464,84.85437438809467,1.2721159476913677,2.122608823055771,2.822096753310928,7.431314008718105,1.0269275815309409,6.426483180498092,33.95423189538273,1.0494202615431618,6.561690741038959,0.33643470616653715,217.81739215370516,Poor
65.09598571080815,108.4657996969536,1.7700457627578534,1.4754502205207136,2.5213384801668957,8.276248436062753,0.7531013366524497,6.097438927972407,33.04952689810036,1.4083821689485592,8.297237439796758,1.3172588397641212,210.44719167703892,Poor
65.75912497969678,106.97782944549975,3.430332381678166,10.634815762594258,12.661908258471044,10.459264450788814,0.8233099714503449,7.148161126972031,44.39989172060004,1.0811033238167818,5.070893066869886,1.1227145935370872,234.3012282493716,Poor
116.02319349417371,198.06927850167477,12.194895120630276,58.17253088720102,12.487535774307686,26.217855299523524,0.14817682879652755,37.53242688682364,56.36238778997027,0.04048617898759265,1.0006959377270384,0.6598451244987512,215.25524396848616,Poor
98.17803449680297,108.61096020501633,21.694515880663214,20.742109629795785,40.813010969663914,10.46578303573907,1.263915752528007,8.783854592049167,46.28915867294539,1.4796387754535556,8.018616262293062,1.2492175380935902,227.72890944036874,Poor
115.49416955069232,212.00339129872899,11.798127163019242,56.0375414010083,13.073240854590642,30.714558819115258,0.006473986792586417,54.820173611304455,51.88457798264573,0.07827360352197696,1.8320192774834931,1.4250404713200333,235.0936418490379,Poor
98.36754348650422,166.14748229007472,11.103893970151374,57.66531413178116,13.10380017958865,35.52591412496673,0.016328532945289326,27.124234210431048,46.83130009660875,0.05782286227396142,1.1771400538765948,0.5430628263562315,269.3597299355823,Poor
101.97204646914713,164.14974958583653,10.714958598906602,53.54295252705131,12.39126085217412,31.701415667587874,0.0,21.591526070503605,44.658726351262956,0.06,1.077202288362438,0.3174654990888349,278.3614944545685,Poor
136.55186975219252,108.83062315785985,6.293306545823929,11.723135531665132,16.342984817098113,8.611698459420774,0.660984928543298,7.366100606397396,32.23476391766006,1.6596482398059649,12.169718591844772,2.684512540973054,231.1055280582105,Poor
80.1370502571346,113.11856718724955,9.034834240468522,16.64631017176323,24.054096274821166,10.543358309173815,1.205572206115876,8.834577648927008,34.63861949563685,1.5633583091738141,9.297754294080752,0.968524068705292,217.4834240468522,Poor
115.71984160073526,206.05935069491946,11.967381200551445,56.948289317253014,12.82338965632882,28.796346393750287,0.06692185733980188,47.44553340454417,53.79473069193774,0.062154171376052836,1.4773917702731623,1.0986219703650697,226.63093997242774,Poor
80.81347227529204,97.45410578700275,2.9278143105524683,0.7200368669408685,2.5156557068342593,11.055191483215431,1.2741674817676287,5.435302084038037,44.2930720043434,1.1360093296304827,5.926576630765687,0.5110977353295387,226.7544202849528,Poor
87.87570626785111,99.49085592021382,2.989538043116597,0.7033831509080896,2.5333831509080893,11.174769021558298,1.0701630514348655,6.382418441009493,46.41315210592024,1.0780027197421194,5.819388590392328,1.211508125953284,218.89266335089252,Poor
166.3025444901493,108.31763460507447,6.06697545331294,5.552730445533035,10.884529953320566,7.428881959144058,0.9890066945510161,10.631220461092846,37.45329633267103,1.8138307490256058,13.067621445517787,2.0508285175086,255.63563540848318,Poor
93.85256758780304,105.76740481645786,10.641995824947681,16.321703884644915,25.088442747108903,11.524920625248003,1.0517005244061532,10.593286696241234,33.29062827753846,1.4973826179913845,10.445523344081236,0.9721034570412295,205.69574868898462,Poor
82.65728743302796,113.10454444489659,6.116340107155264,9.36812321464977,14.094465253307217,10.893639129196304,1.2318183574092891,8.280904349949195,32.13361836554787,1.6681826083418008,10.682737676500377,1.684551205154217,214.72724638860663,Poor
154.01131017321276,111.51608477135888,3.3398084635418543,3.16256427155026,5.871608770308087,7.427448838398319,0.7874488383983188,7.48547010512252,34.27406525420497,1.302496540758809,8.634501493931767,1.3577488895260241,235.95907071865497,Poor
89.38377293940033,99.83564894127315,2.991686286238462,0.710902001834617,2.540902001834617,11.17584314311923,1.0229017027538359,6.603687482561586,46.81702181283086,1.0640391394499968,5.798980280734611,1.3672557522884954,217.0666566973073,Poor
67.2092469463448,107.84560778208974,3.747985814574018,11.469987320230695,11.56251473525818,10.55587672982374,0.7448800879731516,6.642940593818775,47.514266807561434,0.9930190492320705,4.627828903747424,1.034239071225358,236.18610387410814,Poor
154.95879468517913,112.06548230683904,1.5363229741004603,1.6512771678160387,2.576700195934066,7.474535656409749,0.774546434359025,5.459529369272672,33.35546434359025,1.1445410453843874,6.814954193715578,1.1054409913668202,230.04544638034145,Poor
70.1307322611324,108.96611171428192,4.927109444467557,12.24949472030445,15.719172999269873,10.4852866870633,0.9295756439409698,7.633256686098636,40.89166387039847,1.2176719629001929,6.262189874726202,1.0922362577693208,230.2236257769321,Poor
89.14515921776815,109.3013438741326,11.513469091847277,21.020381793945344,29.016579536690216,12.616140466749803,0.5797510052867008,13.112403441782952,35.10985013624092,1.2480143550956986,5.910652061720402,0.631238660764404,275.29753109554065,Poor
155.4818582442048,109.73413234652767,6.554793275876014,6.233588475955291,12.042771200475668,7.436707913516728,0.8559654702156327,10.925998075796736,36.240273404907235,1.6703549188599962,12.407632626755982,1.9516997621214518,248.85314161883616,Poor
74.24034765507359,102.21583407101855,3.1349232959471425,5.1627755824671295,7.038341257745701,10.846483705522145,1.070397893718572,6.197399317374998,44.082325031712855,1.1126605948328572,5.51357862507643,0.802507186727142,230.6452540222857,Poor
103.77561769317875,164.73812773925013,10.63512839718717,52.2730609848848,12.144378561671434,30.146205071127834,0.0,20.24919601196205,44.34531889266074,0.06,1.0387655245716003,0.2509403309893085,279.1006629890077,Poor
130.8441262919513,109.17227410238604,6.686655091663019,10.558939477691695,15.895678177102264,9.482655479071322,0.6738690591490566,8.122214936006793,33.05323879626265,1.5878808924249055,11.401654123142263,2.099178080250187,234.60595537875471,Poor
98.9033150832303,101.97068147096462,3.0205939420138117,0.7268315188193367,2.564950307222099,11.17,0.9390108870839797,5.424356365208287,50.587309476030356,1.1481187884027624,5.439110272639781,0.5687127304165743,233.49503072220992,Poor
217.76217439024234,79.9741773581316,14.854028533327348,12.167542346807958,25.576536757418314,10.835411116542012,1.3814039632109885,10.052724059175445,28.849658772830097,1.6596230061749777,8.610545963471843,1.213369511706372,214.60890478518004,Poor
62.593898063455214,101.63536551750822,5.259943315921841,12.372946150125749,16.01009626813697,10.447067044560521,0.8781982994776553,7.117667611401303,60.317506848520026,1.0993994331592185,5.583184128458115,0.8360755471722447,222.71369233249501,Poor
71.25422113501989,109.59821826258319,5.1227690356857245,14.489430376298206,8.679597495605918,10.863853571504654,0.5035786450066628,5.014155853794975,60.60169506950705,0.7136173784287676,3.3038459864181364,0.694512039680433,239.99612665778955,Poor
70.16815156536191,82.76106681718295,1.4121488828404742,2.1732925417470748,2.9703553351478575,7.720727542249043,1.104769581023347,6.460605167490267,34.797873883677084,1.020105502805448,6.408023296038908,0.2525430447198456,219.62187709571987,Poor
98.03140059507957,108.63480458447735,21.708831540301748,20.734296982737533,40.82005589995922,10.466415273073263,1.2633286750033983,8.7892737691994,46.27579136930815,1.4781936615468267,8.006829551991306,1.2448370365638186,227.7695532689955,Poor
59.73292842321663,106.8058919182362,1.2208273553312239,0.9686154949525361,1.599718635394168,7.439862107444797,0.6166188426497906,5.622961900189174,33.85165471066245,1.305863223343881,7.288279132807662,1.0288307030284785,210.12410329968358,Poor
64.38345929576248,104.65589661481297,4.225514857940764,11.390239115043727,14.117092190031599,10.453963234280396,0.8471654457382229,7.134908085700987,51.317979264084656,1.0890551485794078,5.293544160223414,0.9981360055892802,229.26507256637515,Poor
76.47394487997128,112.52950551317963,9.007526745644089,16.626804818317208,24.02288770930753,10.508248672970971,1.1821657819806473,8.647326255845178,36.0586092265074,1.5282486729709708,8.81012045793015,0.9607219273268823,214.75267456440884,Poor
149.8382595202081,111.16760610462649,2.8514475291059123,4.4478974564722105,6.392674055337436,7.791433139543593,0.7428566860456407,5.979769404084066,33.038566860456406,1.287144912794617,8.296449927366298,1.5438158430353042,230.30952761628632,Poor
86.3691086030117,107.14881380830704,7.773388949125954,12.691194527418187,18.61540951058151,11.81476011537142,0.9895855936937765,10.695248220353806,32.109176744537706,1.5221373944820544,11.475171743102567,1.0348936198483685,207.1172298817583,Poor
82.00540199250636,107.67323877020658,8.791969895135992,15.394873136305172,22.316103250694074,11.48709675883082,0.9993591420381466,10.423651582485022,34.257673174404744,1.4731526882744612,10.379070934251185,0.8130537654892241,207.5763441372306,Poor
68.36974005745199,108.2643184503152,4.250168893052778,11.525215668790734,14.34635649640074,10.474635524541041,0.8834206063445076,7.429701135673213,41.96506436014183,1.1596823002789969,5.747383686150277,1.1123551203113684,232.23551203113684,Poor
127.90190461220276,103.68417873780342,18.30290077679808,22.178612669978314,38.75487436910231,10.347814563101231,1.3846556310696305,7.728668834917512,47.90140111689799,1.7695132524335837,10.344241796180777,2.126758300990628,217.7529805829138,Poor
154.96865786275276,111.88459538912478,2.2771720260687296,2.119425750361046,3.8028798525851766,7.423549255141537,0.7835492551415366,6.3779884601964,33.82171359641824,1.2069567509676473,7.548467556917949,1.1861672262276113,232.8394041132293,Poor
117.25454375237021,110.02624588988074,7.648213876007452,7.647366375445968,14.74584214827081,11.573877730337884,0.7074899956645961,10.018435755483226,35.09739173640745,1.4130520225440997,9.539054240181372,0.6669261846882018,243.34739887279503,Poor
117.99624121029983,114.45157424541404,3.1624814873210996,3.3949995333607186,6.016680655094634,8.631177699181702,0.8261151213421376,8.294900863441915,35.28628597541942,1.4072571950838835,8.4710790292629,0.6543435360904868,259.9658291845439,Poor
108.02437667372331,193.16772341928572,11.46686630870799,56.58173077474659,13.130926784325137,33.14286262336921,0.0,44.11683377517103,49.352759479533454,0.0722683039187158,1.6109881812769793,1.1004761322202845,251.4633921625684,Poor
90.35336149592257,110.63536394185616,16.45740128729461,19.0002981333859,33.833516990317605,10.50345944290325,1.239087848185469,8.84091215181453,41.25218488068198,1.511824303629062,8.546452402621398,1.1154392409273453,223.8175696370938,Poor
155.5096968532682,112.09285683353909,1.6766297657206284,1.529902614056029,2.6337507916139185,7.42134543033292,0.7813454303329198,5.752102214549205,33.56606991861869,1.1529630431565336,6.9347023477181455,1.0891989346484685,231.07634426633578,Poor
112.89039051177787,205.89363811413557,11.67151175049533,56.16233394342932,13.110714888839967,31.690132635372652,0.0,51.62807943484714,50.87370461479246,0.07732127779000816,1.7802628059652736,1.3354394172353796,241.35744441998366,Poor
86.59687923255862,106.14552253218793,8.724922161135042,14.921845792892203,21.663498861966534,11.896241675150273,0.942661227629733,11.247405511435588,32.61320235299539,1.4745218670106188,11.318658286385498,0.7599481074233617,206.54262404127428,Poor
84.09167063543421,113.00606440413436,3.821326983305271,3.651999109538314,6.271724624064794,11.163388806066731,1.24894532102011,7.818476332457032,30.37810459543873,1.7452539445904947,11.697510270441512,2.2454592634085997,212.1582018469835,Poor
75.44646292244731,101.47616784664098,3.1079975447385366,4.381928797417569,6.249575134105374,10.902711009516585,1.1068268512360973,6.058810892036587,44.1757732270839,1.117412197987317,5.582476870816097,0.7534072874643907,230.0117069350244,Poor
103.35133334951388,107.76972158652808,21.18945405857841,21.01774273774743,40.56446319601966,10.443477466309457,1.2846280669983616,8.5926639969382,46.760762140885774,1.5306229341498134,8.434455806659416,1.403763269141622,226.2949799770365,Poor
136.97384175610372,108.68245495789455,6.572088213087682,11.934825983212663,16.826150764059243,8.643411922060501,0.6736145416330095,7.434156643069411,32.1297123759773,1.6685249933589872,12.184759689994664,2.681856722761564,230.770970327669,Poor
186.90925429234397,106.00105164287783,4.351507529849369,3.497857718376333,7.161927781891231,7.411504168911035,1.2302790477151302,9.235603145478947,39.33159426900841,2.0035664332523306,13.441623182061422,2.1004747172095546,265.6824905736518,Poor
80.60743693788345,108.20868747226888,8.815526014008446,15.554329940980242,22.536262361694313,11.351196073028204,1.0192912426225302,10.154568224595842,34.7541636798703,1.4740586928464787,10.082807439201481,0.831173856929573,208.02934642323933,Poor
148.4545262899245,110.92497108745452,3.2068364660224873,5.203634171722518,7.423872878318261,7.8770690279572255,0.7342930972042775,6.120354987563112,32.95293097204277,1.3256810625807516,8.69679770570003,1.6622788220074955,230.38089085663103,Poor
102.97969028656343,100.07405213409581,21.43402942577451,21.858697122820608,41.65626506957855,10.474526691234388,1.201647782666908,10.466116573529055,52.778301807198645,1.4748854476284825,10.418225062427963,1.6202152538364571,257.54154083933713,Poor
69.75383009908937,109.63912740692864,8.55161514630963,16.091622932496982,23.027977106508324,10.456842378462715,1.11210854155257,8.186333410845064,42.9879903535311,1.4215840015602121,7.7831887662867025,0.9057932984779984,211.78940538432147,Poor
80.20611956179977,112.05583963551304,3.282288613589399,2.920072456071174,5.10936384683389,10.575349355619656,1.1465303710151282,7.43755657627028,30.848783237134125,1.6788646300729007,11.038946023011675,2.079527593841811,211.67665740942226,Poor
64.72179793957649,93.51604034353484,1.2518784104123017,1.66726423427679,2.3397687814931922,7.43468693159795,0.8650272832984143,6.109428429792728,33.9137568208246,1.1506079479384912,6.848389185825725,0.609641459433926,214.78176156184526,Poor
147.79664984967266,110.80961369205194,3.375801121641573,5.562938529755874,7.914141808779262,7.917783402805198,0.7302216597194802,6.1871944196052,32.9122165971948,1.3440025312623392,8.887137408114302,1.7186003738805242,230.41481950233768,Poor
116.90972271396559,111.47379655121767,3.022734070719307,0.7327340707193071,2.572734070719307,11.155468141438615,1.208764605473261,5.597116373455938,50.51681414386141,1.15,6.964834088155911,1.771612402033642,228.46066364737635,Poor
77.97177617266719,112.50880725848688,7.405894099501486,19.50386902684968,3.8918895095904182,11.375315768248601,0.10284537745470461,2.309206297819256,82.33620202804877,0.24961043705281588,1.1050858210343661,0.130321781416492,246.32349404018888,Poor
97.86038700968834,162.8084049425049,10.89695008317773,56.43796521203091,12.954086368345939,35.24687939820316,0.0,24.65167917639588,45.37321143766071,0.06,1.1648278178263138,0.469125069314774,276.67638811872473,Poor
125.95608503123202,103.89787580009643,17.953927592503078,21.912961734742513,38.15495417587607,10.367419798173984,1.3787740605478045,7.848260768861305,46.51629125900799,1.7469672320999179,10.11780133109048,2.057159716482355,216.38061412782108,Poor
81.18396386706273,97.96090626875151,2.9800056465342775,0.6700197628699709,2.5000197628699707,11.170002823267138,1.2798757762458974,5.400581593030571,44.621061548444146,1.139963297527197,5.909946357924365,0.5204093737351108,226.9952004458642,Poor
69.20757910939244,81.56636602394211,1.2797982102244343,2.295459730049772,3.005190677015684,7.430033631629261,1.0883856817954747,6.546838626849471,33.969596420448866,1.0110089488778284,6.452858688487181,0.23272416197013668,218.96973153366514,Poor
99.9741061570396,104.81778786280735,21.76777158528013,21.24126468505274,41.37569922150095,10.452217268224105,1.242217268224105,9.517972222203875,49.374217621997246,1.4744456829439736,9.100323248377142,1.4111643665908702,240.8924805375238,Poor
81.60389215914529,113.17686710549152,7.801772545367536,13.565981992659815,19.83940007534793,10.695537928436279,1.2192405033927796,8.62050640839495,33.42284840224009,1.6115822652675083,9.93749982602219,1.2726264861135312,216.61392449108305,Poor
65.66333413808981,106.81614779377007,3.485702810352716,10.68741766983508,12.76323614294547,10.45889531459765,0.8249710843105814,7.1472382864941215,44.881614450068625,1.0816570281035272,5.08639678689876,1.114039893044741,233.95054886776614,Poor
106.57569816626442,165.6515966148961,10.511190409034198,50.30152891408103,11.761088857568723,27.73170945007363,0.0,18.165201692649106,43.85874753176389,0.06,0.979091678423873,0.14765867419516487,280.24823695338705,Poor
120.68064619971513,113.55972525096387,4.182536078193029,2.387232281679424,5.56043855007526,11.293461899011055,1.1841706959017855,6.77306645784439,46.32903594234013,1.2118370254357993,8.03017354517262,1.809402151106292,230.45226583137756,Poor
74.31821281922728,102.16808222379626,3.133185006005432,5.112365174157522,6.987419587688532,10.850113663929834,1.072749697757357,6.1884522367926635,44.08835792033409,1.1129673518813943,5.5180266022802185,0.799337363892258,230.60435308248074,Poor
82.993398188727,98.3746017226363,2.98258318830303,0.6790411590606047,2.5090411590606045,11.171291594151516,1.2231698573333423,5.66606839521208,45.10563940096962,1.1232092760303056,5.885459711121216,0.7072811519696678,224.8042899424246,Poor
66.53538991272387,107.55363832953185,3.5189590519697322,10.96697473076955,12.042783327509202,10.50457050355904,0.7850787807166291,6.914281769837247,45.33401665639546,1.0395649039876758,4.8483927836688725,1.090834599166833,235.55138767289532,Poor
70.96733515709579,109.47391601783114,5.02526383282769,14.275279226372131,8.884065680813992,10.842010604582647,0.5206927221826688,5.129675874733016,59.67348156793472,0.7334336783167745,3.3977482256601697,0.7186068588624415,239.72590438658943,Poor
75.77709065788588,111.55789171362088,6.659976652170007,17.86560691966207,5.456076673971442,11.20821647866164,0.23376853218263166,3.192937592232764,75.23534355714726,0.4012056688430472,1.8234404989494395,0.3146478018887051,244.25628633395846,Poor
99.24858772930746,105.85141908436806,21.773585034220293,21.097091151336738,41.24082720608921,10.456868027376235,1.2468680273762343,9.335429925482805,48.544057113342184,1.4732829931559415,8.796861213700714,1.3611687057054815,237.52068015223017,Poor
105.00077839457865,106.85380245458052,17.62999694171836,20.084234324351264,36.11277511328336,10.507087694427474,1.3032689768320527,8.832362564809157,39.295507554085304,1.5256315416412107,8.125438472137368,1.380713342519053,213.7830504694684,Poor
84.70669718308164,108.46756736780368,8.828193696950837,15.488274519639441,22.44898842226243,11.454990567573695,1.0302855610491954,10.468174832098226,33.189019401180424,1.5058162718032841,10.686511309573662,0.8287957979672249,210.2979526163941,Poor
62.391245616266886,107.82317633844583,1.4993516768110875,1.2168603416691282,2.0580774631604384,7.864705394826613,0.6826768590077625,5.857555550995191,33.44346381992533,1.359965340567837,7.806466861210345,1.18081141432754,210.22711518439925,Poor
99.24938325950093,105.85028570881998,21.773578659779638,21.09724923746493,41.240975093112354,10.456862927823712,1.246862927823712,9.335630082919305,48.544967383467416,1.473284268044072,8.797193959502794,1.3612235258950962,237.52437732780882,Poor
143.98405550908691,109.60566462836472,6.534544619424783,9.033587647264122,14.372018428529433,8.006036912933524,0.7328430781265312,9.270341570353073,34.04148310718135,1.6339846149548103,12.14918769196385,2.284159993295041,238.8046155135569,Poor
92.02335021996838,100.4391420374714,2.9954463678347127,0.7240622874214948,2.5540622874214947,11.177723183917356,0.9401799076363186,6.990975886975417,47.523917152926,1.039598609074367,5.763259505570228,1.639861668016677,213.87058734049413,Poor
75.4507522032772,90.05229449832565,2.164277951890389,1.4521334931874508,2.744716614432883,9.375411494158856,1.1888310652112788,5.951811973721208,39.509741286842726,1.077621255144559,6.169111709399524,0.3808474153224781,223.16130800889596,Poor
157.06151136678696,109.52734554672968,6.48357940559567,6.1341937158313895,11.873685861414318,7.435565445009557,0.8753874348375446,10.882965095359951,36.417356023518785,1.691300174824803,12.503980804194095,1.9661710298789548,249.84328099171796,Poor
118.88374965123053,112.15570947324963,5.613962142240082,4.427775819789053,9.24255368078353,11.470105966489202,0.9922986915720742,8.143580774485185,41.84593133323958,1.2879767096936212,8.584470446569563,1.303834647634354,235.93432309794073,Poor
144.5723818278324,109.66701633701842,6.553640846621631,8.820685029154575,14.215998189304116,7.958093193588244,0.7385313160149541,9.421079874396284,34.18450165980456,1.6319531014232307,12.147562481138586,2.2524683822023985,239.4140695730308,Poor
101.20505752168354,108.11873102203606,21.39899192042695,20.903389267401064,40.667579620147016,10.452731504372169,1.2760350316544151,8.671984323190014,46.5651053361313,1.5094708471493297,8.26193409706172,1.3396460054214052,226.88988242392512,Poor
65.3504251697125,91.84144000433436,1.2557910280272562,1.755298130613264,2.433019501316272,7.434034828662124,0.8963282242180495,6.170726105760346,33.92158205605451,1.131044859863719,6.792960436280538,0.5568211216320417,215.36865420408841,Poor
121.34931015214121,114.08218979684256,3.6498715737180114,1.6279020306192928,4.190244111968246,11.227728832501372,1.2555704060760964,6.263068528027883,47.997295837206565,1.18350380711266,7.823907715780166,1.9975347207719365,228.41227411211153,Poor
118.59034592332172,115.92701611535682,1.6207552072477687,2.030031680302165,3.0928016748918674,7.5829020278579575,0.8653947717898658,7.663971478125281,35.29856086618433,1.4097121732368665,8.156841825681074,0.6862582520792658,265.36678112110656,Poor
115.60712313682278,209.02827452118586,11.882842352617079,56.49338980217762,12.948185098517644,29.754453337006428,0.036729411648957155,51.12901177882723,52.84064940810705,0.07020549022694476,1.6545207849927848,1.2616611770956314,230.857882369146,Poor
85.84863269314083,108.5399743257686,6.800157043307928,10.458372222618982,15.566078529330603,11.663841450055703,1.0515009435668914,10.004505098331869,31.67189958605883,1.57631332562103,11.542891657026287,1.3309263864291991,208.27814269187922,Poor
62.45267103552349,99.56076844478807,1.2377552139140466,1.349492313066048,2.0031659316181103,7.437040797680992,0.7520417113123727,5.88816501798673,33.885510427828095,1.2212239304297672,7.04846780288434,0.8003046121603711,212.66328208710698,Poor
73.43973347656868,112.04157588387845,8.984907491305623,16.610648208075446,23.997037132920713,10.479166774535802,1.1627778496905345,8.492222797524278,37.23481045210756,1.499166774535802,8.40620520188614,0.9542592832301782,212.49074913056236,Poor
72.72052815575977,111.92592092813602,8.979546003291075,16.60681857377934,23.990909718046943,10.47227343280281,1.158182288535206,8.45545830828165,37.51360782886415,1.4922734328028093,8.310464344483464,0.9527274295117354,211.9546003291074,Poor
176.92258328122506,98.08970476786,28.316880489828044,25.455202429742922,52.03208291957097,10.458109193463176,1.72505481367292,14.636441980444681,26.238308923434932,2.322145880539344,13.289565829443289,2.0520362531935032,213.0872679940073,Poor
72.4039650705977,107.8136096602418,7.183718546787226,17.705086858348064,8.488060731812118,11.082918316781468,0.35799942498560744,3.8009847987375127,79.35911611084425,0.5190346785140033,2.6264436696210507,0.2803525352839582,236.1317856769955,Poor
128.16223645133212,109.34080453769461,6.8764177077978745,9.98434358408056,15.668759244521423,9.895355993882092,0.6805041156572683,8.496432123069935,33.456650231961916,1.5533785985822046,11.034071992587334,1.8165246730003684,236.33107007088978,Poor
90.77896498171738,110.5194084411448,16.788888424978413,19.10533405779708,34.27030004232449,10.50137952360798,1.2403877977450133,8.839612202254987,41.55975294647017,1.5092244045099732,8.508753865394612,1.1219389887250668,224.07755954900267,Poor
99.77995053955541,105.73124648908332,12.28203424514932,17.57949712974444,28.09216665686403,11.155589138493932,1.1550100311905085,9.942436803499797,33.93631269494068,1.5206272570178645,9.626795502815222,1.1606433069226778,205.43747492202374,Poor
90.08270326261172,112.07281102593458,11.460740911722873,22.38252644715911,28.16460315257485,13.274780190409022,0.5515368036411865,13.291864265364257,35.520112379840455,1.1901983681171855,5.6687499722023045,0.6044120428063741,275.5750478330375,Poor
101.59498399383405,107.69040805222777,19.44624070693319,20.348709642317168,38.18539801326105,10.490895328021399,1.284377882691631,8.826965109340467,42.309986433349735,1.501342992032097,8.044476640106991,1.310546421426058,219.9901242584641,Poor
213.99788673638815,81.66546652044444,16.129913339984398,13.417778700512896,28.074997821459398,10.800207357588134,1.414093167953877,10.492268135256747,28.57305780962104,1.7224868614497635,9.053107504606336,1.2918236030893047,214.45803153252058,Poor
78.59681697212925,94.39460164997404,2.612210121659943,1.0226455892319366,2.610336963502017,10.360862267651875,1.2388940724208173,5.648799035347686,42.315904585693175,1.1118748916563486,6.026827373119783,0.4572593736949315,225.26922410192915,Poor
175.9614053893137,107.0532273080045,5.631535002940775,4.944976661858515,9.850649953506439,7.421896283469638,1.1077631810161523,10.368093344023036,38.53607606220609,1.9419014697233015,13.656746760727186,2.1393137427179174,261.68988765964696,Poor
63.2430842098033,97.4551864618518,1.2426747979863275,1.4601829546923706,2.120416018674141,7.4362208670022785,0.7913983838906207,5.965238501785799,33.895349595972654,1.1966260100683621,6.978773695193692,0.7338902271845775,213.40121969794913,Poor
146.48847688125747,111.12416140053128,6.027774930532685,5.879991245672365,11.183917071543167,7.442752725825065,0.8096345403877279,10.573778432263738,35.6708163947611,1.5824727417493492,11.578078472074449,1.742083724671029,248.75272582506508,Poor
138.52823592401487,108.2743179417391,7.409127773510072,12.453586630943997,18.179685641873533,8.712882052469938,0.7140129326863232,7.713547384933448,31.891475135279723,1.6938211821493798,12.228556076557135,2.657693199140891,230.09137122583755,Poor
170.56782658945264,98.81596267549114,27.012796947658266,25.047013678738562,50.31981062639683,10.440880447479225,1.679995016484127,13.69283681578525,29.32092916640942,2.2505803202983197,12.921135723017274,2.0705902873300652,213.88244088557423,Poor
70.65595583672476,110.7524248996285,8.775457206677961,16.363612153020014,23.537323379723812,10.45853175250323,1.1323810300387587,8.295298036458329,40.32469217865808,1.452837421309753,7.974088032864978,0.9294445350452184,211.36706187419253,Poor
115.74558512412455,205.3812846770768,11.986688843093406,57.052182822359754,12.794887898290686,28.577526444941398,0.07381744396193073,46.60427183664445,54.01263122919701,0.060315348276818476,1.4369376620900065,1.061385802605574,225.6655578453297,Poor
117.19978485184093,111.6527162180723,3.0225824438829894,0.7325824438829895,2.5725824438829896,11.155164887765979,1.2160426936165,5.60060379069124,50.486488776597916,1.15,6.998950126327344,1.7964792031897086,228.32419949469062,Poor
119.43109903819426,112.58338416374161,5.177938054319828,3.8062095667963503,8.120951292920578,11.416298738618192,1.0507444735698954,7.7261109030721755,43.21152166817279,1.2647839390595652,8.415627076353635,1.4578346446444863,234.26444361228872,Poor
71.62749411806936,111.75015081131893,8.971397719730017,16.60099837123573,23.98159739397716,10.461797068224309,1.1511980454828712,8.39958436386297,37.93731857403913,1.4817970682243071,8.164959280893154,0.9503993484942904,211.13977197300167,Poor
76.06568390259304,112.46385332192924,9.0044832665795,16.624630904699643,24.01940944751943,10.504335628459359,1.179557085639572,8.626456685116578,36.21687013786595,1.5243356284593583,8.755772617491088,0.9598523618798573,214.44832665795008,Poor
118.9954352139646,105.22580850231805,19.6621426046114,21.851259714202612,39.81285251204851,10.376025225440252,1.347262290662624,8.01450193234501,48.186895233548974,1.6847994847079975,9.691958297149604,1.871110938021117,221.95876449258756,Poor
122.393006958187,104.28918613758954,17.314907041367544,21.426516315198327,37.05641322841836,10.403319829136654,1.3680040512590035,8.067250957733595,43.979954071495335,1.705682196492847,9.703155973471636,1.9297146065648754,213.86761196043415,Poor
92.56879236868875,104.01092267014603,3.163299020769171,1.3547727840721742,3.3432688924657814,11.18,0.9384597036990592,7.539248054196804,44.03096284392693,1.1877077578958628,7.170479537420286,2.0444451418212397,210.48029123755637,Poor
247.91364851379365,67.45398205496306,3.226553990595595,0.888073082915331,2.961041471003085,10.87551251959251,1.0974485654649928,6.297384246185962,32.0812526864158,1.1619323943573572,5.298495513740765,0.626553990595595,220.24834637408517,Poor
72.650180588741,111.91460838008508,8.979021580533747,16.606443986095535,23.990310377752852,10.47159917497196,1.157732783314639,8.451862266517113,37.540877812245235,1.4915991749719584,8.301099652388313,0.952577594438213,211.90215805337454,Poor
138.30410374810853,109.01334921682623,6.3501815443101535,11.089039803861272,15.878303978402155,8.468905910029829,0.6779264174540882,7.815050062533336,32.66072135313136,1.6535977080521114,12.164878166441689,2.5901242456129374,232.9206875843666,Poor
72.86636629208044,111.94937306720357,8.98063318854586,16.607595134675616,23.992152215480985,10.473671242416108,1.1591141616107377,8.4629132928859,37.45707419561525,1.4936712424161065,8.329878366890368,0.9530380538702459,212.06331885458607,Poor
79.52641284882203,113.02037096929939,9.03028209791454,16.643058641367528,24.048893826188046,10.537505554461553,1.2016703696410354,8.803362957128282,34.87533090844385,1.557505554461553,9.216466034188239,0.9672234565470118,217.02820979145412,Poor
64.08613992552868,104.15406276447617,4.397375765590356,11.553506977310839,14.431597651030351,10.452817494896065,0.8523212729677107,7.132043737240161,52.8131691606361,1.0907737576559036,5.3416652143653,0.9712111300575108,228.1766201512611,Poor
152.31334516350057,111.60160771304291,2.2157628203077415,3.096110093786944,4.5481672195676435,7.638256101278974,0.7581743898721026,5.728303766266316,33.19174389872102,1.2182152455755382,7.580347273479202,1.3319209401025804,230.18188008439915,Poor
145.92473773747045,109.80804240218096,6.597536376837784,8.331296564617043,13.857362367963635,7.847887394322159,0.7516065803346592,9.767574378868467,34.5132511627,1.6272833641661932,12.143826691332954,2.179620480992613,240.81499075014204,Poor
149.43549617543906,110.17415049895807,6.7114905526558255,7.060828732092498,12.926332505960914,7.561789676310906,0.7855503773868417,10.667085000751305,35.36669520286916,1.6151605795046995,12.13412846360376,1.9905050402733107,244.4518261485902,Poor
125.81876474971264,109.48806871686615,7.042234854424093,9.482253902338236,15.470474404849512,10.255979298782467,0.6863019179868564,8.8234281744587,33.80915661360087,1.5232300264683467,10.712873743528156,1.569538293759918,237.83849867658267,Poor
71.01309564232476,104.19498927778639,3.206969631097149,7.252119301817327,9.14887507566943,10.696034005650072,0.9729234402803275,6.568226042411798,43.83228186854519,1.0999465356887383,5.329224767486706,0.9338857978830368,232.3404619081682,Poor
115.56649912787292,210.09828189977594,11.852374345904684,56.32944290891568,12.993161679854989,30.099757413080244,0.025847980680244475,52.456546357010176,52.496796189495726,0.0731072051519348,1.7183585133425658,1.3204209043266797,232.38128270476577,Poor
152.11151592529987,111.56621733605051,2.267599313667181,3.206340709183823,4.698576321785293,7.6507468225704045,0.7569253177429596,5.748809367053082,33.179253177429594,1.2238360701566824,7.638741395516643,1.3491997712223935,230.19228901880868,Poor
108.8820652566843,105.6757216062773,14.80048428670786,19.51096983878225,32.70469799282085,10.588442121261064,1.3136525534934085,8.942988912991527,34.9278284593338,1.5563218245360169,8.369553513564739,1.4501659101254705,205.04086861626647,Poor
242.3237601118858,71.2252487556841,3.394083113529896,1.192417656245978,3.4775896000505133,10.526493513479384,1.118855064506598,6.662225447242885,32.91703686638804,1.2624498681179377,6.241312188921027,0.7940831135298962,225.4603635320412,Poor
180.85407273695435,106.41274554094353,5.410963933989763,4.637120784873412,9.326941105301897,7.418357710170959,1.1679189270937012,10.234807083106114,39.08455492350139,2.006775313532423,13.955166442249144,2.184135671167856,264.75665118516906,Poor
63.950917703522435,108.1937412281762,1.6554457913207972,1.3659746380503548,2.325214138805104,8.102019211195033,0.723286709937118,5.995882855723308,33.21630246628925,1.3878846130817686,8.089466759874291,1.259493000503166,210.3540209685535,Poor
61.780308279748425,107.6780227971412,1.438208233042357,1.1584509543290806,1.9534376671172042,7.771747476251388,0.6667696216045156,5.803371523590381,33.53244492914974,1.3490291148531046,7.6956133005564675,1.149991141858749,210.17740506751412,Poor
79.34271568313785,99.0867390360796,3.0210161961742044,1.8594696890519238,3.7015332761619844,11.084348531518573,1.2245074992937237,5.611112774426052,44.477649672101286,1.1327618477339638,5.805046792142478,0.5947942400823725,227.9650869688048,Poor
89.65705156730428,110.82507330542596,15.915070707582746,18.82845377714779,33.11891669705021,10.506862301442618,1.2369610615983637,8.843038938401635,40.74898717417285,1.5160778768032726,8.608129213647453,1.1048053079918185,223.39221231967275,Poor
76.0613084275102,111.68103787440002,6.756574999302919,18.077766337960913,5.253510163124596,11.229856293146382,0.21681362598840231,3.0784919754217155,76.15492412731322,0.3815736721970975,1.7304116057521548,0.290777078694198,244.5239953791305,Poor
154.05143498225397,111.53152996261913,3.2952707427120114,3.1188437566072036,5.784903225720081,7.427285397220961,0.7872853972209616,7.4390528107530685,34.25510607763153,1.298492231913557,8.58898312603778,1.3505574777223064,235.8283177767692,Poor
115.74808632832128,205.31540474510913,11.988564746240959,57.06227696786802,12.792118707930012,28.55626620926912,0.07448740937177147,46.52253605664388,54.033802136147976,0.060136690834194276,1.433007198352274,1.057767989392434,225.571762687952,Poor
107.54009468448515,108.92588455564642,8.911979909776944,11.185510728725799,19.387670966829592,11.785728930846714,0.6790394828629365,11.014510272982951,35.07042900060503,1.3721355345766428,8.39997529647285,0.5909605171370635,253.59776031248967,Poor
108.91778639064677,105.67550369957776,14.810367912009022,19.51854987897385,32.72279981364802,10.58621635997277,1.3142751440635605,8.93906659239957,34.931719650397255,1.5564619074143011,8.364619483296284,1.4513021379159978,205.0393121398411,Poor
78.12502037538472,99.83350687418954,3.0482004643709253,2.6478134667568396,4.497872426865936,11.02758138322542,1.1877287834981596,5.751031801909176,44.38330427071267,1.1279646239345424,5.735487047050867,0.6443655526763936,228.60471680872766,Poor
103.58501428029021,175.52418812633385,11.427682520926183,57.823259766305455,12.919530272643636,32.75923309354944,0.05581494157636384,30.133098548118923,49.66379180907783,0.05255800778981815,1.1218590817930907,0.5746519532610911,253.30192375894538,Poor
90.4374287977633,106.63741396012776,11.255227726996843,18.568262942460183,28.681539582140726,11.895283374249203,0.6181759031948871,12.694345071821113,34.717420238530345,1.3173583128753985,6.434081673194856,0.6518240968051129,272.465470009585,Poor
155.2192710443643,111.98106359956181,1.9989964986180642,1.8463543610287418,3.2613307982270943,7.4225284275178645,0.7825284275178644,6.088073415073506,33.703297592072275,1.1819464741876793,7.2641670637252505,1.141250810786036,232.02274201429157,Poor
72.66093885979411,111.25235588714301,8.949426824138271,16.460735424935994,23.78771993329231,10.578691399202281,1.132591928116999,8.625008970420515,37.57638075491433,1.4792087240053182,8.398747250260971,0.9341744801063626,210.60436200265906,Poor
80.25647795696283,113.13777228061916,9.03572454281016,16.646946102007256,24.055113763211608,10.544502983613063,1.206335322408708,8.840682579269664,34.592323773871705,1.5645029836130624,9.313652550181422,0.9687784408029027,217.57245428101595,Poor
116.84333059094399,111.432843751863,3.022768776481472,0.732768776481472,2.572768776481472,11.155537552962944,1.2070987288893422,5.596318140926143,50.523755296294404,1.15,6.957025291668792,1.7659206570385861,228.49189883332483,Poor
91.31768062874924,105.78286817917103,9.940621873314061,15.78379976740779,23.803879116006698,11.682867830104078,1.0075194880827756,10.871627225078514,33.01449680051735,1.4874418848186244,10.795658056944005,0.8914730657510652,205.80620127979307,Poor
98.77085953200597,106.53202864751071,21.77741298451918,21.002157983924263,41.152018759154956,10.459930387615346,1.2499303876153463,9.215232286097656,47.99742581066068,1.4725174030961634,8.597042208098653,1.328248333135027,235.3004689788739,Poor
64.13552665577976,108.23760275304124,1.6739217076166881,1.3836243954874865,2.356833491490349,8.130108612392851,0.7280934523880814,6.012255822196903,33.189414750704174,1.391189248516806,8.122963746329443,1.2688060640019079,210.36904203871276,Poor
125.5144159317663,103.94638152487403,17.874716408921312,21.852663333757516,38.01878214117933,10.371869864667342,1.3774390405997974,7.875406174470786,46.20189406125228,1.7418496556325567,10.0664030630922,2.0413619804309358,216.06910947328606,Poor
84.63234849914005,108.55890300271206,8.832255793921156,15.5105545060524,22.479884978006368,11.437634335064152,1.033732188781587,10.437524464049458,33.211668669136145,1.5070472102791381,10.661646352361409,0.831503862614104,210.44566523349658,Poor
78.91618966149746,108.85646915752106,8.844024023850336,15.747239546063803,22.80260914598582,11.186784477786533,1.0434049432579753,9.829033266017333,35.354814041153205,1.4751547701480898,9.72439016157464,0.8530954029617958,208.57738507404488,Poor
152.80436907178625,111.05149848180774,4.679488504840112,4.477663027687083,8.47968312593644,7.432365095430606,0.792365095430606,8.881687102292082,34.844351069950285,1.422944838049845,10.00367907742375,1.5740641989466604,239.89207634448474,Poor
98.50647327191061,107.71711528478234,10.149682487656376,15.08507755201866,24.296688723769577,11.843595544877441,0.6468913639569772,11.901798354787427,34.88396991095047,1.3432022275612796,7.361591055810365,0.6231086360430228,263.56367717333706,Poor
74.76266451062979,89.10257212187427,2.0663090174263514,1.5460684127029687,2.7741072947720946,9.159879838337973,1.1778815960652982,6.01808507644688,38.895994726818024,1.0701295130973092,6.2002312532881,0.3641350676786129,222.7002777290652,Poor
65.28784607926174,102.14611500344996,6.655863652282104,15.061843552029181,14.270651568608834,10.69000377124758,0.6953502974136931,5.817152365719483,73.3582394154176,0.8801985537017185,4.6148294000501195,0.5184825628802541,223.82840091785354,Poor
116.00945740638127,198.4310772426363,12.184593054785948,58.11709596146725,12.502743585792171,26.334612045759247,0.1444975195664103,37.98130261289794,56.24612161829857,0.04146732811562392,1.0222812185437262,0.6797133943413843,215.77034726070255,Poor
92.43309613444201,104.15632905158976,3.1716571221539342,1.3862385775206931,3.382846960787747,11.18,0.9434991471810485,7.543304191633527,43.80836693792978,1.1968033388145753,7.2447191438378855,2.0482554527466466,210.50487388868805,Poor
199.07578349654125,88.3699465732975,21.187678993891097,18.373870705089974,37.979207426744566,10.660655289880815,1.5436772308249591,12.23467538063099,27.47657727763496,1.9716869823556906,10.807476355784061,1.6028253539799018,213.85995124234634,Poor
118.3578698103417,109.95691268386274,7.570145777892694,7.883754392814426,14.83919630755489,11.404093265207191,0.70476034188436,9.864483282277902,34.931428786569086,1.427246222201328,9.690277059606458,0.7832094357262656,242.6376888899336,Poor
88.82384027256654,111.05208139183587,15.266112613025257,18.62282313385271,32.26381897245681,10.510934195369254,1.2344161278942167,8.845583872105783,40.14685585977167,1.5211677442115665,8.681932291067717,1.0920806394710834,222.88322557884334,Poor
100.11961185194443,104.61048888400865,21.766605674263264,21.27017927827101,41.402748357092236,10.451284539410613,1.2412845394106127,9.554581828133454,49.54070971520565,1.4746788651473468,9.161183803457526,1.4211912013359143,241.56870892730583,Poor
107.10250146165473,165.8234553948677,10.487872886123478,49.93060757740867,11.688977258937426,27.277449559294443,0.0,17.773121862965166,43.76720466404032,0.06,0.9678647229483417,0.12822740510289923,280.4641399433011,Poor
101.66843087524614,164.05070121995735,10.728397321915335,53.75672776898652,12.43282134740483,31.963221901017256,0.0,21.817495709243033,44.71148578233427,0.06,1.0836727846259018,0.3286644349294454,278.2370618341173,Poor
117.52893378482115,113.29102977139469,4.375163566662454,4.468647998510072,8.316528356520674,9.45572427223705,0.7952187626328037,8.79117362521059,35.27663086332275,1.40532617266455,8.71824989893757,0.629240244639153,255.7175798620105,Poor
234.32108280294048,72.53428303723595,9.241476677213091,6.667816720359379,14.585934620573369,10.99027064745569,1.2376058273625743,8.119192201767538,30.066412230008986,1.383088129543412,6.663740431985621,0.8682539856701782,215.27258848909582,Poor
232.31714416343883,73.43464985682768,9.920700769185796,7.33338672140161,15.916003713565246,10.971529738335434,1.2550081001170976,8.35318583849759,29.919162229778404,1.4165540386867264,6.899340432354553,0.9100194402810342,215.19227030715186,Poor
117.4195832239929,105.4820603811924,19.815990797041653,21.767298397829006,39.88856329444321,10.382819782834648,1.340953058796399,8.072740995725548,48.043238877210314,1.6692690678065207,9.565288334296936,1.824034361788516,222.39555746794161,Poor
129.0182882081572,103.59597592426638,18.683625696955392,22.385276827844535,39.33131106853325,10.332809967688881,1.3873907442888955,7.644085437333271,49.100589254577926,1.7835772167111277,10.497614173800136,2.1705309381556055,219.18064077999955,Poor
95.97901181531923,101.3089289220191,3.013896041720841,0.7174544584091775,2.554233666753346,11.17,0.9952732495449349,5.420337625032505,49.60271813296364,1.1467792083441681,5.516805916038243,0.5606752500650093,232.42336667533456,Poor
83.60735725204331,107.05965772134958,8.764976481819103,15.212148492313919,22.063818657001605,11.642827989505184,0.9765185615392399,10.731999419220262,33.68873507834107,1.4721144800699655,10.7185650171213,0.7922896013993089,207.05724003498273,Poor
117.86745640772945,114.13174091341072,3.4966833716773036,3.6908852781092056,6.650493464438963,8.858413693799696,0.8176004236515336,8.43166819509724,35.2836251323911,1.4067250264782207,8.53919661078773,0.647425344216871,258.7950582520859,Poor
105.98242158802377,159.07385306139048,10.566528830273946,45.48300521792305,13.716018468110608,24.44458724289386,0.07305490040974325,16.335322928541306,42.47770989076324,0.20970266477406402,1.566355949414684,0.1494620364551657,280.2814272090845,Poor
115.96869527721434,199.50472260908654,12.154021457910755,57.952591654472165,12.547873085941266,26.6810901436781,0.13357909211098423,39.31335076245992,55.9010993107071,0.0443789087704042,1.0863359929488925,0.7386729026006851,217.2989271044622,Poor
208.03960485147945,84.34251421302265,18.149440546666213,15.39670839535365,32.02967309256514,10.744485282512166,1.4658350948101315,11.187998044062386,28.135241505452733,1.821990566942561,9.753613591275629,1.4160042275443159,214.21922263933786,Poor
90.71459656078864,100.13991844445381,2.99358204638289,0.7175371623401143,2.547537162340114,11.176791023191445,0.9811949795764245,6.798950777437649,47.17342471998328,1.0517166985112163,5.7809705593625464,1.5046983627595099,215.45526057454367,Poor
91.70852007396158,105.78048397340503,10.048762634843403,15.866736067982263,24.001938494996658,11.658514871208494,1.0143315045570647,10.828711521290492,33.057071903481656,1.4889745885253396,10.741672826385262,0.9039049958166431,205.78917123860734,Poor
153.7196965613517,100.74146325013123,23.55532876253808,23.964798027298503,45.78012678983658,10.395202514139223,1.5605296523641206,11.191091543625113,37.49376554708987,2.060841212578309,11.94433068697722,2.1197819078500677,215.99065319357433,Poor
137.7086057715059,108.951249635012,6.330852535401089,11.304537690421899,16.036226093744293,8.51743406005684,0.6721688403322393,7.662474268804342,32.51595941406773,1.6556539855956287,12.166523188476503,2.6222021752918097,232.30380432131136,Poor
101.85730018981371,164.1123159635622,10.720037532582015,53.62374519422133,12.406967924836975,31.80036081993112,0.0,21.67692739971241,44.67866586865532,0.06,1.0796477008728225,0.3216979438183465,278.31446729090726,Poor
217.224322451666,88.15880210220602,4.146314012437582,2.5589704559282747,5.7969682050158795,8.959345807421704,1.2149734571448023,8.300417182641846,36.6698332398275,1.7137884074625496,10.474700525551505,1.5463140124375825,248.86310260916923,Poor
99.31563841495117,163.28315089274636,10.832537316059538,55.41332508324339,12.754883921887831,33.99202326841915,0.0,23.568590425593715,45.12033168527078,0.06,1.1338142632879258,0.41544776338294853,277.27280262907834,Poor
107.47450779372775,182.51428696329882,11.669058758137494,57.9410042722622,12.782161682360776,30.696741830873933,0.0852510680655481,32.376131386594764,51.77534328256865,0.04863319092459359,1.0806485047082326,0.5982008544524385,241.33123232001043,Poor
155.21358071327379,111.97887322771638,2.0053126502358225,1.852554619956266,3.2736270126609313,7.422551606055912,0.7825516060559113,6.0946561198788025,33.705986302485705,1.1825143483698264,7.27062228657129,1.1422706664600961,232.04128484472903,Poor
100.78125193117991,107.89029469202396,19.880188153974583,20.411899612317253,38.6806010434658,10.487026554347924,1.2798643134059107,8.825675518115975,43.03022313222825,1.4955398315218853,8.025132771739617,1.2937817355076684,221.47315416662934,Poor
145.67256834814776,109.78174573243805,6.589351320692641,8.422551233128848,13.92423601817076,7.868437109750389,0.7491684785041911,9.702964680361065,34.4519503166768,1.6281541148199319,12.144523291855945,2.1932041911909352,240.5537655540205,Poor
94.99619931143975,105.76042841378643,10.958425517544333,16.564383034715103,25.66798248331348,11.45366165510419,1.0716331034673596,10.467711448155635,33.415206896670995,1.501867448280156,10.287557655021176,1.008480413827931,205.6459172413316,Poor
117.62128349729876,113.52037761106016,4.135512246679234,4.25647262604085,7.86203039139326,9.292776639063746,0.8013245287470259,8.693099757000896,35.27853891523345,1.405707783046689,8.669403770023793,0.6342011796069585,256.5571227027161,Poor
65.80722756234476,90.62456392105669,1.2586341964461292,1.8192694200379074,2.50078168196608,7.433560967258979,0.9190735715690339,6.215269077656025,33.92726839289226,1.1168290177693538,6.752682217013169,0.5184383479772555,215.79512946691938,Poor
193.21989415749363,104.35359788109155,4.865727447827363,3.8659048635530437,8.015159630801037,7.460567817026327,1.3068985072223853,9.86713977526848,40.25890693416096,2.1454364686964182,14.523399470272885,2.2657274478273637,271.24485393240684,Poor
167.28246049307631,108.1893572691079,6.022798912197379,5.491072278521475,10.779640197944579,7.428173244580707,1.0010548421279877,10.604525545873283,37.56314708999047,1.8268238493537121,13.127389707027076,2.059805568644383,256.24985469672094,Poor
78.60244042559901,112.87178754447865,9.02339412457848,16.6381386604132,24.041021856661118,10.528649588743761,1.1957663924958404,8.756131139966723,35.23350552191902,1.5486495887437606,9.093466510330007,0.9652554641652801,216.33941245784803,Poor
172.73953043785164,98.56776794995982,27.45846046941523,25.186509984329156,50.90497045374438,10.446768278559349,1.6953939593090628,14.015308794942726,28.26746031315059,2.2750374647849823,13.047044726115278,2.0642495461668564,213.61069483572243,Poor
115.94439888205677,200.14467230296887,12.13579916154258,57.85453834544341,12.574772666294287,26.88760950251742,0.1270711291223502,40.10732224707328,55.69544768026627,0.046114365567373285,1.1245160424822123,0.773815902739309,218.21004192287097,Poor
93.17367198634561,109.8669714685949,18.65403896309752,19.696330777326587,36.727910163140265,10.489676618270762,1.2477021135807747,8.832297886419225,43.29032007321127,1.494595772838451,8.296638706157538,1.158510567903873,225.54042271615492,Poor
124.45267581026222,104.33839765081045,19.129359953232793,22.14202122426097,39.5506629422849,10.352495392256339,1.3691114214762576,7.812817647911467,48.68438313515171,1.7385819605569421,10.13062161579256,2.0341390679382307,220.446132359336,Poor
121.0392545580973,113.83992601912348,3.896865013041137,1.9799990611437486,4.825595320780287,11.258208873949759,1.2224627748476775,6.499551608230876,47.22373340596478,1.1966417560128264,7.919551983773377,1.9102987400748326,229.3582064329235,Poor
66.60763924649477,108.82495578517207,1.921334114986864,1.6199736464305405,2.780250660201096,8.506255930914989,0.7924609079640621,6.231507467752587,32.82935929607603,1.4354418742252928,8.571524452374558,1.3935180091803705,210.5701903373877,Poor
75.58141143636504,110.34422505919089,7.419413118257976,18.885331855336933,5.906053283444578,11.258360140658192,0.2073675560005416,2.9007378640973545,82.0385912391433,0.3577699717182269,1.7386017124267217,0.17402415717685293,241.6254185458626,Poor
113.48170207830495,207.44007443843302,11.696379993947405,56.111369395120136,13.108258766029886,31.513598808398058,0.0,52.54083607414362,51.058527856251075,0.0779353084925285,1.800832834499705,1.3639918449025754,240.129383014943,Poor
90.39456825309215,106.63167888368777,11.261100079202677,18.586764665124278,28.704830703746723,11.895557925780905,0.6180233745661642,12.698554861973868,34.71653557248376,1.3172210371095479,6.429154998487104,0.6519766254338358,272.5127538844891,Poor
102.87877004692416,108.30216282478416,9.55063115015452,13.19767684451281,21.920711081262212,11.815587949877354,0.6624511389570255,11.472348564786097,34.97421660595075,1.357206025061323,7.864171788311923,0.6075488610429746,258.74014692332213,Poor
119.718658720761,112.80807062757766,4.948865086851409,3.479658740830732,7.531697638305008,11.388030159654004,1.0814499989965132,7.506785721453477,43.92895870671218,1.2525992067474152,8.326922225121184,1.538741267197162,233.38714288581392,Poor
109.5976181453866,105.72462628758332,15.178591908205078,19.727268955429565,33.315332222141905,10.528942717014516,1.3287665031836025,8.839647572338173,35.22683084913087,1.5584140755217746,8.234713585072582,1.4754184403962376,205.40529181110205,Poor
113.8093889590292,193.89917430477396,12.062192150333296,58.13277665869917,12.558427231517637,27.33752886178623,0.13319416467479214,36.02939534821916,55.21446141267176,0.04224077804336105,1.013528169455291,0.6365553317398337,221.8343730322512,Poor
72.00934077346665,103.58402870491277,3.184729096324448,6.607143793408987,8.497358233504414,10.742477475322477,1.0030135755610412,6.453752701669952,43.90946960687397,1.1038713359427446,5.3861343711697955,0.8933295285916402,231.81715520763407,Poor
80.71503469878388,98.24514615320805,2.9903800526863744,0.9710215279048633,2.8040744845773258,11.148324007625511,1.2659563993066696,5.453426741768105,44.583975111264934,1.138168225996522,5.883439276949571,0.5389283313692713,227.24423653379705,Poor
90.86617055812903,114.38881301643269,11.416678123519137,23.52081514242228,27.45264125896712,13.82517852726972,0.527959346795328,13.441832351531357,35.8629517933204,1.1418839073674754,5.466602268425516,0.5819941330185086,275.8069572446361,Poor
99.83563155378526,168.78589283278666,11.195001352732387,57.70975675743043,13.051950449664496,34.747427465676935,0.027439189357608015,27.97086622904973,47.62830451658574,0.056341441418985595,1.1615851348993487,0.5519513514860864,264.84139632790607,Poor
126.9825242287402,114.6119006879507,2.8120430398790797,3.06924814575897,5.272289648499511,7.454841943459101,0.8519468021068543,8.482343781575493,35.410898215629324,1.461580565408988,9.154190336450208,1.0046414489948265,260.84194345910123,Poor
105.89812986939799,105.69392426223462,13.974863820073082,18.87777744941038,31.192577358653534,10.774369249967794,1.2616449650439738,9.270636720222965,34.602781031524835,1.544620117134894,8.781713652026509,1.3552520612052519,205.17088758739007,Poor
122.93672052532725,109.66917688930403,7.246159804491937,8.864774857727213,15.226620093929224,10.69948041396498,0.6934321609962215,9.225573880186895,34.24267538857027,1.4861527628196478,10.317858280809327,1.265789941560962,239.6923618590176,Poor
137.47263567743255,108.92664225641734,6.323193285110035,11.38993018302855,16.098803798249932,8.53666366717055,0.669887361522138,7.602015080336656,32.4585965182709,1.6564687994563791,12.167175039565103,2.6349132715195167,232.0593601630862,Poor
74.42949886060215,102.09983457924989,3.1307006163752638,5.040317874882652,6.9146415855812595,10.85530165403989,1.0761109307864076,6.175664937225624,44.09698021375643,1.1134057735808358,5.524383716922119,0.7948070063313635,230.54589685588857,Poor
75.46255684587764,112.36686483890045,8.999987111737108,16.621419365526506,24.01427098484241,10.49855485794771,1.175703238631806,8.595625909054448,36.45067018967043,1.518554857947709,8.675484138162625,0.9585677462106019,213.9987111737107,Poor
70.21408159644614,104.68499526521295,3.2248071081555034,7.769406136509597,9.67140822714357,10.658785156498803,0.9487903830837308,6.660036586094503,43.77037533051913,1.096798745619617,5.2835818114844475,0.9664129619306238,232.76016725071773,Poor
100.64956610672328,173.88064095512215,11.156710724114532,57.21735826909862,13.161559434655354,35.34458436585364,0.0,32.73297509620372,47.04765254218454,0.06461014133616126,1.3544397347614021,0.7443715721314987,266.7797173276775,Poor
84.68314768361975,111.65515544787141,4.620830055244343,5.4584848583538195,8.737809477266568,11.325894123874868,1.1901460004615925,8.457746182350359,30.692718871740002,1.6976277504038935,11.694534688004866,1.993823064706989,210.87773750865486,Poor
72.8864312912719,108.1978605041474,7.219506615582357,17.884296285547737,8.09600647440983,11.109557555959798,0.3351273509436071,3.664290520933558,79.76596994556783,0.4945481051278618,2.4916329743852605,0.26420754184254625,236.96594367146844,Poor
72.42939696012803,103.32642366332266,3.1753516108704183,6.33519671524213,8.222653071380488,10.762059871417657,1.0157007617635516,6.405486232421271,43.94201499756737,1.105526186316985,5.410129701596283,0.8762294080578216,231.59650849106868,Poor
126.19119424678715,109.46466518092926,7.015882841518771,9.56204706029631,15.501986252449582,10.198668277708656,0.6853805189342228,8.771461267890164,33.75313555120074,1.5280213015420416,10.76391925104406,1.6087898934021108,237.5989349228979,Poor
131.55089930789123,109.12786036016715,6.636645917353564,10.710365858642703,15.955479357570214,9.373894267810899,0.6721204866207541,8.023595445410526,32.946925586541845,1.596973469572079,11.498525041210227,2.173667269955879,234.15132652139604,Poor
243.8744636682706,68.24196241597942,6.003410243633594,3.4948434630166,8.245093453043632,11.079614222682558,1.1546439360804823,7.003673848220639,30.768397463934377,1.2235460309240045,5.540564057704992,0.6691454465931574,215.6554895257824,Poor
107.97054201742584,193.02693153778503,11.464602234377722,56.586370729546886,13.131150396604669,33.158934755960615,0.0,44.03373386178974,49.335932655498624,0.07221240084883265,1.609115428435894,1.0978766394707185,251.57519830233468,Poor
116.61849751651391,111.29415947176498,3.0228863055324027,0.7328863055324025,2.5728863055324025,11.155772611064805,1.2014573344446773,5.593614972754741,50.54726110648051,1.15,6.930581255209424,1.7466458926859807,228.5976749791623,Poor
75.37217310084166,112.35233028565186,8.999313324500417,16.62093808892887,24.01350094228619,10.497688560071966,1.1751257067146432,8.591005653717145,36.48570712597831,1.517688560071965,8.663452223221736,0.9583752355715477,213.9313324500417,Poor
92.47759229920509,106.910403809431,10.975703546194321,17.687580263723923,27.57288133776293,11.882214711250644,0.6254362715274202,12.493958905843202,34.75953037485904,1.3238926443746784,6.668591570335673,0.6445637284725798,270.21475582649975,Poor
154.5493321160615,100.6466477581644,23.7255813977486,24.018088486287162,46.00366988403576,10.397451786758873,1.566412365369362,11.3142824747937,37.09131876914305,2.0701843449983985,11.992430516843609,2.1173596142596742,215.88684061112892,Poor
144.16189498334697,109.62421004315289,6.540317033299245,8.96923137342969,14.32485657900191,7.991544469589129,0.734562520557222,9.315906794766384,34.08471480258158,1.6333705283724207,12.148696422697936,2.2745802426097628,238.98884148827378,Poor
104.00138425941303,103.51151773450464,3.0294817646317758,0.7394817646317757,2.5794817646317756,11.168963529263552,0.8848752976747649,5.441919413469158,51.86635292635515,1.15,5.446602957850461,0.6649906003887801,234.53358816859816,Poor
129.64722753770084,109.24748743330628,6.771344117817306,10.302503475420323,15.794406684288397,9.666839305183093,0.676830213909696,8.289224064506856,33.23327700570952,1.5724828876695807,11.23760614940284,1.9730328874469492,235.37585561652097,Poor
97.84985905865548,162.80497041421714,10.897416074452954,56.44537792509421,12.955527489511912,35.255957598601995,0.0,24.65951473339411,45.37504088488937,0.06,1.1650521839958667,0.4695133953774616,276.6720733846949,Poor
127.61221470874922,103.8246198440962,18.820898656398676,22.310361301082114,39.39886495393751,10.338872495866188,1.3817612538385402,7.6960499645673215,48.972410087400604,1.7697200094487144,10.384591327066078,2.128526278641415,219.5703747342549,Poor
66.10290566070114,107.20622857052209,3.316586479012581,10.43100789136486,12.360003914603855,10.46712823500314,0.8246182931006252,7.1324304066824045,43.45184692577986,1.0806023860566034,5.048734597820747,1.133775344081766,234.91968185911955,Poor
97.19814304378971,107.54205045710496,10.328937696847317,15.64984786045661,25.00765678723598,11.85197630790455,0.6422353844974723,12.030303387869765,34.85696523008534,1.3390118460477252,7.211202919268356,0.6277646155025277,265.0070308057836,Poor
118.19989615896822,114.95734541958635,2.633988480032893,2.9270980810482303,5.0143953498712985,8.27183611620071,0.8395799113367416,8.07862267415359,35.29049372229273,1.4080987444585462,8.363360709306066,0.6652836779611024,261.81723780880196,Poor
95.29540239886177,107.28744886191176,10.58963347915951,16.471208857715542,26.041637201757325,11.864164682142523,0.6354640654763763,12.217191792852011,34.817691579762986,1.3329176589287388,6.992489314886957,0.6345359345236237,267.10613970232333,Poor
115.8516415244454,202.58783484719703,12.066231143334049,57.48019615222608,12.677468312221164,27.676047042214098,0.10222540833358938,43.1385001833021,54.910322903341424,0.05273989111104283,1.2702776044429422,0.9079827949986173,221.68844283329747,Poor
154.66271879205837,111.76683065519151,2.616758163601209,2.452780949590177,4.463982406570425,7.424795442802206,0.7847954428022063,6.73190575582658,33.966271365055924,1.2374883486540538,7.895530820414446,1.2409994832970759,233.836354241765,Poor
115.80355769474039,203.85432857603428,12.030168271055294,57.28614355377373,12.730703980823137,28.08475959470666,0.08934581109117663,44.70981104687645,54.50332763048118,0.05617445037568623,1.345837908265097,0.9775326201076462,223.49158644723528,Poor
117.51878562370861,113.26582710681355,4.401498464094994,4.49196360833888,8.366472405632386,9.473630325109177,0.7945478098319746,8.801950804573908,35.27642119057249,1.4052842381144983,8.723617521344202,0.6286950954884795,255.62532385189652,Poor
107.53794399352361,191.8955731544021,11.446408859540712,56.62365591748446,13.132947273131782,33.2880852563468,0.0,43.36596962240171,49.20071769683344,0.07176318171705463,1.59406658752133,1.0769879498430401,252.47363656589073,Poor
72.43479198088409,107.83816115376602,7.186005205497817,17.71653734482365,8.46301064353144,11.084620416122434,0.35653802656154604,3.7922507940384165,79.38511180986991,0.5174701225541258,2.6178300153804064,0.2793209599257972,236.18508373716713,Poor
86.68043339802665,106.31668545285814,8.355531595566566,14.02676632461991,20.439379313345736,11.905032732513305,0.9525506738406957,11.108419044964737,32.37073586600009,1.4897318396106087,11.43466479951326,0.8578204093008264,206.42282513451303,Poor
85.84694122303789,107.06680399421505,8.76589559543005,15.14657887190421,21.9751452864528,11.721173364980698,0.9774265658194359,10.938242325391446,32.84166028967058,1.4869380592212271,11.067851203731212,0.7872637302866996,208.03256710654725,Poor
116.44634122706756,110.25122594182739,7.555626480132608,7.195680301465634,14.237175349958138,11.709715608186578,0.732033046280097,10.002621097999306,35.764803874988935,1.3912567276666281,9.336348977413053,0.6180553282935892,243.37048439199722,Poor
118.75204688664286,109.93214252617337,7.542254970415671,7.968206977692408,14.872548252160282,11.343435634959956,0.7037851388257227,9.809481829770764,34.872136440603946,1.4323172781062414,9.74430330905496,0.8247530860242103,242.38413609468793,Poor
101.54420664146377,171.8565005332462,11.301033005499518,57.76147951487781,12.99160723264255,33.8414171643903,0.040369878719453356,28.956184758422346,48.55586596680879,0.05461734950407288,1.1434821697927653,0.5622959029755628,259.5829159874223,Poor
138.98852339267785,108.15346033823542,7.656992072277589,12.60720212327894,18.580494622965794,8.73345355944929,0.7259757112014897,7.79628061952432,31.82092828254075,1.7013118939299046,12.241525070087595,2.650537892365464,229.89012822277869,Poor
116.6785840201209,111.17921072765562,6.581856344479654,6.42234415211893,12.501514181966987,10.956134807472631,0.7389972905865057,9.694231019954254,35.25906165330828,1.4018123306616566,9.168021675307955,0.5835602986015358,247.98712745564453,Poor
94.48588120827078,101.95665084294897,3.0452174618094086,0.9102304444589504,2.7841179809210232,11.18,0.8672634696203787,7.481943768231036,47.17575259798766,1.0592072378514155,6.121637454895335,1.990613842883701,210.13299253473355,Poor
116.86648802871805,111.64586489776674,6.094237677541571,5.990630810052728,11.576746933044603,10.624585172468553,0.7514206961135905,9.494680068675452,35.2629439675355,1.4025887935070993,9.068634431091276,0.5936543155922923,249.6953457156187,Poor
66.89537284876145,106.11155563171124,7.842353749926767,15.229803424439318,21.41407287247487,10.451489462263599,1.0478735471631788,7.841070316002087,51.426862741437375,1.3225550518765674,7.178309235786601,0.8308524716903753,213.12763443410043,Poor
67.71522940794974,85.54183701284758,1.2705097266054963,2.0864688486236673,2.7838151507643287,7.4315817122324175,1.0140778128439707,6.401319050152775,33.95101945321099,1.0574513669725185,6.584445539755469,0.3581186908257996,217.57645899082445,Poor
170.91791454076943,98.77595262391208,27.084639813997313,25.069501079991028,50.41414089398834,10.441829591038584,1.6824773919470615,13.744820678420819,29.15110548032749,2.254522916621804,12.941432792978915,2.0695681327276803,213.83863425975773,Poor
159.42231190405175,109.2183015033992,6.377149873177995,5.985647683954313,11.620986864657912,7.433858019355797,0.9044136709514561,10.818652062401677,36.68200699985151,1.7226029784770605,12.647973700994479,1.9877984214932416,251.32304989164285,Poor
76.12126794259173,111.70701719333644,6.776953704193266,18.12252418634595,5.210776066033521,11.234421499553688,0.21323676323628585,3.0543481518449296,76.34892186763197,0.3774320416420152,1.7107859245990946,0.2857412324510866,244.58047215942707,Poor
75.75564894441791,110.48299313587773,7.4323375959886135,18.950051420514406,5.764467087553315,11.267980616562951,0.19910755143584885,2.851372189757779,82.18552214387054,0.34892690800779114,1.6899162737571796,0.16819356571942273,241.92666577116316,Poor
116.637523230993,111.07723744556527,6.688410788993364,6.516682163503679,12.703594346641875,11.02858504283466,0.7362825276689589,9.737836899317347,35.25821328989655,1.4016426579793098,9.18973977864833,0.5813545537310291,247.61384755448185,Poor
67.45250030303052,86.24172118445811,1.268874483213883,2.0496758723123656,2.744841849930876,7.431854252797686,1.0009958657110634,6.375700237017499,33.94774896642777,1.0656275839305853,6.607611487803325,0.38019447661258043,217.33117248208245,Poor
82.85220878699495,110.74576337756581,8.929515082829745,16.04400696946012,23.21964502394746,11.022071918818359,1.116255221794936,9.703658920466461,33.753962886081005,1.53651972206962,10.066301614193677,0.896343388553164,213.9823666483544,Poor
143.35601264934314,109.54017120859862,6.514159250358514,9.260862825790184,14.53857123111342,8.05721720122756,0.7267708405323233,9.109427274106567,33.8888097048127,1.6361532712384559,12.150922616990766,2.317991031319913,238.1540186284632,Poor
95.17673053158394,101.1273774084299,3.012058475793825,0.7148818661113548,2.55129356127012,11.17,1.010708803331871,5.419235085476295,49.332595941692254,1.1464116951587648,5.538121680791631,0.5584701709525899,232.129356127012,Poor
67.514465110041,107.97785301471164,3.8517216582792413,11.69782285686734,11.344980910583025,10.579115475411285,0.7266724110179623,6.520038774371246,48.501793707683674,0.9719364759155353,4.527926255190661,1.0086045786700257,236.4735935102427,Poor
71.65345922391215,107.21588386600476,7.128048007127895,17.42631558456525,9.097925215147797,11.041479343651591,0.39357834130924013,4.013621145706988,78.72622997576975,0.5571250477545983,2.8361499881874033,0.3054670644535813,234.8342016698983,Poor
84.04012935104643,106.89389731272298,8.757684145737391,15.162784986530024,21.99566336208407,11.684899159207367,0.9703481233162531,10.815300335230583,33.53503507169576,1.471834005605284,10.810280167072058,0.7866801121056846,206.91700280264212,Poor
111.41065080094828,108.08179192112858,3.0256086509142976,0.7356086509142978,2.575608650914298,11.161217301828597,1.070784756113705,5.53100102897115,51.091730182859564,1.15,6.318053544282991,1.3001812500551582,231.04778582286804,Poor
75.43913633985866,101.48066097082864,3.1081611060044687,4.386672074129589,6.25436651707208,10.902369455108316,1.1066055624645426,6.059652751493589,44.1752055732786,1.1173833342345054,5.582058346400331,0.7537055462434427,230.01555543539925,Poor
144.23039670350408,109.6313535236389,6.542540500735285,8.944442076908738,14.30669037697129,7.985962147090135,0.7352248300062552,9.33345799516576,34.10136715444298,1.6331339892834804,12.148507191426784,2.270890232822293,239.0598032149559,Poor
108.77535873276004,106.45625891513689,3.0269862212583583,0.7369862212583586,2.5769862212583585,11.163972442516718,1.0046613795987882,5.499316911057752,51.367244251671714,1.15,6.00810021686932,1.074259713629193,232.28759913252273,Poor
86.68968723075244,99.20680966192931,2.9926195309911874,0.6876673433876624,2.5201912495859,11.17,1.1739959396740254,5.4075717185947125,46.475071055704554,1.1425239061982373,5.763613440502226,0.5351434371894249,229.01912495859,Poor
102.26644296159866,108.22022866674772,9.634526498143956,13.462001668178228,22.253459643287844,11.819510329783354,0.6602720390092479,11.532491723344757,34.96157782625364,1.355244835108323,7.793786859998708,0.6097279609907521,259.4156679071331,Poor
72.012619580053,85.30686521601955,1.6747615817495896,1.9214933069106876,2.891571525475123,8.298475479849097,1.1341204120778954,6.28295540058116,36.4430652033136,1.0401876503690863,6.324605144620719,0.297341681592577,220.85770156117454,Poor
98.20043195769804,165.84715369995988,11.09352327487228,57.66025525603526,13.109702201292198,35.614528765115715,0.015063814008814735,27.027862627471684,46.74057759156564,0.05799149146549137,1.1789106603876593,0.5420510512070518,269.8740489697487,Poor
102.04470721372992,107.57993721374304,19.206412080158287,20.313786603054254,37.911715419853735,10.493033473282393,1.2868723854961248,8.827677824427465,41.91193505726123,1.504550209923589,8.055167366411963,1.319811717557035,219.17050190841613,Poor
151.55664030958425,100.98866967890466,23.111439846638355,23.825857187768918,45.19729703440726,10.389338128055181,1.5451920272212438,10.869903628868402,38.54303954951137,2.0364814549984462,11.818923046103112,2.1260974005559583,216.26131716668394,Poor
127.81347140264624,103.69389079809729,18.28704071503379,22.166539420713924,38.727609319103024,10.34870557780709,1.3843883266578727,7.734104024623253,47.838450927929046,1.7684885855218457,10.333950576328103,2.1235951987848285,217.69060955350366,Poor
95.49373799377388,105.75739331942796,11.096088725946151,16.66996095989886,25.92011210752027,11.422660334157008,1.0803048016344032,10.41307974970326,33.46940501021502,1.5038185803677406,10.218834447047355,1.0243062629827857,205.624237995914,Poor
83.78839156362699,113.02688654936293,4.3065734981968316,4.86058884345666,7.925727203741811,11.10635423435373,1.2453240783716655,7.916249883965033,30.74928196690429,1.7289583526724945,11.482951643521178,2.126863566672043,212.70138824425018,Poor
128.47566765372747,103.62116597052263,18.405802360063973,22.25694505499252,38.93177259651446,10.342033575277306,1.3863899274168083,7.69340480919156,48.3098279066584,1.7761613884310994,10.411012205547127,2.147280807765567,218.15764973058864,Poor
145.53921260847414,109.76783916013784,6.5850227849435665,8.47080980190577,13.959601076205756,7.879304497375727,0.7478791274299985,9.66879687689496,34.41953234681139,1.6286145973464292,12.144891677877144,2.200387718604294,240.41562079607127,Poor
117.84952841252985,114.08721725591091,3.5432072600465006,3.732075217493399,6.7387258705658954,8.890046974585758,0.8164151016548662,8.45070742966871,35.28325471926714,1.4066509438534291,8.54867918676107,0.6464622700945788,258.6320764775441,Poor
242.04548536114547,69.06371980366971,6.623332483470135,4.102303726411807,9.459036569917078,11.06250954913563,1.1705268472312018,7.217237915078004,30.63400360035137,1.254090090829234,5.755594239437809,0.7072644333548841,215.58218378200985,Poor
98.72289269090238,163.08977974670424,10.85877360220596,55.83067637583184,12.836022066081394,34.50314499112351,0.0,24.009748718574286,45.22333340125302,0.06,1.1464465492102769,0.43731133517163323,277.02987405364854,Poor
89.88582149323634,99.95043354653053,2.9924014551185705,0.713405092914996,2.543405092914996,11.176200727559285,1.007167987391454,6.6773498772127375,46.95147356229121,1.0593905417292933,5.7921861763735825,1.4191054960963445,216.45876314921526,Poor
73.88790104860766,110.46342427541958,6.371397446104558,13.794781882895087,18.64814866692533,10.50801149827787,1.0280498258707653,8.067553078199273,38.60150789577476,1.3413959350683977,7.360555750096999,1.0493116143640253,225.93116143640253,Poor
105.03983488623518,104.15206751999871,3.0289389258305093,0.7389389258305096,2.5789389258305095,11.16787785166102,0.9109315601355403,5.45440470589828,51.75778516610191,1.15,5.568741688135345,0.7540161637964296,234.0450332474586,Poor
100.20553733173531,101.24354798760177,19.59003363815348,21.428975390602137,39.46414028370458,10.742876127387694,1.0910442988469637,10.924849055601937,49.393109933561995,1.4440615259081702,9.624055785163446,1.4407112391122854,260.80525019795846,Poor
84.52965660572366,106.70639853922056,8.749435468730516,15.106947788329641,21.918569957750584,11.732487680400874,0.9633684735412053,10.909525607193729,33.361178340935474,1.4715167487973275,10.914023143273903,0.7803349759465502,206.75837439866376,Poor
92.09710975018687,110.16028042236815,17.81554363560676,19.430642846105986,35.623069261034786,10.494937765423645,1.2444138966102225,8.835586103389778,42.51232793797867,1.5011722067795548,8.391996998303545,1.1420694830511129,224.8827793220445,Poor
73.77331302285783,112.09521860111984,8.987394239787013,16.612424456990723,23.999879131185157,10.482364022583303,1.164909348388868,8.509274787110943,37.105499531075345,1.502364022583302,8.450611424768082,0.9549697827962893,212.73942397870127,Poor
78.12271873331777,93.74023490159772,2.544708697373551,1.0873675431065364,2.6305873907879347,10.212359134221812,1.2313497955888086,5.694461763541422,41.893028015899006,1.106713018034448,6.048269002010755,0.44574442484607635,224.9515703405814,Poor
78.26279678146616,112.63490096025849,7.504804557594076,19.72110654566274,3.6844745074008767,11.397473538306294,0.08548465039919233,2.1920213901945482,83.27779304019117,0.22950854256748587,1.0098302528482,0.10587970516728394,246.59761078317064,Poor
65.09373656215949,92.52523289250459,1.254193381092279,1.7193510745762772,2.3949422493659824,7.434301103151287,0.883547048738232,6.1456963037790375,33.91838676218456,1.1390330945386051,6.815593767859381,0.5783893552542336,215.12900716384186,Poor
69.56775421616929,105.08136412481805,3.2392359531518347,8.187842641403208,10.09408850997728,10.62865433312411,0.9292690045592823,6.734302700046209,43.72029875082598,1.0942524788555585,5.246660943405599,0.992724385159228,233.09966948592552,Poor
70.12385700061549,110.09577109251985,8.643428937418637,16.203185350372834,23.23689678967335,10.457535312735235,1.1204237528228198,8.231027671422657,41.89557947290204,1.4344032856018474,7.861490339081554,0.9154943782932898,211.61617181619124,Poor
104.23660266566593,164.88851464011069,10.61472414430659,51.948482221469646,12.081276520355566,29.748699996491347,0.0,19.90610227834044,44.26521330727772,0.06,1.0289412546661358,0.23393678692215836,279.28959125642047,Poor
99.75268022140071,168.6368148075829,11.189853515253425,57.7072456171968,13.054880113270409,34.791414272102855,0.026811404299198066,27.923029007598892,47.583271401729135,0.05642514609344025,1.1624640339811227,0.5514491234393585,265.0966955849928,Poor
77.28055167119066,112.20931281200725,7.170964578983953,18.987892181555978,4.384536171553282,11.322687215153449,0.1440801200859575,2.5875408105802133,80.09975980270636,0.2973559285205824,1.331334343103214,0.18837595854207173,245.6724191565375,Poor
78.84146840311672,99.3941355951996,3.032206220810264,2.1839804034976513,4.029335174324199,11.060981127131509,1.2093680541978784,5.668708489464594,44.438813704246726,1.130787137504071,5.776413493809031,0.6151995791245988,228.22838166612385,Poor
133.87345413427062,108.98191060116162,6.472308787134735,11.207974092102516,16.151994387412312,9.016489739852465,0.6663744331165992,7.6995180277761905,32.597565533489224,1.6268529477936844,11.816856405340408,2.4184491492328775,232.65735261031577,Poor
142.20271996731412,109.41990380874616,6.476725026563373,9.678214597463676,14.84441680424819,8.151200997138766,0.7156202206784514,8.813935847978962,33.60845126277249,1.6401356354719816,12.154108508377586,2.3801159133629133,236.9593093584055,Poor
69.27511450652563,109.04835292097452,8.432832719315817,15.947291077810164,22.75769105565071,10.455945907315591,1.1013508877870928,8.128511021855624,44.401277116970675,1.4049992853384348,7.681887526661791,0.893242702418275,212.01352317110224,Poor
123.49783538054493,115.23497644419757,2.2375607134954763,2.567116037171798,4.2161924394710075,7.457001651453025,0.8595057800855859,8.108714298626758,35.36446449375997,1.4399834854697546,8.721168883668582,0.872899261365504,263.0016514530245,Poor
120.87317069765167,109.79885072805455,7.392170504817322,8.422658541357338,15.052019885847818,11.017028160826484,0.6985374302383679,9.513511065443952,34.55307575849277,1.4596053627604868,10.035026364794417,1.0483054718455265,241.01973186197566,Poor
74.0480483827891,112.13939862172647,8.989442320212486,16.613887371580347,24.002219794528553,10.484997268844625,1.166664845896416,8.523318767171329,36.99899934895076,1.504997268844624,8.487184289508669,0.9555549486321386,212.94423202124852,Poor
108.37302667694469,109.03733737741324,8.797859334297613,10.825956811696118,18.935042086941444,11.780393423421707,0.6820036536546075,10.932699159132834,35.087621191196725,1.3748032882891466,8.49571801304382,0.5879963463453926,252.6788673670717,Poor
67.19422294236662,103.66441180239795,6.797273648262555,15.76995676498392,12.721521011138783,10.795263843443555,0.6049754879525027,5.27702997505731,74.9658477907743,0.7834443459256206,4.082149640755339,0.45468857973117843,227.12442338055578,Poor
115.85861112890157,202.40426044411026,12.071458346676181,57.50832348449565,12.669751964430398,27.616805404336603,0.104092266670065,42.91074346625207,54.969315626774055,0.052242062221316,1.2593253688689519,0.897901759981649,221.4270826661909,Poor
169.8977900899417,107.84699372737745,5.904894709060004,5.326510797137226,10.499696528463327,7.426281733300428,1.033210533892726,10.533278620982784,37.85633133843368,1.8615015561588222,13.286907158330582,2.0837647115279134,257.8891644729625,Poor
100.37770412340575,107.98942291738844,20.09539233355621,20.443236922271186,38.9261832275946,10.485107943534418,1.2776259341234868,8.82503598117814,43.38740451200934,1.4926619153016258,8.015539717672086,1.2854677553158076,222.20862164514008,Poor
74.6860853790018,112.24200095019091,8.994198719545274,16.617284799675197,24.00765567948031,10.491112639415354,1.1707417596102352,8.555934076881881,36.75166658364573,1.5111126394153527,8.5721199918799,0.9569139198700783,213.41987195452742,Poor
106.48396432241128,105.04285305825682,3.0281840228319856,0.7381840228319857,2.578184022831986,11.16636804566397,0.9471669040646843,5.471767474864328,51.606804566397145,1.15,5.7385948628032075,0.8778202555543381,233.36562054878718,Poor
70.46225199504315,110.51337839837723,8.727393987534116,16.305210807494284,23.42795688484178,10.458169011226673,1.1280281347200707,8.27190122412038,40.8965538011507,1.4461267076934425,7.933098268614001,0.9243661571734159,211.45774719333187,Poor
65.2238969015454,92.17849871040603,1.2550035076859671,1.7375789229342624,2.4142502665155523,7.4341660820523385,0.8900280614877378,6.158388287080153,33.92000701537194,1.1349824615701638,6.804116974448798,0.5674526462394425,215.25052615289508,Poor
145.1256714852625,109.7247143606869,6.5715998341210895,8.620461423841473,14.069269440372377,7.913004671781095,0.7438808016530905,9.562841243806897,34.319003012991985,1.630042570838182,12.146034056670546,2.222664105075639,239.9872287485454,Poor
92.92441330644859,100.61769132999798,3.006899709817793,0.7076595937449107,2.5430395357084694,11.17,1.0540424375305357,5.416139825890676,48.57425734321562,1.1453799419635586,5.597963366113597,0.5522796517813521,231.30395357084694,Poor
116.55102829629028,110.33302380438954,7.472231696175532,7.076798375399163,14.022655575906848,11.699424336974854,0.7432114960445563,9.92277502825317,36.02598924091408,1.3868208349029538,9.304055678093505,0.6475096562443867,243.05110011301267,Poor
99.1635480240157,169.99431017495698,11.094214636524026,57.345436670827304,13.167731887750714,35.78822943208254,0.0,30.439137214641065,46.5831754467588,0.0630670280623216,1.3027454400877736,0.6726168048979546,269.8659438753568,Poor
104.17921343535647,183.11160336131394,11.305153836066394,56.913141521147885,13.146898386561343,34.29082153409659,0.0,38.18138709414062,48.15089641125888,0.06827540335966406,1.477226012548746,0.9148062562243786,259.44919328067186,Poor
153.36263784748985,100.78226996028687,23.482055399776854,23.941862869035845,45.6839182688127,10.394234471745019,1.5579978491792814,11.138072606342602,37.66697067085268,2.0568201134023885,11.923629472701185,2.120824415043825,216.0353320733068,Poor
118.53242001093558,111.88119597464627,5.893834906542844,4.826743377412139,9.962481706404892,11.504643456552095,0.9547838316761719,8.411544059455915,40.96939365440198,1.302863558858662,8.692846708491059,1.2049859691784848,237.00617623782367,Poor
115.67105615667094,197.24491525230164,12.177724473900366,58.1891338897075,12.492677128674588,26.350338031957033,0.14728347242687392,37.10300059892779,56.225134422087756,0.04036220367641681,0.9938031386023765,0.6478267779414991,216.10472121307126,Poor
116.54946014035515,110.85853530724565,6.916938148169271,6.719008933729482,13.136995755524845,11.183969091191527,0.7304601745689357,9.831358445986469,35.25639380455279,1.4012787609105584,9.236318603448513,0.5766238918372604,246.81327400322866,Poor
80.14616144222542,98.59401524160306,3.0030797839555716,1.339313734711581,3.17610190646322,11.121803980563365,1.2487744099424618,5.518793005653679,44.53989957333066,1.1359270969490167,5.850942905760743,0.5620866648601603,227.5430537401311,Poor
63.79211611020003,95.99262015457089,1.2460920089846474,1.5370702021545677,2.201859547467431,7.435651331835892,0.8187360718771797,6.018774807426143,33.9021840179693,1.1795399550767627,6.930363206050828,0.6877578787072592,213.91380134769713,Poor
82.18932221242045,107.60279363088756,8.788870785792009,15.37389454997667,22.287138497979154,11.50497623581534,0.9967368187470838,10.459052946914369,34.192353485154634,1.473033491761231,10.418048194077437,0.8106698352246215,207.51674588061553,Poor
86.40189626231087,106.38505459166447,8.735575204211493,14.980276120069094,21.744526553244988,11.850724127459987,0.9517001732703573,11.167023459131466,32.67260113863378,1.4777500618822703,11.253448749978137,0.7670501361409949,206.93000742587245,Poor
123.85868689112095,104.12821977719679,17.5777695381557,21.626616698989313,37.508300441997996,10.38855227313732,1.372434318058804,7.977168866137654,45.02328190284832,1.7226648858920817,9.873721245263951,1.9821394303625128,214.90134088038758,Poor
99.68007269318169,102.14645712800355,3.0223730478542867,0.7293222669960017,2.567796876566859,11.17,0.9240663980239897,5.425423828712572,50.848838034580176,1.1484746095708573,5.418472644890271,0.5708476574251443,233.77968765668592,Poor
76.85134770196638,112.5901954238519,9.010340185211676,16.62881441800834,24.026103068813345,10.511865952415015,1.1845773016100087,8.66661841288007,35.9123103689928,1.531865952415013,8.860360450208518,0.9615257672033363,215.0340185211677,Poor
67.2397166953689,106.53650431132604,7.927794872914569,15.333622449352797,21.60849172968862,10.452134300927657,1.0556116111318854,7.882662409833884,50.41027458754856,1.3344845671616568,7.251176004825255,0.8398802129871996,212.96642476808572,Poor
87.1347946250855,99.32145945488065,2.9884826134260476,0.699689146991167,2.529689146991167,11.174241306713023,1.09338250462695,6.273709182882915,46.214731324096974,1.0848630127306897,5.8294151724525465,1.1349894733884596,219.78977858785944,Poor
78.35521137251615,112.83203079579333,9.02155109649373,16.636822211781237,24.038915538849977,10.526279981206226,1.1941866541374833,8.743493233099867,35.329342982326004,1.5462799812062251,9.060555294530904,0.9647288847124944,216.15510964937306,Poor
94.29851288735696,100.95931811740854,2.99868734029538,0.735405691033831,2.5654056910338308,11.17934367014769,0.8688785135016335,7.324796050424171,48.133219975531496,1.018532288080028,5.732470267193887,1.8748321714150715,211.11576074892676,Poor
81.27956618204307,112.67771836576829,9.015437609259235,16.515279008361265,23.873176967396006,10.654948396801446,1.1891591836138973,9.055334402862126,34.23304606374847,1.5625568512906778,9.540351603928313,0.9536250728394908,217.1068221548813,Poor
82.66968810579615,113.10369305542295,6.096499030726148,9.318705608245162,14.026835315553495,10.895971196015397,1.2319664251438347,8.276906521116462,32.11844142275694,1.6688489131472561,10.691510689772207,1.6894004234605868,214.7050362284248,Poor
101.70745789863645,100.61038539567286,20.58836907379952,21.66162583135741,40.65095202578527,10.597592307844318,1.1509247920371393,10.676492255977111,51.2258456841531,1.4607495322070716,10.054017359217493,1.5378943346176521,259.0382848251336,Poor
80.88078198347618,113.22651347576134,8.958748826438113,16.447630006147165,23.78304870504185,10.55955004465373,1.2106063520415067,8.85362849487932,34.307848915745566,1.5727285841867797,9.425926358459268,0.9898580293593418,217.909047193774,Poor
119.49586967292767,109.88540056978634,7.489624263617685,8.127571285689104,14.935484272177453,11.228973048846855,0.7019449043222967,9.705692603777534,34.76025018279564,1.441886497524057,9.846252300544762,0.9031470758701603,241.90567512379715,Poor
98.61100323997492,168.54925925220857,11.070976771774646,57.39305994920258,13.170026985503739,35.95318958308122,0.0,29.586221512173122,46.41046934084366,0.06249325362406533,1.2835239964061889,0.6459362935190381,271.0134927518693,Poor
80.08670527777713,113.11047124275224,9.034458931783215,16.646042094130866,24.053667350609388,10.542875769435565,1.2052505129570423,8.832004103656338,34.658135547272764,1.5628757694355635,9.291052353271716,0.9684168376523474,217.4458931783216,Poor
67.98580093027891,84.82106142224455,1.2721937817237277,2.124360088783873,2.823951797748843,7.431301036379378,1.0275502537898216,6.4277025803384005,33.954387563447455,1.0490310913813614,6.560588092247191,0.3353839467296761,217.82906725855915,Poor
103.74773628093102,107.16160202290918,18.298219875541534,20.18153870401645,36.87532372127177,10.501130283427564,1.2963186639988251,8.83037676114252,40.40457890190178,1.5166954251413465,8.095651417137821,1.3548978948527788,216.06672468610034,Poor
80.56337997354426,108.22556217474747,8.81626838670632,15.559355233088926,22.543200691139823,11.346913153617395,1.0199194041361155,10.14608804416244,34.76981061211779,1.4740872456425507,10.073470674885918,0.8317449128510142,208.04362282127536,Poor
158.48782034942724,100.19653481720832,24.533813393917917,24.271071672079998,47.06488506599791,10.408129648496883,1.5943390806841558,11.899100748444672,35.18080289201923,2.1145385399101295,12.220772483241038,2.105860378541818,215.39401622322077,Poor
151.19887964661618,110.43349949737363,6.461549068419929,6.227025232302132,11.948979012098247,7.438904767223559,0.7989047672235594,10.738953891490862,35.60295299793288,1.5831667969772047,11.824977671761285,1.8618097578366124,245.1238137788475,Poor
161.54729226307904,99.84688088421954,25.161659142204336,24.467592495730624,47.88925163793496,10.416424358586033,1.6160329378403937,12.353395639481185,33.69668784068365,2.1489934895112137,12.398151668224395,2.096927613830426,215.0111834498754,Poor
140.27267163168455,109.49029827476676,5.308210174018098,9.672218020652942,13.521232332241267,8.383424138317613,0.6836575861682387,6.951621293738082,32.44657586168238,1.553540862242926,11.064007846634844,2.3627367246726987,230.802853448598,Poor
95.15496639701537,101.15513120615523,2.999907359539908,0.7396757583896778,2.5696757583896774,11.179953679769953,0.8420380901220252,7.450458032610518,48.3625835935027,1.0106021629905984,5.720880084370874,1.963283566643326,210.07874439107826,Poor
64.32177115366142,102.93551908288929,7.203772804981533,14.453867332845485,19.9610000052976,10.446669983433823,0.9900398012058746,7.530213931481576,59.02477111657823,1.2333946935257234,6.633708128021986,0.7633797680735204,214.3325041415443,Poor
94.31797741890972,100.93304665366074,3.0100915653204527,0.7121281914486339,2.5481465045127245,11.17,1.0272308513081962,5.418054939192272,49.043460102106565,1.1460183130640904,5.560937842282748,0.5561098783845434,231.81465045127246,Poor
105.1197606874156,185.57138348001683,11.344709561620283,56.832076700876954,13.142991648235034,34.01002471689306,0.0,39.63322872465555,48.444878470313704,0.06925208794124155,1.5099449460315917,0.9602220892677318,257.4958241175169,Poor
60.37259185778099,105.10189222947969,1.2248086630152344,1.0581949178427732,1.6946064685297526,7.439198556164128,0.648469304121875,5.685335720572006,33.85961732603047,1.2859566849238282,7.231877273950846,0.975083049294336,210.72129945228517,Poor
73.37537117272957,87.18778198715104,1.8687881904221342,1.735456029183483,2.8333635428733595,8.725334018928695,1.1558057389295326,6.151702106479145,37.65858483999749,1.055024979267575,6.262973163042381,0.3304403383661288,221.7707679549277,Poor
145.90611763654263,109.8061006651367,6.596931995108773,8.338034777936233,13.862300295281514,7.849404778237549,0.7514265517345282,9.762803620964995,34.50872472932528,1.6273476600948114,12.14387812807585,2.1806234974790577,240.79570197155658,Poor
86.16387835741523,107.6973660260909,7.389631277992035,11.810764403186496,17.413019670209636,11.755250973525605,1.0139996006048806,10.4228794557518,31.93675282072803,1.5434996505292704,11.501874563161588,1.151623090392085,207.57499251134152,Poor
155.93614973433375,100.48815431607615,24.010175461644298,24.107168742059393,46.377344203703686,10.401211667684326,1.5762459000974656,11.520208260864573,36.418589305096916,2.085802311919504,12.072834124326336,2.1133105117245727,215.71330764533883,Poor
63.158779508999004,101.50029156634896,6.915202780790953,14.103227529866743,19.304367082328092,10.444492096458799,0.9639051575055957,7.389740221592577,62.458209932702374,1.1931037844877934,6.387606899844359,0.732889350423195,214.87697588530008,Poor
133.26022318560203,113.48942399191435,3.846978225825929,3.973843750017024,7.174858467777741,7.4509512096773465,0.8383292338707115,9.155440725819119,35.49454899193706,1.5004879032265386,9.9342824596921,1.2419762096818858,256.9512096773461,Poor
76.16443362459019,110.80856174897646,7.462660162894866,19.101892244270534,5.432286786933684,11.290551549823999,0.17972846732282988,2.7355536635293833,82.53024185185743,0.3281798885456179,1.5756936721027972,0.15451421222787992,242.6334323682262,Poor
115.93122328755652,200.4917080509668,12.125917465667385,57.80136541049594,12.589359931633858,26.999602055769625,0.1235419520240665,40.53788185306389,55.5839256839605,0.04705547946024893,1.1452205481254765,0.7928734590700409,218.7041267166307,Poor
89.71801978895614,107.06569075150804,3.3388900854628463,2.015821498213068,4.174744228221124,11.18,1.0443307868231866,7.624461365004028,39.35455963568802,1.378792151827215,8.730141347346457,2.1244940095492386,210.99673554547897,Poor
115.70459825172254,206.4608496198079,11.95594868879191,56.88677151588028,12.84026622130718,28.925914860358354,0.06283881742568219,47.943664274066776,53.665706630651556,0.06324298201981808,1.5013456044359978,1.1206703859013163,227.20256556040448,Poor
85.12010125220819,111.99262700963563,3.6220952127263084,3.082005506734336,5.515803801439282,11.18,1.215086819437921,7.761899147352473,31.812140731656708,1.686985966790394,11.245669242451324,2.253602229331111,211.8296918021362,Poor
97.89537334351552,102.21744064930228,18.05445404598384,21.07112645909358,37.63865775967991,10.966342970692617,0.9989397215388538,11.306856564765082,46.574105903492466,1.4183930371501723,8.962714721869148,1.291230039874533,263.5230901840994,Poor
77.91152175520979,109.24127715014323,8.860952971072292,15.861835496489357,22.960829691175647,11.089117474582936,1.0577294370611696,9.635652599674211,35.71162415952368,1.4758058835027805,9.511476094590797,0.8661176700556087,208.90294175139022,Poor
84.64887629903397,108.53859898363709,8.831352784986555,15.505601638865649,22.47301663732198,11.44149264596654,1.0329659993825315,10.44433807691963,33.20663371022806,1.506773571208047,10.667173861597451,0.8309018566577033,210.41282854496563,Poor
80.90909051779353,113.13283913211457,9.03567882932585,16.626299033575116,24.027132913963282,10.568463183789552,1.2063335521552665,8.90260519690495,34.34590619987746,1.5686905543411667,9.416450802308434,0.9671192195505666,217.84286652094,Poor
99.29952679861573,105.77884723722855,21.773176868600835,21.10721365869928,41.25029664846062,10.45654149488067,1.2465414948806683,9.348246325933765,48.60234316380069,1.4733646262798328,8.818167459036387,1.3646789300328144,237.7574162115154,Poor
115.93029985855294,200.5160305113288,12.125224893914703,57.79763871487437,12.590382299459247,27.007451202300018,0.12329460496953729,40.56805819371645,55.57610951703738,0.04712143867479006,1.1466716508453814,0.7942091331644987,218.73875530426477,Poor
114.7202143144617,210.67911189093644,11.748466957150258,56.0046232730007,13.103114374602443,31.143845674550633,0.0,54.4526205383669,51.44564331116612,0.07922140634938911,1.843917112704535,1.4237953952465934,237.5571873012218,Poor
67.80689130445998,85.29765884869994,1.2710802363348133,2.099305317533297,2.797412299313048,7.431486627277531,1.0186418906785057,6.410257035912074,33.952160472669625,1.0545988183259338,6.576363318590146,0.3504168094800215,217.662035450222,Poor
227.56767512895496,81.180569493419,3.8363234227086425,1.9958208845873675,4.841163886684981,9.605159536023661,1.1753635484572156,7.625326565009933,35.12332463106868,1.5277940536251857,8.73014237335475,1.2363234227086428,239.21895092871333,Poor
247.34389893519665,67.83836855054665,3.2436294025415586,0.9190934146171654,3.0136906578364733,10.839938744705085,1.099630423658088,6.3345706988682835,32.16644001934622,1.1721776415249354,5.394592137636662,0.643629402541559,220.77958141240407,Poor
136.57868705150233,108.78621066245468,6.359297836575347,11.802947779636684,16.48205807132279,8.625751376603457,0.6633445505248365,7.363130536339989,32.19027652914793,1.6620942512632153,12.173625867858702,2.687999521181406,230.94373653322705,Poor
88.16918205494936,99.5579540168367,2.989956099793375,0.704846349276813,2.5348463492768127,11.174978049896687,1.0609658045457468,6.42547827871764,46.49174676115453,1.0752853513430616,5.815417051962936,1.241817235019698,218.53731517563114,Poor
77.68320918275172,109.32872545236145,8.864800104503212,15.887877630483278,22.996785592087708,11.066922474019936,1.0609847038104097,9.59170649855947,35.79270989491384,1.4759538501732004,9.463090993363457,0.8690770034640087,208.97692508660023,Poor
174.4036829092249,98.37757909608858,27.799967462497875,25.293404449643642,51.35337191214152,10.451280057939504,1.7071939976879347,14.262415480994397,27.46019886405482,2.293778702210249,13.143527392860172,2.0593907068343795,213.40245886433055,Poor
196.33545879062154,89.60117061952435,22.116497134027142,19.28401729412356,39.79803616943115,10.635027670720577,1.5674743057594656,12.554654511288813,27.275217412804523,2.0174505879989724,11.129652139512764,1.6599383338227172,213.75011858880248,Poor
61.84941002816609,100.37877299551734,5.690283220713243,12.78176905967758,16.797618293905234,10.444198111861912,0.8911084966213974,7.110495279654779,64.06146402020522,1.1037028322071325,5.703679301799708,0.7686556287549253,219.98820626881613,Poor
134.55829682131775,102.93133750613511,19.623145791903376,22.733992788522603,40.61713858042597,10.343252942372708,1.4246615415901571,8.345853459182118,46.788742772391004,1.8450506837020146,10.833409075354815,2.1757276005216997,218.38832573664428,Poor
120.38587213414135,109.82947265658785,7.42665031411073,8.31825464328709,15.010788785224232,11.092015718100958,0.6997430179758997,9.58150621384074,34.6263754929347,1.4533363065253218,9.96823680413516,0.9969474342266753,241.3331846737339,Poor
76.26063843874489,111.76740378193655,6.824322169526324,18.22655977648853,5.1114445036260925,11.245032910956244,0.2049226677043866,2.9982280070046095,76.79985215424367,0.36780519418402663,1.6651677951674895,0.27403586111012324,244.711747352036,Poor
61.15035045261765,99.0217246222379,6.416856619797452,13.497689930470866,18.17039449712401,10.440730993356961,0.9187719202835428,7.147149071524042,68.38758897274957,1.1235233771037951,5.962602249336694,0.6802339069974666,215.81725166075952,Poor
112.04064065995429,108.47038995229799,3.0252793305489,0.7352793305489,2.5752793305489,11.1605586610978,1.0865921336527997,5.5385753973753,51.02586610978,1.15,6.392150626497498,1.3541897899803987,230.75139749401,Poor
153.70336996431945,111.39754974186634,3.6816158237187406,3.498099937045002,6.53703557608364,7.428703177334747,0.7887031773347477,7.84170236306834,34.41956857083073,1.3332278447013182,8.983834887727227,1.4129398027288975,236.96254186779814,Poor
72.05700412423222,111.81922004553681,8.974599604759986,16.60328543197142,23.98525669115427,10.465913777548552,1.153942518365701,8.42154014692561,37.77082055248079,1.4859137775485518,8.222135799285441,0.951314172788567,211.45996047599846,Poor
77.76128560226502,100.05657206006859,3.0563206103236964,2.883297699387195,4.735744937717695,11.010624607853458,1.176742703679705,5.792826670783732,44.35512258770011,1.1265316570017005,5.714709026524659,0.6591728776490935,228.7957790664399,Poor
85.3993469654722,109.74085327816168,5.960042838782579,8.530953152992238,12.933832035628916,11.533565291103463,1.1049475728806313,9.408241140050459,31.29443276653054,1.6230791262705522,11.60134890783819,1.5864680828355175,209.28026699151184,Poor
112.64304795493348,106.25878062204961,20.282317153768428,21.51280483406329,40.118048820151024,10.403414637705861,1.3218292649874146,8.249268323193096,47.60780480279036,1.6221951138151744,9.181341397055016,1.6813414387522472,223.71951242394823,Poor
219.47890839167363,79.20285117953262,14.272150889822848,11.597361888884352,24.437093267891175,10.851466077143241,1.3664957855098483,9.852266408240114,28.975804891839744,1.6309534336727851,8.408712173056408,1.177589885223636,214.6777117591853,Poor
80.68622597069373,108.17850968977318,8.814198395827585,15.545342987140573,22.523854237927043,11.358855408687011,1.0181678733925716,10.169733709200282,34.72618157359679,1.4740076306087533,10.099504790937685,0.8301526121750652,208.00381530437664,Poor
83.48977239889837,109.96253125830698,8.894681309331713,15.852948999667873,22.954697231583626,11.170907132855413,1.086699292766301,9.966495575042536,33.55973820960712,1.5259640331308217,10.2795265307574,0.8731208728878079,212.71568397569862,Poor
101.0648242372601,100.88129958625309,20.16120669888465,21.56208061714421,40.143145426697686,10.659755563977454,1.1253034499822654,10.782757822204703,50.4416646084736,1.453609158191779,9.87004772282348,1.4963121565285946,259.79432442675284,Poor
98.4295231920423,162.99407395937118,10.871758809532555,56.03723735904562,12.876180022072896,34.75611606718975,0.0,24.228092575102938,45.27431236335002,0.06,1.1526986860712294,0.44813234127712803,276.90964065247636,Poor
118.32552120285271,115.26933158229123,2.307986300035112,2.6384719471648435,4.396133253729008,8.05017539827228,0.8478856993621627,7.945210953995261,35.293089281050676,1.408617856210135,8.296914405102697,0.6720321307317572,262.95928366229737,Poor
80.32402418943481,113.14863434782178,9.036228082349353,16.64730577310668,24.05568923697069,10.545150391592028,1.206766927728018,8.844135421824143,34.56613971783357,1.565150391592027,9.322644327667042,0.9689223092426726,217.62280823493543,Poor
73.93403931059595,110.75933257413575,6.03357066050867,16.489828402179548,6.769648591820157,11.06788996320864,0.3437150803726122,3.935076792515133,69.27218998294857,0.5285121983261827,2.4266998488865696,0.4694409684193356,242.52028820464295,Poor
100.61679777507165,107.93069151325498,19.967888349743884,20.424670220319317,38.78068091025751,10.486244680388614,1.2789521271200488,8.825414893462872,43.17578200098651,1.4943670205829198,8.021223401943066,1.2903936150173239,221.77287251769826,Poor
74.78284428898564,112.25756068970908,8.994920031973269,16.61780002283805,24.008480036540877,10.49204004110849,1.171360027405659,8.560880219245272,36.71415833739002,1.5120400411084887,8.58500057095123,0.9571200091352197,213.49200319732688,Poor
119.72846839052123,112.81573547123777,4.9410506041610525,3.4685189463572454,7.5115961285759845,11.387065819236897,1.0824974722081993,7.499303769941434,43.95343300143602,1.252183542774524,8.323896191398536,1.54150127597716,233.35721507976572,Poor
86.71666641181152,105.99836675899977,8.718377497367914,14.885949303745225,21.613719752707468,11.924205238518915,0.9371081795848966,11.29678797440574,32.57671089441504,1.4725386355660344,11.358719561566103,0.7555849982452759,206.30463626792414,Poor
68.32820405788708,105.84153474059978,3.266908116895495,8.990335389969363,10.904720130232745,10.570868344129996,0.8918301947884475,6.876732954609167,43.624260064892106,1.0893691558419714,5.175852759708586,1.043185389632962,233.75077922107047,Poor
92.48562489863482,104.49802087606571,14.458562432621967,20.233145817631666,33.363895753234964,11.489638898694148,0.7832569404030875,12.201409738983916,39.97279848741909,1.3582847210959423,7.414041637648399,0.9411874934410764,269.88750011925316,Poor
104.24887209130384,164.8925172888024,10.614181071368519,51.9398433389918,12.079597017010046,29.738120131105205,0.0,19.896970607455827,44.26308124315048,0.06,1.0286797751033605,0.2334842261404319,279.2946197095508,Poor
88.5545686853033,106.15523084835253,11.845566243760427,19.624217502233254,30.257590549367116,11.869897931094844,0.6265285554271249,12.851447138966186,35.17588218004004,1.3146063187255923,6.288680447165258,0.6868250325784487,274.5122721349373,Poor
73.52431860055039,112.05517796451875,8.985538051335308,16.611098608096647,23.997757772954635,10.479977494573966,1.1633183297159768,8.496546637727816,37.202021330564065,1.4999774945739655,8.417465202416187,0.9544394432386589,212.55380513353066,Poor
75.74610709146796,111.54446712283384,6.649446130773651,17.84247868444744,5.478159153019689,11.20585744730957,0.23561684540693426,3.2054137064968065,75.1350968846397,0.4033458209975029,1.8335819017722577,0.3172500323492364,244.22710244094316,Poor
145.40274294444097,101.69197223492102,21.848575402988512,23.430570349715918,43.53914575270443,10.372653943332166,1.5015564671764323,9.956123665577053,41.52822521610642,1.9671779184566867,11.462138172795536,2.1440649841038217,217.03135646159237,Poor
115.63933714170851,197.18791064518953,12.175756038562131,58.188173677347386,12.493797376428056,26.367157751798366,0.14704341933684537,37.08470855346762,56.207914613763045,0.040394210755087284,0.9941392129284164,0.6476347354694764,216.20234280301622,Poor
93.75831550893658,100.83581145182951,2.9979178283603085,0.7327123992610798,2.5627123992610796,11.178958914180154,0.8858077760732125,7.245536321111778,47.988551731738006,1.0235341156579947,5.739780630577068,1.819042556122368,211.76984589373777,Poor
110.61764199898661,109.3376844810032,8.49032307131322,9.857017884423213,17.7152813763514,11.766015104632826,0.6899916085373189,10.712231604369997,35.13395132951645,1.381992447683587,8.753728955755403,0.5800083914626811,250.20260135343113,Poor
118.7244406149006,112.59317298775886,3.021785446620543,0.7317854466205433,2.5717854466205434,11.153570893241087,1.25429856221392,5.6189347277275035,50.32708932410867,1.15,7.178274510377749,1.9271867542308931,227.606901958489,Poor
146.3208241285026,101.58704867102827,22.036978298737555,23.489541987816228,43.78652028655378,10.375143005979256,1.5080663233303626,10.092447712094653,41.0828744686346,1.9775171017599877,11.51536582017179,2.1413844550992622,216.91647664711124,Poor
147.4811133304434,109.97034400061943,6.648054092908039,7.768077772684847,13.44462187921943,7.7210556816351374,0.7666544106534583,10.166341882316646,34.89159661071552,1.6219091390523364,12.139527311241869,2.0957825692164467,242.4272582842991,Poor
83.84687133425619,113.02287152033465,4.21300586519009,4.627542593337258,7.606794245713236,11.117351922561612,1.246022344289626,7.8973967041800925,30.677709710313316,1.732100549303318,11.524323899160352,2.149731775485258,212.59664835655607,Poor
84.59413756163234,98.74058273310824,2.984863443819989,0.6870220533699618,2.5170220533699617,11.172431721909994,1.1730042359602402,5.900934713458875,45.534327438157945,1.108387615170071,5.863797283710103,0.8725996769492084,222.8660727530093,Poor
85.37649032552287,111.99131051607624,12.581096618840345,17.772041595303136,28.725915544824925,10.527781354548454,1.223886653407217,8.856113346592782,37.65558219614755,1.542226693185566,8.987287051190707,1.039433267036085,220.7773306814434,Poor
101.23215596202617,100.81075778071445,20.272433080640923,21.588000629411898,40.275370299405,10.643569227202697,1.1319748455448342,10.755087935691098,50.64585305954436,1.4554683995780686,9.917950530305532,1.5071395034252228,259.5974635740869,Poor
112.20003459156025,204.08817457823935,11.642478090299262,56.221835024818795,13.11358241083464,31.8962357787398,0.0,50.56243657357666,50.657923584693286,0.07660439729133983,1.7562473092598845,1.3021044740473022,242.79120541732033,Poor
100.35908985463392,142.4507629052622,10.88278922376504,37.3129450527365,18.826120615571938,20.494106538233204,0.24228195306725744,15.258927905080396,40.01698209228431,0.5564794120230685,3.017269859904519,0.3103664471787038,278.6168988222893,Poor
141.25612722245705,109.32119144377832,6.445999985811796,10.020766115630185,15.095446924431283,8.228340461153362,0.7064680808801096,8.571404143322903,33.378340319271324,1.6434042568285323,12.156723405462825,2.431106406525104,235.97872295144032,Poor
113.88893826400404,105.22313423599351,15.789744091680323,20.265507440576876,34.43450388794482,10.489003140916836,1.3422990577249494,8.589919159592698,37.92642809422555,1.607146387945639,8.713513722410546,1.6255388497452328,207.8697801358215,Poor
98.9548397270065,101.77080286018354,18.758687583245493,21.235239879281398,38.475843941144355,10.8638586407863,1.0411798845407818,11.131663757560364,47.86693187602688,1.4301648858556277,9.266012941456763,1.3597837470415968,262.2766591446982,Poor
116.85161867072539,110.56789187661764,7.232778347049262,6.7354499840915025,13.406700045920338,11.669874774742249,0.7753084343316945,9.693511183345038,36.775936751369116,1.3740839546302799,9.211331189708439,0.7320825412549412,242.13404473338016,Poor
66.14346862183976,107.37710140641866,3.3943710024814098,10.609571771885705,12.610822312724538,10.461170173115967,0.825070750169187,7.172363308438467,43.32207255375762,1.0863709425202608,5.096558367271702,1.1377896730031747,234.77896730031748,Poor
90.54278971701055,106.65151207601279,11.240792156210299,18.5227815207353,28.62428473385227,11.894608464446195,0.6185508530854468,12.683996454841669,34.719594947895594,1.3176957677769021,6.446192554659932,0.6514491469145532,272.3492355435115,Poor
61.83892966420788,100.36108359507921,5.696341234561919,12.787524172833823,16.80870445924831,10.44415772510292,0.8912902370368575,7.110394312757301,64.1141687406887,1.1037634123456193,5.705375545677337,0.7677065399186329,219.94983884777452,Poor
94.92708446923302,101.48387597182729,3.0180418986341975,0.8079224419169785,2.6554336964736995,11.18,0.850878203588266,7.468755627278361,47.899501787845125,1.0296338308666266,5.880254511397871,1.978224983200884,210.05306440774763,Poor
118.66914012673217,112.5590618659404,3.021814354350898,0.7318143543508979,2.571814354350898,11.153628708701795,1.2529109911568974,5.618269849929347,50.33287087017959,1.15,7.171770271047956,1.9224458864527325,227.63291891580818,Poor
124.6667300528025,109.56046278243151,7.12374943218666,9.235430041001234,15.372998930741828,10.433259254615743,0.6891520780484846,8.984177201934532,33.98244634534787,1.5084091941478799,10.554974876113953,1.4481214751345557,238.579540292606,Poor
227.15924149141458,81.45612279000801,3.848564191066496,2.0180582804374683,4.878906255788364,9.579657935278133,1.1769276466362746,7.6519842383225924,35.18439246432063,1.535138514639898,8.799030697502005,1.2485641910664964,239.59977483317988,Poor
82.58696408966992,112.75131583140332,10.40843568376857,17.08360628724902,25.86311525390682,10.54141373688616,1.2153664144461511,8.864633585553849,35.639693657959384,1.5592671711076975,9.234373981061614,0.9968320722307562,219.07328288923026,Poor
119.9294656172661,109.85815332340782,7.45894429328597,8.22046937767255,14.972171509427266,11.16224947700655,0.700872178086922,9.645190844102403,34.69502842768486,1.4474646739480053,9.90568133398452,0.9488452134971208,241.62676630259972,Poor
75.97412173364135,101.15257406485816,3.0962178995772778,4.040319087741057,5.904500822910845,10.927309680294508,1.122764018218977,5.998180365471283,44.216655524996504,1.1194909588981274,5.612618904022848,0.7319267580526831,229.73453881358301,Poor
84.87784903593018,111.13474551362901,4.984899870159402,6.293746421797115,9.878513310877171,11.382350278076409,1.1669845013019864,8.716141657349715,30.856296959554722,1.6773614386392381,11.669201798299047,1.8830821468501224,210.44345939941223,Poor
117.35689430212024,104.84227055019535,16.41170497307547,20.738966426133295,35.503717537983675,10.454061518366546,1.352781544490036,8.376775262035935,40.39505372740348,1.6473292538784714,9.117089462866387,1.7495816097987595,210.31569371434173,Poor
149.31535750641495,101.24481628498114,22.65149776565429,23.681891577054394,44.59338934270868,10.383261657473076,1.5292997195449654,10.53710000929457,39.630260362894425,2.0112407310420037,11.688980059808834,2.132641291952073,216.54176965508884,Poor
181.2907201786671,106.35558556966822,5.3912790083387785,4.609646102547707,9.280202565253571,7.418041909224686,1.1732875431803331,10.22291191412985,39.13350407017363,2.0125649975474182,13.981798988718124,2.188135816487307,265.03034533860523,Poor
117.28064417919468,104.85064461911111,16.398029888057085,20.72855645972885,35.4802086839633,10.454829781569826,1.352551065529052,8.381461667575943,40.34077593209174,1.6464457511946993,9.1082160228685,1.7468542754271148,210.2619152901121,Poor
104.09526842120329,182.89206492087277,11.301623438274905,56.92037665736254,13.1472470678247,34.31588299990037,0.0,38.051808419645575,48.124658146191265,0.0681882330438248,1.4743058069681312,0.9107528365378537,259.62353391235035,Poor
66.65586389149915,105.8159818436291,7.782925029257748,15.157591922343377,21.278844500537442,10.45104094361704,1.0424913234044753,7.812140863299055,52.13395238773707,1.3142574569152328,7.1276266287254755,0.8245732106385545,213.2397640957401,Poor
99.81089615634448,105.73105771407894,12.290596539990739,17.58606380311101,28.107848466156266,11.153660936663503,1.1555493883458734,9.939038853420998,33.93968367716171,1.5207486123778216,9.622521097358954,1.1616276337312188,205.43612652913532,Poor
85.09142681236682,107.99493593580104,8.807173700648834,15.372983024770871,22.289109056450215,11.544803279045897,1.012450412671737,10.626780258740624,33.07181699755713,1.4994465759541917,10.815179165725327,0.8147824670992219,209.533589114503,Poor
81.67381936502949,113.00010174905123,9.697220336232501,16.858248639872887,24.925984443035766,10.545876264556973,1.2125773346518922,8.867422665348107,34.979797378637684,1.5648453306962158,9.315257295095128,0.9828866732594608,218.51546693037844,Poor
115.89761924472947,201.3768145361435,12.100714433547099,57.66574909480106,12.626564407620949,27.28523641979954,0.11454086912396412,41.63601396687638,55.29949146431727,0.04945576823360957,1.1980269011394105,0.8414793067305938,219.96427832264501,Poor
79.04607633307694,99.26865706165866,3.027638479760594,2.051515913057222,3.8955272306338675,11.070519645205819,1.2155479391474318,5.645198057591292,44.45466645259558,1.1315932094540129,5.788101537083186,0.6068701689752005,228.1209054061316,Poor
79.5949142936814,113.03138664360586,9.030792758312852,16.643423398794894,24.049477438071833,10.538162117830813,1.2021080785538747,8.806864628430997,34.8487765677316,1.5581621178308123,9.225584969872392,0.9673693595179582,217.0792758312854,Poor
73.20297622995277,110.19046700561961,6.108106453987217,13.513078933287023,18.114201899694358,10.503868807842457,1.0100981673173104,7.988381660989163,39.01899903187691,1.3188412871422617,7.160325712385385,1.0571366962975826,226.71366962975827,Poor
93.73951326559305,100.83151264833003,2.997891044537882,0.7326186558825865,2.562618655882586,11.17894552226894,0.8863970201665998,7.242777587401829,47.98351637312179,1.023708210503768,5.7400350768901225,1.8171007289964325,211.79261214280044,Poor
117.42085398991084,111.01266727008289,6.779319702952381,6.089030214847011,12.24025004440304,11.613916048449443,0.8360911887531914,9.259348651762918,38.19613063245552,1.3499638139868286,9.035736565824115,0.8922402751274567,240.39739460705167,Poor
153.75220169305607,111.41634647655314,3.627413599357322,3.444892248910399,6.431515282418567,7.428504270089385,0.7885042700893847,7.785212705385247,34.396495330368616,1.3283546171899245,8.92843921989363,1.4041878839329254,236.80341607150774,Poor
78.4037410120017,112.69596941807295,7.552707894973892,19.826316877875684,3.584021319546666,11.408204770929485,0.07707667432328921,2.1352675516822024,83.73381511104476,0.21977299132170333,0.9636970156948895,0.09404215990252562,246.7303683001586,Poor
102.96390992526715,150.15085262565404,10.736292189698839,41.09745176611334,16.45903695987071,22.324034402358368,0.1638931892248171,15.75753184558641,41.156831822255526,0.3958466992311826,2.345182589583268,0.23583286844326873,279.38793584369034,Poor
75.70711252305075,90.40613185761109,2.2007781649234737,1.4171362301027868,2.7337665505229576,9.455711962831643,1.1929105007855647,5.927120653140003,39.73840438613823,1.0804124479059127,6.157517524083132,0.38707392225165144,223.33307371728694,Poor
100.68156571812099,163.72875668509195,10.77207823870612,54.451577908306604,12.567908627109666,32.81419087257107,0.0,22.551982236021416,44.88297382603143,0.06,1.1047043371547982,0.3650651989217663,277.8326089008693,Poor
75.41920698623431,110.19588377908977,8.902949201787369,16.146117673637566,23.353332924397318,10.846831528149805,1.0932647092046954,9.155926425736611,36.59677548382605,1.477421123145668,8.983292731366571,0.8984224629133595,209.710561572834,Poor
102.57041809778558,101.1188754985074,21.74696780370364,21.7571984681497,41.85834695407553,10.435574242962913,1.2255742429629128,10.171210963705667,52.34499763112004,1.4786064392592717,10.18628064666993,1.5900768881486855,252.9586738518881,Poor
84.78347293067131,98.77544463021145,2.988253488160035,0.6815548834240491,2.5132055810560563,11.17,1.2106706994557057,5.404952092896021,45.83326275952515,1.1416506976320069,5.8142595373435935,0.529904185792042,228.3205581056056,Poor
150.70414357658746,110.30644729286236,6.752669024930669,6.601732573113386,12.58989562609836,7.458405426769809,0.7978163052984973,10.992132090410179,35.6750956760765,1.6107798909648225,12.130623912771858,1.9221662990512294,245.76603271055328,Poor
64.17234664260211,94.97972388153298,1.248458589061839,1.590318253891374,2.258263039307159,7.435256901823027,0.8376687124947109,6.0558512286354755,33.90691717812368,1.1677070546908057,6.896836654957283,0.6558090476651756,214.26878835927582,Poor
100.81330692652095,100.98733139372155,19.99402166292275,21.52312009253952,39.944397434094014,10.68408534305549,1.1152756356325348,10.82434859319621,50.13474773321218,1.4508145214057884,9.798044727984431,1.4800375070101794,260.09022714526947,Poor
62.225042627646715,100.1671478549826,1.236338439591162,1.317614890801148,1.9693994769226977,7.437276926734807,0.7407075167292971,5.865968886928207,33.88267687918233,1.2283078020441893,7.0685387724585365,0.8194310655193111,212.45076593867432,Poor
155.4834047817446,112.15747169973861,1.4015855692063843,1.3647572646376727,2.1857452761108944,7.44206881185696,0.777793118814304,5.406229632798509,33.387931188143035,1.1299309653356322,6.663171695431288,1.0605285230687949,230.01839067654745,Poor
148.1644224877073,110.82449588614593,6.304069650901855,6.12148945050632,11.69184232816168,7.441714023868791,0.8059990835407651,10.753473870699327,35.69314848682101,1.5928597613120998,11.786338214307602,1.8054445440038087,247.71402386879,Poor
115.96405939358152,199.62682847262957,12.15054454518614,57.93388255266829,12.553005671391888,26.72049515455707,0.13233733756647884,39.46484481688958,55.86185986710073,0.044710043315605644,1.0936209529433243,0.7453783771410143,217.47277274069296,Poor
111.11123982341233,107.89710558893181,3.0257651647551422,0.7357651647551425,2.5757651647551425,11.161530329510285,1.0632720917531584,5.527401210631721,51.123032951028506,1.15,6.28283793009293,1.2745129801566244,231.1886482796283,Poor
66.33627732449153,108.76048248881328,1.8941758428905269,1.5940297686149338,2.7337724790931373,8.464966525370151,0.7853953412398118,6.20744038109811,32.868882309939806,1.4305842971023708,8.522286284264938,1.3798284736521353,210.5481104413744,Poor
210.98977651169287,83.01700622460613,17.14949592382568,14.416865142542624,30.071563164984617,10.772075398238945,1.4402157016352657,10.843515741988035,28.352020986163133,1.7727225031447418,9.406766422138983,1.3545176839246378,214.33746599245262,Poor
150.80102261155375,105.05185439808365,14.01800999023917,16.549483864045385,28.86657907758567,9.26138648543257,1.0329801844635054,9.919489126196204,30.010462650500262,1.893548339804251,12.574352349511837,2.466909048545193,224.72556699033356,Poor
119.68091814707745,109.87377209070814,7.476530779301298,8.167217989947817,14.951141515660685,11.200497009529396,0.70148709018536,9.679871886454308,34.73241508326989,1.4442671310361275,9.871615203731052,0.9226499581036605,241.78664344819362,Poor
93.94043773647294,107.10614398181987,10.775278103721678,17.056109973543883,26.777947180215588,11.872844171083091,0.6306421271760603,12.350277289940735,34.78972433762115,1.3285779144584544,6.836740707786748,0.6393578728239397,268.6009405754213,Poor
121.92964979776328,114.57024922182994,3.020109958286585,0.7301099582865848,2.5701099582865847,11.15021991657317,1.3347220022439295,5.65747095940855,49.99199165731696,1.15,7.555259385518419,2.2019668410000923,226.09896245792632,Poor
93.70878264404037,102.78935700371399,3.093082228446789,1.0904272129761465,3.010771728821559,11.18,0.896123108328211,7.505172257922706,45.901001239453905,1.1112953662509173,6.546789205615596,2.01243454532133,210.2737712601376,Poor
115.52598956056507,211.16527496725953,11.821992170423796,56.16595786942328,13.038011557945826,30.44408873519698,0.014997203722784236,53.78034114582032,52.15391163763998,0.0760007456739242,1.7820164048263325,1.3790150998969652,233.9003914788102,Poor
93.44941668897772,100.76518714897567,2.99747780155125,0.7311723054293761,2.561172305429376,11.178738900775626,0.8954883658724933,7.200213559778781,47.905826691635056,1.026394289916873,5.743960885263122,1.787140612465647,212.14386868143725,Poor
96.30043641900785,130.45300691795512,11.111050936474152,31.41618414108442,22.51434934197708,17.64283742509481,0.36442199232388806,14.482037163579204,38.24094578374937,0.8067663777128853,4.064470524350712,0.4264995992587789,277.4155213869781,Poor
88.59029386081247,108.27411445893011,3.4083514650948845,2.2773231627101524,4.5036642905963635,11.18,1.0862119127777978,7.658170563943106,37.504639657546534,1.4543824767209035,9.347121837019266,2.1561602267344324,211.20103372086731,Poor
94.9297066069474,126.40100246118837,11.188141808982731,29.424669934612776,23.759975545142026,16.679877754461323,0.40567237147321583,14.219657702760529,37.64112469677472,0.8912958431828193,4.418141807876916,0.4657212712368282,277.00977995272245,Poor
104.85522418230268,155.7417529848829,10.629923257630733,43.84531584453941,14.740338952243942,23.652712992402076,0.10697647996030425,16.119559438941018,41.98445675861,0.279214098279312,1.8571917872006414,0.18171534160160077,279.9477723282593,Poor
85.12489211698845,111.98749332029227,3.6218001232289727,3.0808945815678968,5.514406465878371,11.18,1.2149088978292335,7.7617559421552365,31.81999965929898,1.6866648399844704,11.243048153386756,2.2534677032367374,211.8288238918499,Poor
72.32787509410628,103.38868329750804,3.177618021536695,6.400922624564159,8.289045572074953,10.757327072673373,1.0126344414503536,6.417151581438873,43.93414921937264,1.1051262314935244,5.404330356656104,0.8803622745669146,231.64983580086343,Poor
108.43619437009495,184.2426056237529,11.728739610253118,57.9701168830503,12.748196969774648,30.186785931902218,0.09252922076257539,32.930726622108246,52.29742943603541,0.04766277056498995,1.0704590909323946,0.6040233766100603,238.37145022321934,Poor
88.70531716451995,111.08437296556146,15.173799257643822,18.593572470657335,32.142182551248325,10.511513416422627,1.2340541147358581,8.845945885264141,40.06120354650403,1.5218917705282837,8.692430672660114,1.0902705736792906,222.81082294717163,Poor
116.35365763959562,110.37226546031809,7.425053728652654,7.1688692247306935,14.100635335709095,11.529455321870515,0.7175145546840088,10.039297465388108,35.25234829833875,1.4004696596677504,9.33988356252793,0.5661055756807573,245.03325126905122,Poor
63.687245204024435,108.1310948735355,1.6290570871399552,1.3407659165767865,2.2800529824630944,8.061899799147737,0.7164213560038908,5.972497743888253,33.254705539853234,1.383164682252675,8.041623824652113,1.2461913772575384,210.33256673751217,Poor
110.42452745237189,199.44475325939626,11.567807229305359,56.374864196732226,13.12095731068589,32.42630670554837,0.0,47.821739416355996,50.10296237088675,0.07476067232852741,1.6944825230056684,1.2163712632765245,246.4786553429452,Poor
128.02644644168623,103.67050109607678,18.32523674218655,22.19561560992291,38.79327215229822,10.346559733585025,1.3850320799244924,7.721014374868655,47.99005482221796,1.770956306377221,10.358735077092959,2.1312129457731603,217.84081864904823,Poor
71.00584212539822,109.49060035574553,5.03835136601054,14.304023438974648,8.856621153954805,10.844942453817604,0.518395603194455,5.114170321562572,59.79807004779548,0.7307738563304218,3.385144296474839,0.7153727571290354,239.76217468640334,Poor
78.52617186009239,112.8595228443812,9.022825562322307,16.637732544515934,24.040372071225494,10.527918580128683,1.1952790534191207,8.752232427352965,35.26307075924001,1.5479185801286812,9.08331361289835,0.9650930178063736,216.28255623223075,Poor
158.95327530668723,100.14333996495003,24.62933115782695,24.30096950875071,47.19030066657766,10.409391570174543,1.597639491225728,11.968215228021126,34.95501598261637,2.1197803684173326,12.247758192963305,2.1045013859658765,215.33577368425185,Poor
66.45699237753045,88.89365516027158,1.262678375793758,1.910263455359555,2.597167956417899,7.432886937367707,0.951427006350064,6.278627887435542,33.93535675158751,1.09660812103121,6.695389676255095,0.46384192678426694,216.4017563690637,Poor
100.54920714087237,163.68557741153052,10.777936733108929,54.544771365566085,12.586026563503534,32.92832302278874,0.0,22.65049173449826,44.90597384109431,0.06,1.1075250937191132,0.36994727759077295,277.77836358232474,Poor
69.52935516795272,108.85086660338295,4.536531230552217,13.201873441697824,9.90893681907295,10.732525471971282,0.6064748879400266,5.70870549359518,55.0209277883054,0.8327603965621362,3.8684214246183037,0.8393791185471426,238.37144913778906,Poor
120.0224578937155,105.05880265849036,19.561875838525467,21.905979431971907,39.763509876372154,10.371597040187245,1.351374176968987,7.97654605874781,48.280519721755404,1.694921051000584,9.774512322223513,1.9017919358455202,221.67409544060857,Poor
111.27884132955974,106.48061650076761,20.415502709741165,21.440119972286368,40.18359123886316,10.409296649641567,1.3163673967614034,8.299685568356276,47.483442264721184,1.608750515104993,9.071683888825099,1.6405874989120097,224.09764176267208,Poor
125.8609786284438,109.48541598920714,7.039247924855287,9.491298241522102,15.474046187760461,10.2494832491608,0.686197479890045,8.817537865798538,33.802806777314736,1.5237731045717657,10.718659614091507,1.5739873566840823,237.8113447714117,Poor
94.58874675492723,105.76291396315078,10.845688099947186,16.477921424683903,25.461504346832402,11.479049766468588,1.0645315338549408,10.512451336713873,33.37082208659338,1.5002695951173617,10.343837594199595,0.9955200492852668,205.66367116536264,Poor
155.52983402008456,112.10060820732379,1.6542779206800695,1.5079608946125447,2.590236465764317,7.421263405213505,0.7812634052135049,5.728807080635375,33.55655500476656,1.1509534277308686,6.911858351961098,1.085589829394213,231.01072417080388,Poor
118.0128244752488,114.4927583042336,3.1194472295196283,3.3568991395110084,5.93506632222592,8.601917144912232,0.82721153555364,8.277289710169656,35.28662860486051,1.4073257209721024,8.46230771557088,0.6552343726373325,260.1165861386255,Poor
102.09877203759368,101.79081996567183,21.750747018929538,21.66347393054746,41.77066916083472,10.43859761514363,1.2285976151436302,10.052543605612513,51.805325696862,1.4778505962140924,9.989005611878126,1.5575756372059746,250.76672902086804,Poor
89.0162460952221,106.44724858783043,11.449944930014054,19.181748571706617,29.453833527614183,11.904387035688968,0.6131183135061284,12.833934547230854,34.68808621833555,1.3128064821555157,6.270721526247949,0.6568816864938716,274.0333228131002,Poor
110.83192664197746,188.54815474204023,11.877415225511214,58.042641573420106,12.663584831009878,28.916395105591164,0.11066039335502623,34.312321973653,53.598038883333885,0.045245280885996504,1.0450754493029633,0.618528314684021,230.99810670228933,Poor
77.68794752929507,109.3269105704385,8.864720261982066,15.88733715803245,22.99603937160162,11.067383103949618,1.060917144754056,9.592618545820244,35.7910270602374,1.4759507793070026,9.464095166610168,0.8690155861400509,208.97538965350128,Poor
61.026899971983255,98.99049012612204,6.165722559547249,13.233436431569887,17.667672283971466,10.441028516269684,0.9053716767864175,7.102571290674212,68.19778626806107,1.1084572255954726,5.8368023166732295,0.6941701323375977,216.97709045620076,Poor
76.1008790612196,112.46951303327387,9.004745637304087,16.624818312360063,24.0197092997761,10.504672962248112,1.1797819748320741,8.628255798656593,36.2032268601875,1.5246729622481112,8.760457809001545,0.9599273249440247,214.47456373040865,Poor
115.80423199539347,203.83656797847587,12.030673996545092,57.28886483855217,12.72995743367153,28.07902803915561,0.08952642733753338,44.68777586482093,54.509035103866054,0.05612628604332443,1.3447782929531376,0.9765572923773198,223.46630017274532,Poor
116.45474123271666,104.94134831801902,16.24990825130838,20.615800944113964,35.2255726117998,10.463151221836608,1.3500546334490178,8.432222453203307,39.752866177243654,1.636876094887901,9.01210338778718,1.7173131624800422,209.67941447143744,Poor
100.7505201217578,170.43010730257382,11.25177798939264,57.73745267775251,13.019638542622076,34.26228726136859,0.034363169438126714,28.498473511185253,48.124984687694955,0.05541824407491644,1.1518915627866226,0.5574905355505014,262.0256444284951,Poor
60.627607160209564,104.42255685952473,1.2263958951880263,1.093907641730592,1.7324355019812938,7.438934017468663,0.6611671615042105,5.710202357945746,33.86279179037605,1.2780205240598685,7.209391484836294,0.9536554149616449,210.95938427820394,Poor
155.47107349167717,112.07798959251932,1.7195009104601577,1.5719871322865768,2.7172118642169307,7.421502755634716,0.7815027556347162,5.796782600259394,33.58431965362707,1.1568175130505465,6.978517444268454,1.0961212479275118,231.20220450777293,Poor
76.78544869230961,111.61815932428738,7.4852396854846095,14.986515187966052,20.906989571961798,10.525536988058326,1.1039936149194052,8.402484660670197,36.83532798123331,1.4368124905397657,8.207621089485675,1.0162079114453875,222.62079114453874,Poor
72.37744063153303,110.08488793454178,5.504522600827161,15.32787758287905,7.879061151152283,10.949373423279988,0.4365734003167108,4.561870452137798,64.2358479459805,0.6360323582614547,2.9361987885798477,0.6001757083406323,241.05410420552562,Poor
85.93085277047796,111.84027468806771,13.012869445546364,17.908854318431946,29.294839740014034,10.52507219171422,1.225579880178613,8.854420119821386,38.056199650259884,1.5388402396427736,8.938183474820217,1.047899400893066,221.11597603572264,Poor
80.1606141653442,108.37982957114814,8.823055108036975,15.605296115942593,22.606630432807105,11.307758992094382,1.0256620144928241,10.068562804346874,34.91285381554853,1.4743482733860374,9.98811460276575,0.8369654677207492,208.17413669301874,Poor
107.72367089586412,105.80754399222147,3.0275359796676087,0.7375359796676089,2.577535979667609,11.165071959335219,0.9782729759547713,5.486672467644994,51.477195933521784,1.15,5.8844045747879905,0.9840993345121352,232.78238170084805,Poor
86.3833852345436,107.1106543359225,7.800084657901225,12.752440745960264,18.69905252654539,11.818899807785876,0.9878872583442562,10.714195274096893,32.12117123794369,1.520651351051224,11.47331418881403,1.0267734539584743,207.0853860939548,Poor
100.07325017105745,172.37342217633253,11.132473138035127,57.26703035908851,13.163953270317519,35.516641304071634,0.0,31.843365918252246,46.86751640860674,0.06401168242062041,1.334391361090784,0.7165432325588493,267.97663515875917,Poor
116.29954348744519,111.09741835608224,3.0230530352914555,0.7330530352914557,2.573053035291456,11.156106070582911,1.1934543060101248,5.589780188296518,50.58060705829114,1.15,6.89306705942246,1.71930221220126,228.74773176231017,Poor
232.0999364783373,73.53224096504364,9.994322131524154,7.4055281115368725,16.060170417584548,10.969498403939026,1.2568943391994758,8.378548499389874,29.903201745235204,1.4201814215374533,6.9248772076236715,0.9145464140787418,215.1835645883101,Poor
96.4460243825636,130.8833784412043,11.102862960230759,31.627706860705384,22.382048883728586,17.7451153037842,0.3600407067901431,14.509905012547943,38.304653984871194,0.7977883335863589,4.026906387725326,0.4223337867840706,277.4586159987855,Poor
115.67214538228642,207.31563502013458,11.93160903671481,56.75580100708446,12.876196183897184,29.201764250565475,0.054146084541004016,49.00417768599751,53.39101627149573,0.06556104412239894,1.5523429706927765,1.1676111434785783,228.41954816425942,Poor
79.78520502323536,98.81537656487076,3.0111379049310556,1.5729992430006128,3.412157450333276,11.104976727938089,1.2378722462697482,5.5602686283216105,44.51193315347457,1.1345050756004018,5.830323596205829,0.5767808854625132,227.73265658661307,Poor
72.21642552640954,111.844856501052,8.975788049717643,16.60413432122689,23.98661491396302,10.467441778208398,1.1549611854722655,8.429689483778123,37.70902141468256,1.4874417782083982,8.243358030672198,0.9516537284907551,211.5788049717643,Poor
79.09625225110422,99.2378860127831,3.026518334512447,2.0190317008609595,3.8627135639528554,11.072858772047537,1.2170634297772778,5.639432604108183,44.458554015515624,1.1317908821448623,5.7909677911005035,0.6048275511697561,228.09454904735168,Poor
107.80289571661379,166.0519446682068,10.456871828936766,49.4374611306793,11.59310361911926,26.673503037805155,0.0,17.251844827307114,43.645496809899896,0.06,0.9529382880065913,0.10239319078063891,280.75118676910404,Poor
113.60790956331431,109.43713187909613,3.0244600577295793,0.7344600577295796,2.5744600577295795,11.158920115459159,1.1259172289801813,5.55741867221967,50.86201154591591,1.15,6.5764870108446,1.4885505323489527,230.0140519566216,Poor
184.73068611177405,105.9052718035937,5.236198576928219,4.393196944268797,8.911990204043471,7.415553987865159,1.215582206292304,10.12920020958764,39.51913188090042,2.0581768891387595,14.191613690038292,2.2196494870413246,267.1865438501959,Poor
136.14714357189962,112.97323153362687,4.322913040052866,4.389839405309365,8.049791265360343,7.449161981052433,0.8320669336835149,9.464977277929119,35.53301740737269,1.5183801894756717,10.293022798987217,1.351119155801597,255.16198105243285,Poor
106.85993919769217,165.7443244267881,10.498609248626739,50.10139526982165,11.722180454086399,27.486609806580184,0.0,17.953651810242214,43.809354827942016,0.06,0.9730340826721338,0.13717437385561632,280.36472917938204,Poor
147.05261635521046,109.92565957847843,6.634145696612493,7.923141595213899,13.558256436187285,7.7559746340367175,0.7625114840973386,10.056554328579473,34.78743160016165,1.623388755679522,12.140711004543618,2.118864588600542,241.9833732961434,Poor
92.06100553284841,117.92085602014194,11.349479708562052,25.256774195480304,26.366856343607907,14.664569254452955,0.4920023001954843,13.670542746297574,36.385802618468944,1.0682014348268123,5.158314803315383,0.5478054657596408,276.1606331128313,Poor
95.05646115677376,126.77570066669381,11.181013038050217,29.60882985036937,23.644789614811415,16.768924858039384,0.4018578536935376,14.243920537162417,37.696591537275935,0.8834792083883967,4.3854370078970515,0.4620943526922161,277.0472997997357,Poor
146.4741646542185,109.86533761242195,6.61536998532339,8.132470801926452,13.711657992251446,7.803113653868934,0.7569187190324994,9.908346054361234,34.64681350710284,1.6253861717741074,12.142308937419287,2.150024279676075,241.38414846776777,Poor
65.16732543162401,105.9789539077122,3.772413045304042,10.959792393038839,13.287915872906398,10.456983913031307,0.8335723913591212,7.142459782578266,47.37599349414516,1.0845241304530404,5.166675652685132,1.0691219562357,232.13471737974106,Poor
167.34116807526732,100.7089111757678,22.924860243591848,22.069561558274785,43.269401882398185,10.000610863699098,1.462855230520671,12.892456734442025,27.47540513590146,2.1627224340643454,13.040385109723344,2.2097875256698787,217.49402415946534,Poor
101.89284147837225,108.17023786329821,9.68571388997391,13.623275191008705,22.456480805169246,11.821903506544235,0.658942496364314,11.569187100344932,34.95386647891302,1.3540482467278827,7.750842632567344,0.611057503635686,259.8278261270626,Poor
100.47049384944553,173.41231958445337,11.149179647873877,57.232792326579464,13.162303244654431,35.398045709537286,0.0,32.45655670529678,46.991680839754004,0.06442418883639205,1.3482103260191334,0.73572478089223,267.15162232721593,Poor
71.30829432540419,111.5574643453958,8.937320221191115,16.560290985749205,23.90563808821978,10.459753360159933,1.1470403219191951,8.374091730315675,38.39882770786572,1.4754371629587593,8.112129698072422,0.9465470422390612,211.06165996001675,Poor
94.43459312920005,100.99043048039402,2.9988811867937324,0.7360841537780629,2.5660841537780628,11.179440593396865,0.8646138905378902,7.344762239754424,48.16966311722167,1.0172722858407404,5.730628725459543,1.8888860425455891,210.95099122532758,Poor
110.60262220566483,105.58404955121667,15.20035944847188,19.81684665880865,33.42129208557525,10.522114637726299,1.3323656086821105,8.791899290130422,35.58710084463699,1.5690681666147563,8.331075934261248,1.5079930360716391,205.5519753591591,Poor
99.0372109235021,106.15256328366446,21.775278758625785,21.055086786080548,41.201532799881804,10.458223006900628,1.2482230069006275,9.282246979150369,48.302193268237986,1.4729442482748432,8.708448799734054,1.3466026758182539,236.53831999704505,Poor
107.49802947247112,165.95248830331434,10.47036590859554,49.65211695339943,11.634835309915838,26.936387700787193,0.0,17.478745277865755,43.698473567078786,0.06,0.9594354374719268,0.1136382571629504,280.6262415870783,Poor
139.06473099744377,109.09266877114227,6.374870412209847,10.813785191532773,15.67659067471104,8.406921092749746,0.6852805483178267,8.009934530422408,32.84562521484821,1.6509712327436332,12.162776986194906,2.5491512308006796,233.70863017691,Poor
65.07499202252734,92.57516647940848,1.2540767138331579,1.7167260612460495,2.3921616796902603,7.434320547694473,0.8826137106652622,6.143868516719472,33.91815342766632,1.1396164308342112,6.817246554030265,0.5799643632523701,215.11150707497367,Poor
88.80954357035444,105.79816836166233,9.246649310315934,15.251571990746235,22.53287109905107,11.8391482655509,0.9638046809647833,11.147030509921866,32.7412792560299,1.4776060532170763,11.142097903354093,0.8116935427607295,205.91548829758804,Poor
116.92604822721898,110.04688860719604,7.671457250622307,7.5769860872765085,14.718047623381716,11.624428006598166,0.70830270107071,10.064272340388047,35.146804225099174,1.4088259544323076,9.494030360682663,0.6323049343877516,243.5587022783846,Poor
87.5204802495949,109.42048176153011,3.474245781727851,2.52539588415191,4.815693260534824,11.18,1.1259423095712044,7.690148688191457,35.749718960159726,1.5260909977626615,9.932418414170913,2.1862002828465203,211.39484053449368,Poor
85.07401199546979,108.01632963470433,8.808125172432941,15.378201703344317,22.296346008505104,11.540737899604704,1.0132577220643142,10.619600971642347,33.07712217356549,1.4997349007372551,10.809355005107447,0.8154167816219612,209.5681880884706,Poor
115.98766186941086,199.00515611819617,12.168246402058141,58.02913540155096,12.526874358866552,26.519874110007716,0.13865942930647956,38.693549624609496,56.06163796608475,0.04302415218493878,1.0565313480686531,0.7112390817450104,216.58767989709287,Poor
136.86907661000546,108.86370204980028,6.303602624772277,11.608345204666527,16.258863661435015,8.585848729295133,0.6640518456768485,7.447373910436486,32.31187497701791,1.6585529122582683,12.168842329806616,2.667425431228987,231.4341263225195,Poor
149.1314796036905,110.65158235781549,6.463497722083469,6.260839174377467,11.984926263529383,7.441114670217732,0.8039013457620596,10.857162052332482,35.70603459031877,1.5988532978226868,11.906508621344871,1.8420051167183893,247.11467021773132,Poor
73.95771748030683,102.3891607835807,3.141232833663538,5.345752176242592,7.22317359790834,10.833307906173202,1.0618614603375667,6.229874879150562,44.06042722434419,1.1115471470005522,5.497433631508007,0.8140128143276275,230.79371373325972,Poor
67.91009115553697,85.02274472259444,1.2717225590593588,2.113757578835573,2.812720990914718,7.431379573490107,1.0237804724748705,6.420320091929955,33.953445118118715,1.051387204703206,6.5672637466590835,0.3417454526986561,217.7583838589038,Poor
115.55705233682036,210.34710362839226,11.84528925261527,56.291318359310736,13.003620627091744,30.180055137026937,0.023317590219739448,52.76525399319179,52.41683585094377,0.07378197594140282,1.733203470710862,1.334085012813407,232.73553736923648,Poor
77.83364655624582,112.74815828540268,9.017662966872972,16.634044976337837,24.03447196214054,10.521280957408107,1.1908539716054045,8.716831772843237,35.53152572260545,1.541280957408107,8.99112440844593,0.9636179905351349,215.7662966872972,Poor
86.06877316537653,110.97607005920251,3.5636625224224607,2.862023613825734,5.239107826765181,11.18,1.1798553444017776,7.733542106469724,33.36834076313123,1.6233974508715012,10.72664946387009,2.22696379698671,211.65783094830135,Poor
107.95850685647099,166.10270961383233,10.449984122746367,49.32789558220608,11.571802749974873,26.539320317206982,0.0,17.136029323216675,43.61845618559684,0.06,0.949621985026028,0.09665343562197168,280.8149618264225,Poor
83.2685299339684,110.23432249833684,8.906769059899077,15.919248480052515,23.046637394989954,11.119259471340307,1.0969555659749748,9.875288002579687,33.627136576406976,1.5296269878482054,10.205534845466254,0.8811793732660517,213.15523854178463,Poor
151.38012864499143,111.43796995322181,2.455444009692761,3.605793586876775,5.243627698807309,7.6960106047452435,0.7523989395254757,5.823117409456775,33.13398939525475,1.2442047721353597,7.850349577184014,1.411814669897587,230.2300088372877,Poor
243.4455685995707,68.43466436868988,6.148781892169563,3.6372927804231514,8.529762885415211,11.075603179955905,1.1583684757552313,7.053754581693417,30.736882128224966,1.2307086072215987,5.590988594840054,0.678084341812555,215.63829934266818,Poor
117.79522420492631,109.9922694339309,7.60995692167023,7.763207363054475,14.791589974785948,11.49067554293316,0.7061523399185395,9.94299197140563,35.016062267047204,1.4200078324235943,9.61316036851291,0.7239103194702156,242.99960837882028,Poor
64.37373874680755,104.6394896766925,4.231133672365581,11.395576988747301,14.127374620429013,10.453925775517563,0.8473340101709674,7.134814438793907,51.36686294958055,1.0891113367236558,5.295117428262363,0.9972557246627256,229.22948674168467,Poor
71.12629569818765,104.12556783840625,3.2044425123188574,7.178832857246867,9.07484536087006,10.701311224275328,0.9763424833333104,6.555218813405885,43.84105245724631,1.100392497826084,5.3356912184782175,0.9292775224637989,232.28100028985548,Poor
75.68684871531121,110.09337161973498,8.898439360597479,16.115589517890623,23.311183254814893,10.87284984270686,1.0894486897363276,9.207442688559578,36.50172190797761,1.4772476677152877,9.04001265710095,0.8949533543057523,209.6238338576438,Poor
102.44004798577618,100.30154839815317,21.075326014074754,21.775105472306507,41.22984183974079,10.526727384382434,1.180132632112645,10.555351542221326,52.11979711728375,1.4688894220641797,10.263739227300633,1.585297222609047,258.17641413438093,Poor
109.7809455041973,186.65935816647365,11.812192884468349,58.010825797301635,12.700703236481427,29.473701450599716,0.10270644932540846,33.70623143859613,53.02747596494263,0.04630580675661221,1.056210970944428,0.6121651594603268,234.23271060766723,Poor
127.14311901890555,109.40484605868332,6.948527451903268,9.76599729598521,15.582530109961827,10.0521820807127,0.6830254353812332,8.638634555501548,33.60994647117897,1.5402677360175876,10.894390879879683,1.7091164527594682,236.98661319912063,Poor
144.17663652935335,111.53752733887917,5.646647236943286,5.54686271650118,10.483272552125063,7.4441855367032215,0.8146493784612726,10.325902150342815,35.64001096088075,1.5681446329677928,11.290799891004244,1.6546822611035354,250.18553670322072,Poor
62.672774128265154,98.97443572470445,1.2391251501759242,1.3803158789582943,2.03581607919286,7.436812474970679,0.7630012014073936,5.909627352756146,33.88825030035185,1.214374249120379,7.0290603725077405,0.7818104726250235,212.86877252638863,Poor
71.64767433686436,103.80582545592166,3.192803067988583,6.841288971668909,8.733878109312611,10.725617122729725,0.9920899668389758,6.495309908764766,43.88144817580433,1.1024465174137794,5.3654745024998025,0.9080526533909457,232.00713101149609,Poor
67.68655889436288,106.23503216852599,3.2812324344003034,9.405740597608805,11.324338372432425,10.540955798752307,0.872450235811354,6.950461059413328,43.574546257081295,1.0868413351058288,5.139199359034517,1.0693062039064358,234.0878219858895,Poor
67.33741884978701,106.65707682024278,7.952037448683107,15.363079465947022,21.663655024739295,10.452317263763646,1.057807165163753,7.894463512755173,50.12183367661194,1.3378693796274528,7.271850805292009,0.8424416926910453,212.92068405908847,Poor
91.94924897445898,100.42220008604083,2.9953408105049273,0.7236928367672456,2.5536928367672456,11.177670405252464,0.9425021688915989,6.9801034820075145,47.50407237492634,1.0402847317179724,5.76426230020319,1.632208761607231,213.96031107081177,Poor
109.26000206327744,105.67341610941791,14.905055037115984,19.591168193819662,32.89621891049746,10.564893117625848,1.320239687377385,8.901489969522476,34.96899804610866,1.5578039296599115,8.317350477534227,1.4621874294637272,205.02440078155655,Poor
84.86562562429135,106.57771565524551,8.743774292785758,15.068625981934364,21.865659736420742,11.765148310851396,0.9585782477417955,10.974193655485761,33.241858171022905,1.4712990112609907,10.985223317656041,0.775980225219814,206.64950563049536,Poor
176.60013174972394,98.12655637146013,28.25070899723219,25.43449021458081,51.945199211813,10.45723497658945,1.7227684003108683,14.588561794745244,26.394726496380002,2.318514518140791,13.270871037835924,2.0529777175190542,213.12761646510234,Poor
73.3733531904828,110.97948688556362,8.937422434897892,16.379474943924194,23.675525064622605,10.647947490973701,1.1224343679905238,8.762136032127929,37.323365166309415,1.478747016726842,8.549725530322668,0.9249403345368399,210.373508363421,Poor
75.86328031148447,112.43130492761891,9.002974400618095,16.62355314329864,24.01768502927782,10.502395657937551,1.1782637719583673,8.616110175666938,36.29533116785905,1.522395657937551,8.728828582465985,0.9594212573194557,214.2974400618095,Poor
104.1756349274483,103.61900115754783,3.0293906769851286,0.739390676985129,2.579390676985129,11.168781353970259,0.8892475047138098,5.444014429342033,51.84813539702579,1.15,5.467097678345984,0.6799289744388504,234.45160928661608,Poor
92.21866381086781,118.38690851244198,11.340612888781978,25.485833706465552,26.223587202950917,14.775326722583005,0.48725777382193586,13.70072104519818,36.45479269868759,1.0584790447170818,5.117636323096271,0.543294276748726,276.207300585358,Poor
155.91554957779584,112.20487768910402,1.3173958842906517,1.1756605371386555,1.932746538009308,7.419979341105333,0.7810949214173312,5.379399797073314,33.424399249582635,1.1221485250453291,6.576733704679965,1.0326030207279948,230.08676735759983,Poor
102.96470956559993,179.93535414430264,11.254076570515885,57.017818386350164,13.151943054763862,34.65340706115267,0.0,36.306662273379345,47.77128512901929,0.0670142363090342,1.4349769163526458,0.8561619883700904,261.9715273819316,Poor
131.74487531929807,109.11567087305747,6.6229207468284885,10.751925291071778,15.971891974072228,9.344044421424195,0.6716405855534436,7.9965290252142225,32.917747601649374,1.5994689551220929,11.525111560339221,2.1941110554233,234.02655224389534,Poor
77.6417939969906,109.34458830056938,8.865497962461598,15.892601592047734,23.003307879929544,11.062896370413863,1.0615751990059668,9.583734813419449,35.80741859342135,1.4759806908639075,9.454314087502222,0.8696138172781516,208.99034543195378,Poor
157.86352071208808,103.19745545548525,17.82115749786234,18.90650897702429,35.016459012104875,9.577028858640809,1.2165330862748176,11.188920409751073,28.928015164117664,2.008483334396381,12.773344280447466,2.3571203969945014,221.63776116547035,Poor
103.5928417190119,175.53825540016166,11.428168280241405,57.82349672206898,12.91925382425286,32.75508241842507,0.05587418051724448,30.13761255541403,49.66804121577034,0.0525501092643674,1.1217761472758576,0.5746993444137956,253.27783325632058,Poor
101.50725984705099,100.6947826134981,20.455296251275065,21.630614760621622,40.49275631051284,10.61695787100422,1.1429430396536666,10.709596901108563,50.98155172185895,1.4585251094116776,9.996705760136164,1.5249403430444755,259.2738119446459,Poor
156.42206753138177,112.10349099453884,1.3669811802665235,1.2136112943939312,2.0182049950403487,7.419840834691993,0.7884357613243737,5.4424202151432075,33.52093821968091,1.1365531920327332,6.688923899485708,1.0500548288088882,230.6684942936296,Poor
92.83709790096621,120.21505704123807,11.305831691805551,26.384347961689937,25.661596283384426,15.20978658656926,0.4686467824573561,13.81909915420567,36.72541481902172,1.0203417673306479,4.95806995451143,0.5255985800414206,276.3903595168129,Poor
111.00187854286109,107.82964802957454,3.0258223321783264,0.7358223321783266,2.5758223321783267,11.161644664356654,1.0605280554403202,5.526086359898486,51.13446643566533,1.15,6.269975259876501,1.2651375227544275,231.240098960494,Poor
99.86909356384379,141.00228842355796,10.91034698259586,36.601036282940285,19.271395981943634,20.14987628757452,0.2570277713890128,15.165134831164968,39.80256338980239,0.5866962528463378,3.143697121909077,0.3243870613207007,278.47185798633757,Poor
108.86606267464785,109.10330945397423,8.730308138882767,10.613126681726746,18.667118254737627,11.777235185714,0.6837582301588891,10.88427284761466,35.097797734921556,1.3763824071430002,8.552390834132119,0.5862417698411109,252.13494865074438,Poor
139.90749307072502,109.18055349011013,6.402225258511102,10.508807756174095,15.45309576024972,8.338242967993402,0.6934288004075624,8.225863210800402,33.050495553104426,1.6480611427115848,12.160448914169269,2.503753826300724,234.58165718652452,Poor
113.34226858108934,207.07541892157164,11.69051596836357,56.12338702779812,13.10883792905051,31.555226150505522,0.0,52.325604616603634,51.014945838949004,0.07779051773737211,1.7959823442019656,1.357259074787803,240.41896452525577,Poor
123.40691380592008,109.63962985979622,7.21289031457369,8.965513942584563,15.266403889565728,10.627125089737184,0.6922688921179612,9.15996551545301,34.17194864077204,1.4922017609866018,10.382303376664952,1.315345195774854,239.3899119506699,Poor
101.64762869207853,102.43355463580478,21.7543619495827,21.57382365034894,41.686802769681265,10.441489559666163,1.2314895596661632,9.939034783103093,51.28911359958986,1.4771276100834592,9.800306231782848,1.5264872335887447,248.67006924203162,Poor
152.38487287143892,110.89002234766183,5.145120743514854,4.934751555560453,9.386170841961945,7.434073837590881,0.7940738375908802,9.366969875809977,35.0425651605421,1.464809020976565,10.479563769060135,1.6492488539987287,241.25907007270416,Poor
61.85197872012113,101.1609529530383,1.2340164650629946,1.2653704639173784,1.9140590840013711,7.437663922489501,0.7221317205039568,5.829591285986916,33.87803293012599,1.2399176746850271,7.101433411607577,0.850777721649573,212.10246975944918,Poor
121.89165018114547,114.50595039577638,3.2178379912909008,1.0120243705636245,3.078906662703615,11.17441404998909,1.313481290529092,5.849419353363628,49.350388248552754,1.1605232974090904,7.656609605138179,2.1501253052036393,226.7576774134545,Poor
59.77230473083011,106.70099735604593,1.2210724360840048,0.9741298118901086,1.6055597266687818,7.439821260652666,0.6185794886720386,5.626801498649409,33.85214487216801,1.304637819579976,7.2848071554765985,1.0255221128659349,210.1608654126007,Poor
116.02312453825218,198.07109475139353,12.194843403689132,58.17225260080343,12.48761211836366,26.21844142485649,0.14815835846040473,37.53468026783062,56.36180412734879,0.04049110441055874,1.0008042970322921,0.6599448643138145,215.25782981554335,Poor
127.80470496719822,109.36327187984455,6.901715581242283,9.907742330923716,15.638507941311676,9.950374445918532,0.6813886566867932,8.546320237135133,33.51043032655702,1.5487789852286757,10.985068419551661,1.7788432251426132,236.56105073856622,Poor
71.80329483624196,103.71038911552857,3.189328939965708,6.740539259005539,8.63210659428957,10.732871919483374,0.9967902576934535,6.477428367470558,43.89350544364842,1.1030595988295808,5.3743641830289235,0.9017174787609973,231.92538682272254,Poor
201.59840089042373,87.23653811696795,20.332651561923182,17.536031447749718,36.30487700419171,10.684246902114852,1.5217707337504955,11.94011725073743,27.661939945188113,1.9295591033663375,10.510896087699015,1.550249761001189,213.96105815192078,Poor
94.2729342490083,107.15063461837264,10.729722531719503,16.91258034019677,26.59726313230047,11.87071430018429,0.6318253887865064,12.317619269492424,34.796587254961736,1.3296428499078559,6.874960057804158,0.6381746112134936,268.234129476183,Poor
195.41533129194946,102.87242717366314,4.799930131110405,3.7463730715172368,7.81228457092375,7.597645560186655,1.2984910723085519,9.723847841084883,39.930651431873024,2.1059580786662435,14.15310679341578,2.1999301311104054,269.1978263012126,Poor
85.8440883353085,99.01545562878717,2.9906827492792223,0.6849558489909113,2.517092398846756,11.17,1.1902649060545318,5.406409649567534,46.19036414404569,1.1421365498558445,5.786080108361021,0.5328192991350669,228.70923988467558,Poor
121.61247508635766,114.28781527934049,3.4402317108676197,1.3290537154921387,3.6509790179552173,11.201858381341111,1.2836710685432766,6.062349510405168,48.65387004596354,1.1723527505780649,7.742728024208312,2.0715777361616494,227.60939804162066,Poor
132.13533163457964,113.69055892372096,3.661529727175819,3.811750607399917,6.833939987176599,7.451648384484302,0.840769345695055,9.034829484215852,35.479559733587514,1.4935161551569858,9.794498910897563,1.1994485464576126,257.64838448430146,Poor
79.03128041652501,112.51317156384364,8.348556719255582,15.910204042280448,22.65777236772111,10.539120647680596,1.1628561399492443,8.662083489006923,35.466396950411166,1.5107679707054609,8.864164637895417,0.990549887714432,220.0549887714432,Poor
80.31103368931635,113.14654535366003,9.036131241560398,16.64723660111457,24.05557856178331,10.545025882006227,1.2066839213374845,8.843471370699877,34.571175438859264,1.565025882006227,9.320915027864263,0.9688946404458282,217.61312415603987,Poor
72.73530474667666,110.23994365790071,5.626151456288064,15.595011628013738,7.6240057221488176,10.976620534087626,0.415225148549901,4.417769752711832,65.39370970628036,0.6113133298998854,2.819064301911957,0.5701196170373606,241.39118186500156,Poor
148.20692388734656,101.37149441287468,22.424031930166638,23.61069292123102,44.29472485139765,10.380256519402609,1.5214401276683593,10.372510908819761,40.16794891304106,1.998757849826218,11.624716337994233,2.1358775944894988,216.68046833526424,Poor
169.610722284885,98.92534602458457,26.81638597045398,24.98553544603641,50.061921416490385,10.43828558700803,1.6732084583286944,13.550718303824425,29.78520958610167,2.2398016691102796,12.865645629864032,2.0733847524528906,214.00220367655245,Poor
115.47494556936329,212.5097372355204,11.78370917702247,55.95995890493043,13.094524548204925,30.87796266041201,0.0013247060794535082,55.448385858306665,51.72186071211073,0.07964674504547906,1.8622283910005395,1.452846587170951,235.81454114887651,Poor
125.07131672753864,103.99504430901591,17.795248743074943,21.79216968925087,37.88216918753332,10.376334340276689,1.3760996979169933,7.902639475687801,45.88647885945194,1.736715508681808,10.014838369804247,2.0255130920177553,215.7565961806318,Poor
71.97774864087117,111.80647502105596,8.974008775810542,16.602863411293246,23.98458145806919,10.46515414032784,1.1534360935518924,8.41748874841514,37.80154365785185,1.4851541403278388,8.211585282331093,0.9511453645172975,211.40087758105412,Poor
139.62409736298372,112.35153883531403,4.8961201726394,4.890856917814514,9.103544227145363,7.447007067020153,0.8245247345705342,9.837777405513595,35.57934805906672,1.5399293297984737,10.725083062459397,1.4825689117706895,253.00706702015262,Poor
142.1299712101541,109.41231743973292,6.474363706406936,9.704540805165221,14.86370929233482,8.157129417957053,0.7149168487169597,8.795296490999434,33.59076648202642,1.640386839743943,12.154309471795155,2.38403470000551,236.88394807681712,Poor
143.87372963951904,109.59415965163493,6.530963600177759,9.073512202273495,14.401276117696607,8.01502755700052,0.7317763915423112,9.242074375871248,34.01466355877811,1.6343655744491745,12.14949245955934,2.2901029614071233,238.69032766524762,Poor
166.55938252813348,99.27407056821332,26.190209052697256,24.789536979909304,49.239746032606554,10.430012924476692,1.651572264015962,13.097630940569559,31.265379820555065,2.20543830167241,12.68873792342463,2.082293773640486,214.38401887030656,Poor
113.32408143530932,105.285168890228,15.68843979393961,20.18839096673493,34.26035155587371,10.494694393598898,1.3405916819203305,8.62463580095328,37.52434109223783,1.6006014473612669,8.647779753932724,1.6053349027239108,207.47139244807713,Poor
184.3468193343037,106.5139590503937,4.1006593715287725,3.3058677871477196,6.729600090037017,7.412204862090702,1.193142309192807,8.916787748730702,38.84321112278088,1.9306943425670178,12.87406170653158,2.012187376571579,262.73957921905264,Poor
125.96920049643654,103.89643541147447,17.956279786766455,21.914752309589073,38.15899783567716,10.367287652428852,1.3788137042713446,7.847454679815991,46.52562735590168,1.7471191997068214,10.119327614446773,2.057628833877579,216.38986432998044,Poor
104.35689214328752,107.60620602043245,21.09128278120661,21.07131886072952,40.51615177876413,10.439141826299347,1.288654018436322,8.555501368280105,46.85242995824241,1.5405329684586389,8.515284523990774,1.4338030606402492,226.0162602621008,Poor
84.75524343463296,108.40792942301714,8.82554133552502,15.47372671909178,22.428814400508493,11.466323384574912,1.0280350725666845,10.488188104674842,33.17423047686678,1.5050125259166731,10.702746976483205,0.8270275570166806,210.20150311000077,Poor
155.55599245807372,112.11067734129519,1.62524258727051,1.4794583196141704,2.5337107983376352,7.421156853531268,0.781156853531268,5.698546402880091,33.544195009627074,1.1483429115160644,6.882183708458117,1.0809015553757888,230.92548282501434,Poor
149.93294187464397,110.50827782408751,6.595625992349117,6.376327230154772,12.227823722777135,7.440617947397184,0.8021628158901433,10.943095100287207,35.71671413096055,1.6038205260281624,12.006101546864654,1.8723052087717897,246.61794739718377,Poor
101.66192403994042,100.6295810419859,20.55810245007804,21.65457254736332,40.61497134920782,10.60199689025413,1.1491093898276896,10.684021711042533,51.17028247226716,1.4602436004437824,10.040982176139805,1.5349480261137913,259.0918540706583,Poor
89.24539006711325,105.86400222660912,12.304759279904685,19.731227088827346,30.803474896169874,11.803073379128914,0.6540711072509201,12.737213276483889,36.018864872745375,1.3222821118568138,6.486444999604967,0.7315252396367392,273.6995410975138,Poor
116.34291290431554,110.08353293476098,7.712718186384402,7.452049127940935,14.668707623274596,11.714163328430415,0.7097453911323217,10.145640059862949,35.23451978084516,1.4013239661119268,9.414105331269376,0.570846337763093,243.93380169440366,Poor
115.93261866043709,200.45495492598744,12.126963995327815,57.80699673676396,12.587815054516083,26.98774138628476,0.1239157126170769,40.492283060716616,55.59573651869963,0.046955809968779495,1.143027819313149,0.7908551518677847,218.65180023360924,Poor
71.84608124127156,109.64971517209277,5.586504348123207,12.95500115568427,17.05640741927084,10.49566178170124,0.9745343873720369,7.831536272512573,39.84608488855288,1.2741585892623029,6.763652782226566,1.072638856786548,228.2638856786548,Poor
78.55985928686141,112.86494009831318,9.023076693299286,16.637911923785204,24.040659078056326,10.52824146281337,1.1954943085422454,8.753954468337964,35.250011948437106,1.5482414628133683,9.087798094630115,0.9651647695140818,216.30766932992864,Poor
108.82512557663095,106.48695670696526,3.026960206180538,0.7369602061805379,2.576960206180538,11.163920412361076,1.0059101033341797,5.499915257847627,51.362041236107586,1.15,6.013953609378968,1.0785261863917808,232.26418556248413,Poor
84.59397998805422,111.89348843341644,4.4540964088894714,5.075958759161927,8.215399483916116,11.300038806945087,1.2007533099712464,8.339408385633282,30.617804748328073,1.7069091462248407,11.70613643278105,2.0445392633000217,211.07662456196087,Poor
68.7548615063929,105.57988138741237,3.25738326249681,8.71411461240749,10.625697924906554,10.590758481256662,0.9047167625043158,6.8277079687335815,43.65731691251107,1.0910500125005629,5.200225181258163,1.0258165374941828,233.52666499992495,Poor
67.07639288749459,87.24363388476544,1.2665335656898005,1.997005228020508,2.689049982273575,7.432244405718366,0.9822685255184029,6.339025862473539,33.9430671313796,1.0773321715509983,6.6407744860611615,0.41179686318769515,216.98003485347004,Poor
85.51814160647136,107.47072670198386,8.783859812891466,15.245109882828947,22.111782213204783,11.644417163100103,0.9926689321503345,10.802694139091669,32.94182441127363,1.4923817614822623,10.957888418058301,0.7992398752609771,208.6858113778715,Poor
73.00187953933332,102.97534110982448,3.1625713037837606,5.964567809729058,7.8482652520183995,10.788748159745676,1.0329917654690297,6.339705240063474,43.98637018098577,1.1077815346263953,5.44283225208273,0.8529241421939164,231.29579538314732,Poor
170.72618658283892,109.24032032304127,2.7672750332667024,2.285344578533733,4.431560602026691,7.415929399348417,0.9957418345338973,7.222123296470251,36.247208654153326,1.5433424677646288,9.857186527782204,1.542895682099454,247.09652273664847,Poor
72.34528705463015,103.37800518120515,3.1772293106648557,6.3896500092808175,8.2776586300646,10.758138792435155,1.013160344394607,6.415150863716169,43.93549827475138,1.1051948275297314,5.405324999181104,0.8796534488594429,231.6406896627025,Poor
173.85348690433443,98.99897271226973,26.431736814891774,24.242970854154848,48.94019687929049,10.291664219188132,1.6321090839844024,14.062997403256615,26.477281943979833,2.2687038189435045,13.223875268618604,2.108551575934563,214.64676307315958,Poor
115.53862191692699,210.8325477237981,11.831466437695239,56.21693845045534,13.024025734830836,30.336713706120612,0.01838087060544294,53.367533786135965,52.260835511132,0.07509843450521522,1.762165559114735,1.360743298730608,233.426678115238,Poor
100.55187253746946,107.94663986797501,20.00251171337801,20.42971195826307,38.82019167291874,10.485936002555322,1.2785920029812095,8.825312000851774,43.23324752428415,1.4939040038329836,8.019680012776613,1.2890560110730636,221.89119902045977,Poor
70.78640816011668,83.61440590274061,1.500175366180767,2.088890678309029,2.9439473901457696,7.9143858055976875,1.114607835043733,6.401057840524775,35.349333911661866,1.0268369397667645,6.380061942507286,0.26755932717201325,220.03611937026244,Poor
155.29375307215668,112.00973387095236,1.916322964714075,1.7651977727009722,3.100382872590151,7.422225038402621,0.7822250384026205,6.00191090634421,33.66810445470397,1.1745134408642013,7.179673195129797,1.1279016897153,231.78003072209637,Poor
89.0389441308829,108.98736222607317,11.51944270798192,20.866063377133763,29.113100597392055,12.541522665208312,0.5829474139201496,13.092072186868556,35.06337121070209,1.2545643727871918,5.938057335741611,0.634277868973257,275.2660910106215,Poor
106.7279569306385,165.7012679167165,10.504451086676657,50.19432376768978,11.740246879166698,27.60041746636746,0.0,18.051881235229708,43.832289451397244,0.06,0.9758468195109828,0.14204257223054723,280.31063808632723,Poor
77.99559919190618,112.10043032311853,7.950431947426301,15.484238377316252,21.850386466808587,10.53285644672524,1.1357112691427025,8.54236764852679,36.097689202245355,1.4766628766151904,8.56139492505322,1.0023822672967706,221.23822672967708,Poor
99.3512900408125,105.7051012078809,21.77276209903195,21.117499944007612,41.259919302458734,10.45620967922556,1.2462096792255608,9.361270090396737,48.661572258237385,1.4734475801936098,8.839818430532153,1.3682459483252205,237.99798256146838,Poor
117.32692516312588,112.78934720263908,4.899384287425395,4.932766980586814,9.310711283954848,9.812160972501026,0.7818628207025377,9.005703442465489,35.272457131469544,1.4044914262939086,8.825097434379698,0.6183885418208119,253.88113784659893,Poor
86.34459997013509,106.45544175854266,8.738705630770767,14.997446035439651,21.76833676737764,11.837348668524912,0.9543562927751948,11.143402967820588,32.690055638237,1.478698675991141,11.234286744978952,0.7691370871805102,207.0438411189369,Poor
107.60319111625834,192.0662116576289,11.449152897412734,56.61803233369736,13.132676257045656,33.26860597515652,0.0,43.466685975408126,49.221111657314395,0.07183093573858602,1.596336347242632,1.0801385118442501,252.33812852282796,Poor
77.1905838175,109.51741086445722,8.8731009855768,15.944068210058328,23.074366903660078,11.019032775518472,1.068008526257291,9.496884895526573,35.967666926772516,1.4762731148298769,9.358691450630268,0.8754622965975372,209.13655741493844,Poor
84.82694312399498,98.79380964587064,2.9851950756752066,0.6881827648632228,2.518182764863223,11.172597537837603,1.1657083351454565,5.935092794546272,45.59667422693882,1.1062320081111576,5.8606467810855385,0.896642986452473,222.58418567607447,Poor
85.06318160381227,98.84782143505964,2.9855315977262284,0.6893605920417991,2.519360592041799,11.172765798863114,1.1583048500229773,5.969754565801515,45.65994037253092,1.104044614779516,5.857449821600831,0.9210408351515518,222.29814193270593,Poor
102.360316032039,164.2764145743865,10.697772896942537,53.26957256432664,12.338112477581547,31.366612733028667,0.0,21.30255167451524,44.59125655836699,0.06,1.0689276911204804,0.30314408078544686,278.52062132460617,Poor
72.690543111455,111.2410168639858,8.948927983864012,16.45735866000254,23.783057695344414,10.581569323861473,1.1321698325003173,8.630707261245714,37.56586673682609,1.4791895378409234,8.40502112601801,0.9337907568184703,210.59476892046177,Poor
184.3579003046954,106.51174103827262,4.101744137019676,3.306698026657517,6.731469643969664,7.412201832019498,1.1933029029666,8.918166431128359,38.84532308240981,1.9310094699721962,12.876516064206529,2.012569165543238,262.7523055181079,Poor
74.4142002092364,112.19827926687401,8.992171886543828,16.61583706181702,24.00533929890723,10.488506711270638,1.1690044741804242,8.542035793443395,36.857061899720925,1.5085067112706363,8.535926545425506,0.9563348247268081,213.21718865438282,Poor
189.25209194834235,105.31339056703233,5.032364707246861,4.108701543269683,8.428021016136933,7.412283925784709,1.271173261659947,10.00602787122404,40.02599150337011,2.118128027280335,14.46738892548954,2.261070273393686,270.0205976532522,Poor
117.11787920711225,110.77593612623518,7.020672496029212,6.43308632412675,12.861091590849613,11.643700010148287,0.8037396441492757,9.49043111321946,37.440234225202126,1.362801728512192,9.12919658356876,0.8069965226790441,241.32172445287785,Poor
76.08942588866121,112.4676712557911,9.004660256890977,16.6247573263507,24.019611722161116,10.504563187431259,1.1797087916208384,8.627670332966707,36.20766664166913,1.5245631874312577,8.75893315876747,0.9599029305402794,214.46602568909782,Poor
73.26933357268486,102.8113213677691,3.1566005637089396,5.791416347559251,7.673357689826586,10.80121646990192,1.0410698255702582,6.308973489678366,44.007092161245446,1.108835194639599,5.458110322274184,0.8420363220574782,231.15530738138682,Poor
77.00270909795287,112.61453575483587,9.011468544926165,16.629620389232976,24.027392622772762,10.513316700619358,1.185544467079571,8.674355736636569,35.853635663839356,1.5333167006193567,8.880509730824398,0.9618481556931903,215.14685449261663,Poor
69.5675927160806,109.40929513089347,8.505404559701645,16.03547271027898,22.92282622452865,10.456493619318504,1.1079234318220357,8.163838446043442,43.53780914438005,1.4151319573923051,7.743778982990838,0.9009106704590417,211.87659517037426,Poor
76.80669607793084,109.66444758129803,8.87956960594543,15.987855794092141,23.134823624797672,10.98171381185329,1.0734819742615176,9.422993347469514,36.10400554069598,1.4765219079209781,9.27733610984017,0.8804381584195613,209.26095396048905,Poor
81.90864588892714,113.15594371508858,7.3141665777165805,12.351515636663496,18.17735510725409,10.752849823887791,1.2228793538976375,8.522257444763788,33.04986622549216,1.6279570925393685,10.15310171843502,1.3917988401476267,216.06809691535437,Poor
74.56609781165591,102.01606345627931,3.127651132241431,4.951882835001499,6.825309638601921,10.861669694437012,1.080236703438064,6.159969063007366,44.10756371751503,1.1139439178397474,5.532186808676339,0.7892461823226096,230.47414428803367,Poor
103.69170119961177,105.70738395782372,13.364370484424175,18.40957232427492,30.07446121792963,10.911850426342273,1.2231886919322315,9.512911240826941,34.362429324576446,1.535967455684752,9.086479616437066,1.2850693627763223,205.26702827016942,Poor
112.82950261657993,109.63364874869539,8.187274552532642,8.902218265511934,16.513320108356737,11.751846602456071,0.6978629986355158,10.494981237659765,35.17960539208599,1.389076698771964,9.007974855927161,0.5721370013644842,247.7624704229901,Poor
117.43518647251912,111.02386604039206,6.767902301552562,6.072754344766418,12.21088060122776,11.612507092532018,0.8376216063876353,9.248417097231176,38.23188896194602,1.349356505401732,9.031315359324608,0.8962728041324994,240.35366838892472,Poor
109.54381640298432,106.93026835103058,3.026584518346584,0.7365845183465842,2.5765845183465843,11.16316903669317,1.0239431193639557,5.508556078028562,51.28690366931685,1.15,6.098483372018543,1.1401389911601822,231.92606651192582,Poor
112.04134658754819,109.52818730139435,8.295260342987168,9.242443626086846,16.94161699673093,11.756895288763037,0.6950581729094242,10.572394427699892,35.16333740287466,1.3865523556184818,8.917378984974402,0.5749418270905758,248.6319663980785,Poor
72.68610745298746,111.9203857565507,8.979289405932814,16.60663528995201,23.990616463923217,10.47194352191362,1.1579623479424117,8.453698783539295,37.52695089149368,1.4919435219136177,8.305882248800248,0.952654115980804,211.9289405932814,Poor
141.51887325859417,112.01274562435425,5.208491036123985,5.163887841724911,9.67778991227304,7.4458327404657,0.8204145916299476,10.040935899434022,35.60459607998746,1.551672595343007,10.96053553662729,1.5542028315923424,251.83274046569932,Poor
78.69771299097873,99.4822955130833,3.0354154683563515,2.277048582334194,4.123347249497826,11.054279463138208,1.2050261310472892,5.685226675363574,44.42767572746913,1.1302207997018203,5.768201595676395,0.6210517364145234,228.30389337309063,Poor
115.8605840185348,202.35229594037804,12.072938013901098,57.51628550337258,12.667567693765044,27.60003584245421,0.10462071925039254,42.84627225145211,54.986014728312405,0.05210114153322866,1.2562251137310305,0.8950481160478803,221.35309930494503,Poor
152.50050881065692,110.93453394137303,5.016767206093637,4.808753128917607,9.136293588376788,7.433602815435206,0.793602815435206,9.233199583598507,34.987926590483895,1.4532689781625474,10.348384098704873,1.6285238791490642,240.8822523481648,Poor
110.30596433474352,107.40038573706083,3.0261861137821517,0.7361861137821518,2.576186113782152,11.162372227564303,1.0430665384567115,5.517719383010507,51.20722275643037,1.15,6.188124399015836,1.205477339727098,231.56750240393666,Poor
91.74814161938929,100.37622041298003,2.995054332791153,0.7226901647690349,2.552690164769035,11.177527166395576,0.9488046785946378,6.950596277488741,47.45021456473673,1.0421468368575066,5.766983838484048,1.6114391273585797,214.2038171275201,Poor
72.92930193870195,111.95949370899254,8.981102357370515,16.607930255264655,23.992688408423447,10.474274459476378,1.1595163063175844,8.466130450540676,37.43267741673321,1.4942744594763766,8.338256381616343,0.9531721021058615,212.1102357370515,Poor
108.31658898109048,106.03930064648333,15.861739790591212,19.82674665598505,34.09491256935223,10.522852245551935,1.321660953143925,8.837617415183978,36.36067361974797,1.5492783683279037,8.204261227759678,1.4490263973917215,207.73997253842464,Poor
73.41745436689106,110.96259524897432,8.93667931721376,16.37444460883161,23.668579772420912,10.652234708382153,1.121805576103951,8.770624722596661,37.30770253204387,1.4787184352774523,8.559071664273091,0.9243687055490464,210.35921763872616,Poor
84.25867519136297,112.78971203498152,3.827113833663833,3.6375136462188125,6.2509371806246525,11.202812880766956,1.240640869428941,7.8944128004333765,30.336098859658104,1.7418107607503235,11.749763450937904,2.235251656957124,211.82451630179264,Poor
78.52718911110134,99.58687154972512,3.0392223048079807,2.3874468394314405,4.234865164374964,11.046329892900982,1.1998757052597908,5.704820686511666,44.41446376566642,1.1295490050338857,5.758460572991344,0.6279936146498472,228.3934659954819,Poor
100.1967707930547,102.26338285468118,3.0235565066263277,0.7309791092768588,2.5696904106021243,11.17,0.914125344338847,5.4261339039757965,51.02280647407018,1.1487113013252654,5.404744523134598,0.5722678079515933,233.96904106021245,Poor
64.33906936348764,102.95686649913549,7.208064963786726,14.459082710714437,19.970766691182625,10.446702377085183,0.990428525022194,7.532303321994293,58.97370252520926,1.2339939760758825,6.637368610625661,0.7638332791925597,214.32440572870428,Poor
91.61885591833418,100.34666150269607,2.9948701651258323,0.7220455779404126,2.5520455779404125,11.177435082562916,0.9528563672316925,6.931627007960712,47.41559104365645,1.043343926682091,5.768733431304595,1.5980869716228312,214.36035964304267,Poor
93.44521074762667,103.07178957025148,3.1093167293128494,1.151545333883669,3.0876468652755524,11.18,0.9059115573798063,7.513050765695942,45.46863828256514,1.1289623230757482,6.690989772131781,2.0198355677749755,210.3215197920966,Poor
151.82378191157542,110.67404232441497,5.767920281448889,5.5461235790369825,10.598630125903249,7.436359340482381,0.7963593404823813,10.016052696996274,35.30768349595622,1.5208038418183405,11.116076324343176,1.7498109812247746,243.087472385905,Poor
63.76983418921768,100.93712393876345,6.543261543316204,14.497986374801439,15.5041949728443,10.606187163821835,0.7673140512640808,6.24724162402533,72.07813122927895,0.9572421019415454,5.038992231568287,0.5692805067746453,221.20384048331,Poor
112.7178577468448,108.88811925837787,3.0249253226623916,0.7349253226623916,2.5749253226623914,11.159850645324783,1.1035845122052015,5.5467175787649925,50.955064532478325,1.15,6.471802400961882,1.4122470833677714,230.43279039615248,Poor
66.04725682624738,107.24035595816477,3.3178288036162766,10.46703530487202,12.396396717700338,10.464533968918953,0.8229375009897434,7.138824724495541,43.44753532862586,1.08038315230301,5.045555708393645,1.136040759535563,234.94891302626533,Poor
75.8689983948889,110.02360463293627,8.895370085374523,16.094812885612154,23.282497336384964,10.89055719976237,1.0868516107015191,9.242503255529492,36.437031030201474,1.4771296186682508,9.078614695481965,0.8925923733650174,209.56480933412544,Poor
138.56823165598522,112.54033168097196,4.722051205758948,4.7387101704472006,8.783545261714758,7.447661461632485,0.826815115713698,9.724567137580069,35.56527857490157,1.5333853836751485,10.593876942686727,1.4426508404184055,253.66146163248516,Poor
109.58256956670607,105.72832284811498,15.18661702187544,19.728437545533126,33.32449015274939,10.528871170681645,1.3286830324619197,8.839623723560548,35.24015039143368,1.5583067560224682,8.234355853408227,1.47510840628713,205.43271790536926,Poor
115.09659277182887,110.3553996187967,3.0236818647298334,0.7336818647298333,2.573681864729833,11.157363729459666,1.163270492968001,5.575317111213834,50.70637294596666,1.15,6.751580435787504,1.616174184307336,229.31367825684998,Poor
127.04386156094043,114.60093333725979,2.82215505126133,3.078086651948343,5.2908790228074825,7.454803928378717,0.8518137493255088,8.488920390481994,35.41171553985759,1.4619607162128319,9.16181236006728,1.006960368898275,260.8039283787168,Poor
166.11144343542813,108.34265096783089,6.075590664796273,5.564754885089986,10.904985321762274,7.429020171092989,0.9866570914191983,10.636426444502561,37.43187348058681,1.811296863295214,13.055965571157984,2.0490778328221477,255.5158517194101,Poor
75.68742543380732,90.3789590577173,2.1979751455169545,1.4198238310631555,2.7346074563449134,9.4495453201373,1.1925972221460126,5.929016813326767,39.72084429397386,1.080198099363061,6.158407894953438,0.3865957601175981,223.31988303772684,Poor
194.0985721729369,90.60620063893296,22.874677674984515,20.02695652345743,41.282719231108814,10.6141082233942,1.5868995068482432,12.815848753620994,27.11085032666871,2.0548067439389297,11.392639477330064,1.7065588164357839,213.66046381454657,Poor
153.76564541314528,111.85626582798834,1.842763581358253,2.3029249651774895,3.465870231049549,7.54837676659235,0.7671623233407651,5.5807518584891085,33.28162323340765,1.1777695449665577,7.160161383819236,1.207587860452751,230.10698063882697,Poor
99.78372690828103,101.42137002886192,19.309653768445624,21.363636128929805,39.13082734124952,10.783678704296998,1.0742270205262372,10.99459940666987,48.878390939712865,1.4393747434253448,9.503302212958882,1.4134176234770077,261.3014977549635,Poor
105.30209641063949,178.61008446755696,11.534242108228383,57.87524005279434,12.858886605073277,31.84871174188592,0.06881001319858346,31.12332300573206,50.59597161344505,0.0508253315735222,1.1036659815219831,0.5850480105588668,248.01726129924273,Poor
121.43203703382257,114.26330564553614,3.02037007996141,0.73037007996141,2.57037007996141,11.15074015992282,1.3222361618523175,5.651488160887569,50.04401599228201,1.15,7.496732008682738,2.1593068863287512,226.33307196526906,Poor
101.48025119439583,145.76501981096192,10.819734269284101,38.941864710160694,17.807285298432596,21.28174035560911,0.2085420212835985,15.473535995769899,40.50759388723685,0.4873402075483576,2.727991428382328,0.27828585630243796,278.9487670037679,Poor
64.04330762536519,104.08176778385338,4.422134320598156,11.577027604568247,14.476905806694624,10.45265243786268,0.8530640296179447,7.131631094656697,53.02856858920396,1.0910213432059817,5.348597609767483,0.9673322897729555,228.01981596954502,Poor
68.58475093711657,83.22551825050276,1.275921686330601,2.2082379424385232,2.9128001908793246,7.4306797189449,1.0573734906448085,6.486106419179416,33.9618433726612,1.0303915683469946,6.5077761103164855,0.2850572345368858,218.38825294959017,Poor
97.46061868148628,162.6779887174029,10.914644746885033,56.71944143656007,13.008808754255565,35.59159766153805,0.0,24.949211669844633,45.442679376659754,0.06,1.1733474707224234,0.4838706224041944,276.5125486399534,Poor
135.18138772704867,108.8997198212097,6.379763263251875,11.488199349733833,16.262660713174334,8.815219404694636,0.6631385756381775,7.517015665993208,32.40082539880119,1.6436794066814773,11.99612290964497,2.556296677813641,231.81602966592612,Poor
77.89924693240464,112.75870744067423,9.018152000561056,16.63439428611504,24.035030857784065,10.521909715007075,1.1912731433380488,8.72018514670439,35.50609597082504,1.5419097150070733,8.999857152876018,0.9637577144460162,215.81520005610568,Poor
120.84910189732389,115.70858016896315,1.8008931544395144,2.1854423248390495,3.413446438048581,7.458643258817896,0.8652514058626379,7.824716224503895,35.32916993541522,1.4235674118210344,8.392026607011738,0.7727612121083096,264.64325881789654,Poor
85.40552847993331,98.92609304989928,2.9860192713389364,0.6910674496862772,2.521067449686277,11.173009635669468,1.1475760305434008,6.019984947910442,45.75162301172003,1.1008747362969138,5.8528169222801045,0.9563971720728836,221.88361936190412,Poor
101.99402920305052,172.66491020245508,11.328948330966304,57.775096746812835,12.975720462051697,33.602888651661914,0.04377418670320776,29.215593026784433,48.80006832617677,0.05416344177290563,1.1387161386155091,0.5650193493625663,258.1984974073622,Poor
77.48240371566492,111.85823341102594,7.560423700046534,19.59144499421798,4.361298263400004,11.363322904545916,0.11724801124845595,2.36214105546136,83.64165890579217,0.26128904733658226,1.2074265133585462,0.11041036088126303,244.91213135446807,Poor
87.04632673912512,99.30123282283417,2.9883565907964744,0.6992480677876609,2.5292480677876608,11.174178295398237,1.0961550024775604,6.260728852036877,46.191039069737215,1.0856821598229154,5.830612387433492,1.1258528327444037,219.89689782299664,Poor
76.77697556878412,109.67583113340802,8.880070405192232,15.991245819762797,23.139504171604315,10.978824585429436,1.0739057274703494,9.417272679150281,36.1145608478978,1.4765411694304704,9.27103759623617,0.8808233886094086,209.2705847152352,Poor
103.78516931676322,164.74124376071455,10.634705620405562,52.26633570237737,12.143071085328312,30.13796875308614,0.0,20.24208709867131,44.34365910233295,0.06,1.0385619653804559,0.25058801700463534,279.1045775888374,Poor
121.26495489316663,114.16024400101234,3.020457420338125,0.7304574203381251,2.570457420338125,11.15091484067625,1.3180438237699938,5.649479332223122,50.061484067625024,1.15,7.477080423921846,2.1449830645474792,226.4116783043126,Poor
68.0016148113089,84.77893481800697,1.2722922083691426,2.1265746883057077,2.826297632797898,7.431284631938476,1.0283376669531408,6.429244597783233,33.954584416738285,1.0485389581542872,6.559193714770481,0.3340551870165752,217.84383125537138,Poor
96.53343457603575,162.37551390267396,10.955684043355795,57.37227024523384,13.135726578526253,36.39110395574622,0.0,25.63927984013076,45.603796614656076,0.06,1.1931071319861233,0.5180700361298286,276.132555154113,Poor
87.58425322119339,105.80564289974,8.90762561893586,14.991564844758681,21.91195054302741,11.915495333058539,0.9424488578857235,11.281572195319942,32.60780536178577,1.4728009930242878,11.311342801255641,0.7727191656414453,205.96887785528568,Poor
98.76217256992415,106.5444047841946,21.777482591587145,21.000431728638773,41.150403875178206,10.459986073269718,1.249986073269717,9.213046624163608,47.98748592135552,1.4725034816825708,8.593408719150966,1.3276497123505424,235.26009687945518,Poor
97.79705212959371,162.78774323571992,10.89975343032946,56.48255919727787,12.962755978981845,35.301492753825755,0.0,24.69881693961386,45.38421717092306,0.06,1.1661775775660357,0.47146119194121566,276.65043120065314,Poor
84.7872314826419,112.15185385384345,12.122144251904961,17.62661668844675,28.12117830839242,10.530661055674322,1.2220868402035487,8.85791315979645,37.22974639215966,1.5458263195929023,9.039481634097083,1.0304342010177443,220.41736804070976,Poor
107.91162320338009,164.7767519657886,10.458029084763034,48.285915310288296,11.962891001171124,25.799882309626664,0.014998019039868922,16.70460276413985,43.32191405101043,0.09073364557350189,1.0685895730795318,0.09426041154610489,280.8524785012472,Poor
109.31226449240951,105.67309729721406,14.919515447790868,19.602258304053784,32.922703095717765,10.561636678686465,1.321150579388401,8.895751349853073,34.97469112117751,1.5580088803623904,8.310131658346922,1.463849807383832,205.022123551529,Poor
149.5651978506904,111.11972525489156,2.9215788913647156,4.597032220793642,6.596167666710871,7.808332262979449,0.7411667737020551,6.007512131724596,33.02166773702055,1.2947495183407522,8.375453329428925,1.5671929637882385,230.32361021914954,Poor
95.61624081319138,103.1782514218899,16.53950124641545,20.718084361259056,35.83769617199241,11.186808078201095,0.9080723461468461,11.683732728276196,43.79296836485511,1.3930693423687932,8.310257173972436,1.143756758500619,266.204422572716,Poor
92.79384164103604,120.08718752495703,11.308264456300885,26.321501545560487,25.70090463601955,15.179398370417024,0.46994852486275385,13.810819218905763,36.70648620404488,1.0230092722597415,4.969230795134759,0.5268363023285201,276.37755549315324,Poor
26.249208032851524,68.53506454117034,11.280607695699638,31.422670243355537,24.366077264751404,11.844512034578853,0.5077163881565008,5.262357197321026,20.751418059217496,1.6976979917871189,7.487200982058792,0.7402762532957465,67.0,Satisfactory
28.316849876493283,62.9217760498071,4.463998278941078,15.3755868059066,11.255330316296396,8.402151095490227,0.4135359413595849,5.444997306957567,29.045084598855926,0.9623202932020756,5.622735208354396,0.7785095371025657,65.32320293202075,Satisfactory
40.77529526641344,96.34513138450937,7.871896008336982,32.80925684821159,23.446029945120525,14.045874536297783,0.5658660632164595,7.398717153872657,26.042842617574873,2.7463238166033586,20.63910991247017,4.4014778304955,86.48120937825664,Satisfactory
39.97739995178556,102.686494264117,3.7938942159025584,34.20714019939543,20.925064363814716,16.377591837868597,0.5284226542453249,7.317079338073081,31.6986636888125,1.3524830334232283,11.470067866307085,0.7763585315028301,94.18792416441929,Satisfactory
34.81091781293071,66.62452287194684,3.8063451105192656,20.68638899107765,13.741821494834145,16.03731572886769,0.3909088880713788,4.9900066936444984,33.8345377467124,0.5645399779272282,2.3399799190665034,0.0927259204758588,75.27274079524142,Satisfactory
13.213752927902647,34.14566314860379,10.247495108713006,37.9828217917279,11.54179282981325,9.61034721268118,0.10028217917279039,4.345980049044698,26.444395546840155,0.04169307503674236,0.7005643583455807,2.771569346084406,52.0,Satisfactory
46.90792823210847,103.0137552705058,4.90319834904327,42.20261200176114,26.230818694600863,15.000864808013393,0.7411265811517367,5.796788912730033,46.10975096508836,1.550097066319319,5.938413563705062,1.7970928499146879,97.92489458988422,Satisfactory
24.81828899600765,53.93199617132441,5.835677272413639,22.40895669673231,15.947316984572973,10.453609809256216,0.3575534688747609,5.118788038838752,25.817624760707776,0.9297148326679417,6.823182058258128,0.29503564591650727,61.00712918330146,Satisfactory
14.223797061868508,32.671430776935956,7.683761827651574,11.465247634469685,6.138128984006822,7.823651767887269,0.18502751494107614,4.6094299055132595,28.19806287268645,0.3154677539982945,2.550385209175066,0.4446423057660101,71.49724850589239,Satisfactory
28.817106799608784,76.6077013746623,6.81200509276447,21.617686354848196,18.422386456319376,18.491691318373014,0.5038067718403106,5.558667515460745,28.98961112653804,0.4454830703992233,2.2831694252474213,0.059026349294503094,85.30087830981677,Satisfactory
30.74252096541385,80.80033219552224,10.104010547421742,27.02589349034546,21.15019668045791,13.630733984722927,0.48145478516867596,5.2532153973052385,22.04886422607639,2.597042448546249,11.214390724060385,0.9446701824739143,81.1454785168676,Satisfactory
17.922821080055414,38.81819202530149,2.2251236484153583,13.772663134743368,8.951556526322735,16.600153793766985,0.2944264336825439,4.357503113658795,25.97487635158464,0.4074179136851827,3.1545885305396486,0.44004052421427614,59.7786783158728,Satisfactory
40.862620474410164,98.99250209801092,10.204611964274381,54.82421237064363,16.089557855690355,15.175987426171748,0.1465738600387938,7.997523815147242,27.035902324813964,0.09171306998060309,2.650114695457593,5.464618442563923,94.53390067571856,Satisfactory
39.12350227707346,94.88315147397209,6.310974221800361,30.103214827874634,20.719902612508818,14.198358552474048,0.49545543394890645,4.593794439547013,27.29289334508717,1.0005358046457724,5.691660994401894,0.5396249367479594,88.98392586062683,Satisfactory
19.87753508161255,56.066527709987525,7.8458928015999865,12.901939029174965,6.935082263837488,4.909704249750002,0.1789704249750002,4.97205915005,32.378597961737505,0.41051478751249987,2.1279408499500003,0.8780942759249921,62.94852124875001,Satisfactory
31.978226264511587,88.1369288877167,3.5938553527648294,27.60708040594212,17.2384363643741,10.990466668019183,0.48328121214580333,5.55377595964924,40.113099191767546,1.2289848481774586,10.065547272469065,1.7011971722007984,89.88541414305355,Satisfactory
26.849516790170703,79.37962476291088,8.331633545786026,16.377127776924375,7.480998277980349,5.6200907525436685,0.17183468228066695,4.951834682280667,29.174172205797937,0.39293352850833657,2.390726020349345,1.2169659032443427,85.09173411403334,Satisfactory
25.202135394320745,52.25284033077442,7.497029556932615,24.395907096105613,17.791444440292047,11.257337553972679,0.49208762186660554,5.455845341226495,29.32243018629136,0.7904175243733211,2.9074536838406604,0.15655027768017427,53.520876218666054,Satisfactory
31.690210255817554,69.48693692325475,4.174639539759557,21.996538949876683,13.163265617313863,11.164842384073062,0.5415915897672978,3.7681231281399308,19.644159128602237,0.4302852820927712,4.448881409885971,2.021373922445695,71.13063076745266,Satisfactory
17.68885968136685,48.39506571692459,7.907765201921973,15.862534379391208,7.433925398291441,4.4905074842498065,0.18447263801387814,5.8338795591031625,33.178355238974866,0.252152245274942,1.7490736680191201,0.7874686624666152,60.021094479444876,Satisfactory
34.03505757409272,68.75172194550673,5.550430486376682,18.307461763862488,13.434591854684607,11.998753222992534,0.4111479636711519,4.357560577198803,34.55095978608968,1.079713009082212,4.2206727951718905,0.21842154995216606,73.9426018164424,Satisfactory
47.389370482202956,86.387632999831,3.0957469807847753,31.234469763744578,16.578755619714897,47.99648867236386,0.607579447284885,7.018951648453231,42.05015713150121,1.001784974436035,4.689168392982585,1.1944015558894852,95.45233162906901,Satisfactory
32.18423620388314,80.32314410119722,4.842608959249306,11.902291562075298,15.362442208909544,10.480164066422176,0.7114739138820012,9.290169434257347,28.335580942271584,0.92819526935606,5.881473913882001,0.7642576752238275,94.63932226297061,Satisfactory
12.155112630744636,33.85712005402838,7.3725035654086515,10.495186773160212,5.69034502305121,5.298531503744979,0.1509295692262974,4.586461365437718,32.352204161503806,0.06854576537958458,0.9283062422557072,0.12424294229930763,55.28485884598615,Satisfactory
36.167801936650946,80.66662070864714,3.340714568628144,29.798145961665025,18.192898712544874,15.301936234664243,0.462376375439924,4.564738831447524,25.55707344859048,0.9743543684011401,4.0779258912771885,0.514752750879848,93.8612621040684,Satisfactory
20.12628513929016,61.628795379109434,1.7178421144997307,9.87966672516496,5.6033597060816716,7.578505863860647,0.3008713460555256,4.825413793234636,25.56732312276321,0.2691286539444744,1.1139005776113207,0.05,57.81535095416442,Satisfactory
49.702331565417744,99.40636385649975,4.472159518212248,41.485929879788536,25.45592987978853,15.980634698450958,0.7652886746912299,5.65471132530877,42.84627132625065,1.6205773493824598,6.410940963732486,4.178168914957185,98.63221686728075,Satisfactory
44.07775823979915,94.16532426842011,6.632520109940825,27.424707766776258,19.20813056101381,19.948076457648394,0.5174919912009085,5.109755819570806,32.75237986801363,1.5631985478629922,6.018564818506783,0.4224759736027256,93.8384708470321,Satisfactory
40.901659319863086,86.60011782645653,3.569923921096772,34.391489996381665,20.99181889387293,13.620900864098985,0.6150294566141342,5.496917013186903,44.54909913590102,1.0808002033174084,3.387994616970694,1.1942120876217663,92.7329405784782,Satisfactory
42.216687264958146,83.05979185254647,9.130918432172683,37.4093859755641,26.683464938910248,14.631346429658329,0.6042929620889711,6.656754911121873,22.16759984584153,2.423577468407476,21.9312339001611,2.693628203030273,89.10647847517765,Satisfactory
34.879301478181496,60.86751200143938,5.421533294225028,27.523253695453754,16.351737670107074,9.14945499764788,0.559097102299456,3.646047782727748,24.70424198732666,0.6554173862032645,5.561601419519043,1.330766647112514,67.27086931016322,Satisfactory
26.083190042854568,77.85923704311018,4.569631308292232,34.230085455010226,8.79341209982357,27.050952319133685,0.09164697504410763,7.281958696745057,53.56127116208549,0.04329395008821524,0.5808199268966276,0.11,93.98818502646458,Satisfactory
32.4998318526271,72.25548082338983,5.9331540629096375,26.68674496189257,16.987054387768314,10.949495557881319,0.5418829902542396,3.8615063922033914,20.429925893672248,0.7675722643220184,3.874794799463229,0.5524546045480215,85.0,Satisfactory
40.40810816868837,97.1933437261924,4.329712569535586,30.645059244239732,19.554162935359507,13.495235557504035,0.42746074041599413,7.253776291343911,24.203331822543475,1.6031022168639038,18.036093316527698,11.045653380096839,81.93259255199928,Satisfactory
32.27302786465936,72.15467905095971,6.523964451319449,25.127117538460034,16.177840159093268,10.269083593978076,0.5838837287667854,3.895106983013428,19.164303639827533,0.49036739013921626,3.015179684573125,0.5328542599088335,85.0,Satisfactory
15.544571290898812,35.21675213763991,4.2467947676229505,18.64050864031939,12.503208784875637,16.758139511153193,0.4804589053391747,7.35,21.37957661964669,0.20500177624929342,1.6436534802204636,0.28091781067834937,51.409107056811756,Satisfactory
21.109268499604763,70.65690234493319,6.712186345987148,19.94496118065765,14.34803841486839,20.284621984144867,0.31032693085526847,9.8028524733552,16.898884350920873,0.6577564361842282,4.578827133092249,0.5293461382894631,55.28974255263087,Satisfactory
35.015024289397196,95.80101987817065,2.2981753388179356,25.781303055954808,15.391919266468637,12.6469668881497,0.5406635131571143,4.912014509830763,45.427464523017534,1.098507095396493,6.923459473715431,1.5647391973863725,95.04976348678356,Satisfactory
48.00608837524693,82.13932547801713,3.597097666008173,19.862218596591166,12.957339527174158,11.208265125740805,0.5987906941700719,6.655362791748979,34.533111564478304,1.7858883601782445,7.425130146000775,0.31584651408094966,87.51209305829929,Satisfactory
22.29119662015835,68.69448715464905,4.466923155820659,18.546367720559566,12.870812114353711,22.362777632158163,0.32961538023218556,9.615854590300682,12.884658312031855,0.6907692395356289,3.7555128453509488,0.623803436823237,63.86752112401031,Satisfactory
34.43448519379858,79.33038479611513,6.941289632575433,12.459355183712283,17.910644816287714,10.518065551136852,0.8496758093426771,8.817748490533386,27.88517279040945,1.1951620953286615,5.671282502521574,0.9925721350970071,94.1289632575433,Satisfactory
31.980611135467154,65.69442583662043,2.968360614381098,30.845275863925856,18.786304114077605,13.394828414745291,0.6777943499696506,5.413144158070682,50.05126714199002,1.338867471177105,9.375917333888985,0.8390311574636936,78.87183214502495,Satisfactory
38.17900401659887,64.60952874168538,4.825085947571923,23.63548940353435,11.388780075059195,18.652881016659585,0.3490937738102466,6.11956503212486,34.5109897844983,0.18964381190664117,0.8860346631039838,0.02309062261897534,77.85437357138521,Satisfactory
43.61609655375288,80.66320412077803,9.37960596858883,19.780663232684972,11.20645072808544,8.985063729794064,0.34149001774218274,5.786898898672774,33.17778621665141,1.1048576908924514,5.937898259298247,0.9939278863844356,84.32041207780323,Satisfactory
16.08639376553441,41.091035687723036,3.4668198083348165,23.386343692228348,14.982654002252653,12.314215879388223,0.25936729988736734,5.592267705744265,22.374988472405,0.641651696733653,2.9237795095737757,0.6565900958325919,59.56943010136939,Satisfactory
16.90638358709986,49.56699497340496,6.412800684833304,16.9931239527927,8.659983244683206,5.217368507314742,0.21,5.480611386305105,28.5924941721907,0.3468760472072997,3.8654673271322504,2.4107135571859715,59.86247905585401,Satisfactory
29.772157109245683,81.40958080625394,4.7752218004456175,10.645010190085891,13.899141232336081,9.719047630728802,0.7779120852164302,8.395311375079512,23.710549528723526,1.1099308055378863,4.992458294239305,0.5517867297899482,94.31786729789948,Satisfactory
8.913045952366513,29.2053247629944,7.236244546244387,14.040501554578986,6.6727686899530285,4.668936915441734,0.1422694704248118,10.411925227458724,37.52666510996615,0.010212616911653016,0.34262305359397704,0.11134735212405891,69.09221183007529,Satisfactory
32.87830144967512,72.63253923182972,4.443520213708922,30.40147119263349,18.887495703171208,12.676059445538652,0.4505428934410012,3.8199123823123617,23.73947429387417,1.4000876176876382,5.955481617096714,0.5962346809139282,85.0,Satisfactory
19.335819592038476,55.74698534225618,4.683014657743816,24.11733935338098,16.03584216721715,17.0651138595514,0.34415783278284684,8.186798193985705,14.564904136102243,0.5694385551885646,3.457089059099504,0.6473596387971412,53.87733935338098,Satisfactory
23.819301380808376,77.47989800549901,5.981944086059939,25.58010199450099,17.5654513040968,19.802071274127037,0.38,8.43923748171569,16.83138494665933,0.34448540692878893,3.0454513040967996,0.25543840225460757,69.77382488314547,Satisfactory
18.06899068396843,41.87852485682098,5.318388194065292,16.01202179420178,12.605781972018622,13.005982450637598,0.5489976069051269,7.830777983527168,11.627754850276727,0.34719329933435517,2.1297596364664733,0.36339218255674777,76.08019144758985,Satisfactory
30.345555599597567,69.89033332012073,7.119433236881325,24.625338802786754,17.540116523309916,9.934483373631775,0.5953777760160972,3.6202111159557324,20.545077748269627,0.5244111080281703,3.60847224974848,0.5893167135714104,67.09666679879271,Satisfactory
35.3228919257707,94.06910604523064,3.452080324639785,35.56006385391209,21.531040162319893,13.609936146087902,0.5755839350720431,6.951135943188038,52.126975293908465,0.9100319269560484,4.9465921704358875,1.1731843408717741,91.77919675360215,Satisfactory
40.36024358992313,104.2567014837611,3.9408366014902465,32.9862476108338,20.285280542542864,13.459001005227668,0.4852559074630389,6.359431623512704,29.55971581175635,1.2675873554109982,9.563932126126538,1.4290575667888863,95.11860231342402,Satisfactory
39.53704925016013,82.77854391571964,5.460788981089095,8.472452527986695,12.593567417439772,10.307255568727014,0.765162954181991,5.569485347633167,40.24922859347493,0.7327444312729864,3.4633446683592304,1.0789191156246143,99.51629541819909,Satisfactory
18.308992698557297,78.31093300104095,13.389418767338878,45.28324939524651,15.23523637105142,16.1298954561675,0.1307581035324834,10.451037544873452,36.94654941054006,0.10006838031307333,0.8685140363657853,0.17451640440125604,81.7206916965823,Satisfactory
34.39038513961293,86.85610206113466,8.22184225402441,23.014197224080068,21.765394364938977,22.116679770554054,0.6463596243292652,5.658607878976663,18.486468750095494,0.4523132480355412,2.9790604223357002,0.46316938165960275,93.71948969432671,Satisfactory
38.9901597051017,85.27979848918196,9.88846822402293,32.15550753592691,23.691448164544404,17.381337782922657,0.4989205691389672,5.680250834297999,27.648593641171928,0.25559866512320284,1.728160548481346,0.1346446514111691,83.40250834297998,Satisfactory
43.31692400310538,82.45930437181981,8.395693923600714,35.63049796533598,24.846979131154594,13.689154220573922,0.6993518834181386,5.253738548245287,24.06954613710339,1.2374075336725543,6.497176793998811,0.6798608743639608,76.89930437181981,Satisfactory
20.9267584525213,55.953561191641946,5.71389754568581,22.948434379698117,16.526890902695907,17.332794886559903,0.5311686794014938,7.649889693125066,18.691168679401493,0.6884619564168508,4.063048510447565,0.6016813605958767,53.0,Satisfactory
26.8577827449035,68.35571341485459,11.138411021201417,30.471894988923637,23.76904132950531,14.112719958412574,0.5169841914922533,5.071108627548251,20.43967976583311,2.8428678834601606,8.196834234438692,0.7684130532073927,68.39683829845065,Satisfactory
48.51519972109884,101.40581938887075,13.943976176130016,38.125915512395416,30.429589749926983,16.838470913807615,0.5964426592677856,7.043702216056488,16.004096675554486,4.037694182761523,37.40522769962375,17.461062879069523,94.19235456903809,Satisfactory
10.287491255808062,19.67615131608761,7.496265406253588,13.960346019087732,6.497583277658805,3.808774150445526,0.05897110259952577,12.25791097702109,34.21971102599525,0.2074912558080619,1.7812828946374641,0.8389711025995258,56.411558960189694,Satisfactory
40.34875997807153,102.43039682806963,5.899837778183861,35.06731281563753,22.684704432668045,13.427216561303121,0.4469370363602324,6.203543212132558,29.748403449661115,2.8738676557648377,18.86691136853772,1.6590587538813,83.54834569706047,Satisfactory
55.67332768556368,94.88471574235241,11.90943360261844,64.80174871173413,13.29320534933492,37.21062227071188,0.3520124454142376,38.28088176856475,41.76150403927662,0.0589937772928812,1.1042780349404715,0.40056639738155847,96.8804978165695,Satisfactory
31.99345816969619,79.87822082353904,4.452609493846286,32.719102718613186,9.06323297492326,23.616839933382103,0.10284063292308576,6.4122171518461135,51.07475968169091,0.046420316461542876,0.5356812658461716,0.12926094938462865,87.86374683076569,Satisfactory
38.071772086934004,70.87851079229891,7.990193591598811,24.031868882733413,16.748346963244803,10.272040219952823,0.5767311971996039,4.619128837805347,14.517862984247772,0.6786075880983167,5.499441479582968,1.7272151761966332,77.41102024503466,Satisfactory
10.749118022444366,37.045256039946494,7.836095250901134,13.243664606712882,6.708001388242735,3.4385010411820516,0.16484886142283842,12.478691475753367,30.56496618974584,0.1339420299598689,0.8532450012355599,0.2704071785236534,58.32325742818923,Satisfactory
25.72086270671638,60.44014219106361,2.8776819214759572,28.090149361314662,17.10275660213329,12.933481897953433,0.5389855418852708,3.2107229057364606,38.41708447621731,1.0766674633612283,7.220737246238569,0.580725295820145,69.10144581147291,Satisfactory
49.541955316873135,89.93275324673627,4.914491983209334,36.81485522895421,23.32286647787156,15.657644956536238,0.7867071965625548,8.735196445678184,48.27614256420424,2.5350999316476575,6.3115122742024905,1.8226065813914718,95.75499658238287,Satisfactory
22.503770791162818,63.81166264382333,5.779448176903003,19.976094840329104,14.55625399509931,20.911998565093533,0.26,7.711379557742495,13.87912986736259,0.6615634987748271,4.437332855031178,0.8505518230969977,52.073576412933036,Satisfactory
57.64551504000311,114.82906448905868,5.770827958898389,26.221827309749486,17.795475437759443,15.224206016001245,0.646088292571962,10.559024886815006,27.85260268342617,0.6018822765707175,6.074702445682285,0.3734702445682284,95.08675611420571,Satisfactory
14.07331187525454,50.43348246359968,4.759608945110964,12.661021881830337,5.3910331490123395,4.583976503741847,0.15663501769108057,5.75994689294562,28.91275346087599,0.02990505307324167,0.7487656899521418,0.4116559376272696,58.31750884554028,Satisfactory
43.96793149443049,80.59672516270803,9.644562169269033,37.89929812206897,26.825755013376614,9.823080822338758,0.5196456891307647,3.9261751322923866,24.152429560246183,2.140253079192311,15.358959003407806,2.305039647830706,74.0253079192311,Satisfactory
16.568630396492352,37.409737456031,9.489692969558028,15.305519253051603,9.096371790942078,6.035571761845402,0.20713535588660012,4.439349474963899,26.819551487818277,0.4676363768621256,2.0072323511533763,0.43572928822679974,54.678383897165006,Satisfactory
29.29455835828029,72.07412105601117,2.470291534846082,18.480284131391524,11.498265597832619,13.273906106603883,0.4490253242126683,7.035103135253054,35.40885734642596,0.6537912284456853,4.282716481409269,0.8533922188959613,90.09746757873317,Satisfactory
36.3256075058522,73.35557834447818,10.875941483114865,29.435297991515466,22.9104289943996,14.983617291022572,0.48,4.880381485831132,25.001734324792842,0.2007568559307808,1.4436234067540545,0.006918951976926933,68.69189519769269,Satisfactory
35.2119133185735,86.56279467361804,3.2461263913092013,30.505193217794346,18.673232927677052,13.943235835832965,0.621323486644766,7.269265375898667,32.11774333984037,1.303480387404974,10.298335110539727,2.392157870145513,84.5637288165182,Satisfactory
10.896378920725393,26.42291024042504,8.270552713554352,18.412630485941985,8.571213465473027,19.198716061360813,0.0844853861892112,2.90426930946056,36.44128966496015,0.09522233759501271,1.1536210792746056,0.20680427877094149,67.22426930946055,Satisfactory
32.20250672659643,70.54150714129428,7.441300184165323,31.851627689414215,21.955396314086602,13.575685533246125,0.5610704676290811,5.26845457261635,25.82170426159297,1.1123975581801335,6.273358857392916,0.2937629348205596,85.0,Satisfactory
46.79739050996672,118.34997696162311,7.818216468353849,39.0923592600961,10.97371829336025,21.051329379497826,0.16,11.080187499223698,39.1993122718742,0.12135241787471202,1.3429911038701041,0.566916742622344,93.186245437484,Satisfactory
12.273406636883946,37.932387329913574,8.115559577422975,11.775474208270106,6.379683861153263,7.078958974945566,0.16674600301840733,6.056028356172064,33.709367722306524,0.0876980392392952,1.0108702867486956,0.32190407244177577,63.674600301840734,Satisfactory
23.605183822791528,60.24553367310698,3.774219211492168,31.003613348142064,19.348560971512022,14.262245500724465,0.6570438826653431,4.973517492515773,39.79283356880698,0.7216841255433484,3.157859252535626,0.7001314461614819,80.0140343795279,Satisfactory
31.908161566930758,70.4081703518467,11.489488986971416,28.96278118232522,22.753289267048487,16.168986758858782,0.42649632899047213,4.899127742629263,24.115979459351255,0.16649632899047215,0.7524816449523607,0.02,72.94889869714164,Satisfactory
38.38421266188284,76.36272881188171,6.274700112809003,21.104234159105513,15.290265222685742,16.09789245972295,0.4903990433642431,4.9493787283953425,29.74071209783783,1.187139786111048,4.612838716666288,0.2526164884258733,74.0,Satisfactory
45.299234849853654,93.83024072590047,8.148921268908673,14.381285211110434,21.316346483406,10.52891354707604,0.9880987073830722,5.682708410477265,26.804280678483952,0.9165761289230034,5.127777404605464,0.7803290246102403,99.65761289230035,Satisfactory
29.52534837322771,69.79898277305067,7.8184759597382945,27.659684263610007,23.70881067254394,28.082128192197562,0.8029507418999359,5.003550149731879,30.730004744103912,0.3286338279332906,2.019344806700449,0.3584154301667736,93.29507418999358,Satisfactory
34.04907858524268,93.34756620431128,2.7774217585412164,28.341553937974506,17.130400521641132,12.163186690380964,0.5846837383914046,6.8575421300162684,51.682578241458785,0.78116874925434,4.072753353070777,0.7246355898013839,92.90632523217191,Satisfactory
40.4747834018156,71.4307509976093,5.510448738336538,19.50286693269581,14.148339044072557,11.006643823709773,0.49,6.162726694454568,36.12402616338377,1.5658273575524533,5.337750067494775,0.22381115544930197,68.73543160611887,Satisfactory
22.53432378829076,66.95623544990474,4.039003455433203,17.40783810585462,12.166739881615914,23.35028677018762,0.37121618941453804,10.41907058077308,13.796028123912551,0.5757433370491168,3.4676184610068788,0.45778726601866515,65.0,Satisfactory
29.71276168050261,77.3378720254019,10.421370978018171,27.66532486761183,21.43920724963464,16.219519171470328,0.3919590679041175,5.48820983878987,29.52915546653006,0.8158414499269283,4.443053877872027,0.0973196893013725,71.51202071324184,Satisfactory
28.788594906704002,59.184131848337564,7.690637125713785,12.448213770184289,11.801065672551497,10.081293851228757,0.4010795778099022,6.715612162468367,28.247854749638602,1.0335086278821821,5.4151697103722505,0.20919031664257337,66.0,Satisfactory
16.59945279751326,39.40744947781998,4.215850335566859,26.4600082992332,17.16627111147341,13.227533439193067,0.3039309772466676,6.927037001146625,23.759469395979654,0.4428956359466817,4.293653226386699,0.34358586348000564,59.21380455066648,Satisfactory
40.35535013238421,60.83295828760219,8.050625605347411,17.21034335249319,8.660911732425072,9.347959256158045,0.020511154516348468,5.358977690967303,35.045616888344675,0.13079534448228866,2.0505683799318803,0.32596605217302477,70.21590688964578,Satisfactory
40.03084748688854,107.53493265336449,8.213815779933904,13.163702839229561,14.209781645668457,6.959101480900958,0.5869589221774545,7.763499539052309,31.86955994213072,0.781797038198084,5.076395047320493,2.348694051881697,93.10658412200821,Satisfactory
16.084905670016678,66.08287730168745,5.517877411162555,11.670754712849996,5.3154481312812685,4.3852830629333805,0.1479481130354165,3.7581840292229876,30.972688641720794,0.01,0.3884669826812516,0.08103773929167032,71.61556608937505,Satisfactory
12.371914601066925,38.00416660710621,7.55444621044791,11.39683548827377,6.064129759275287,6.204899933407114,0.15492088720684424,5.8267827464116655,33.4200527418621,0.06465717789632502,0.746993713860081,0.19894516275792318,63.49736290689481,Satisfactory
11.919541878118956,26.462901505484922,7.239238446149456,16.6560874408072,8.291134845780096,7.6373370565216705,0.20153807769252718,3.607675418471196,49.03465415305475,0.058845194231317954,1.0826878934640625,0.19615231077010872,73.73071165387908,Satisfactory
58.49653184887395,110.16544793658858,4.90106066800672,27.149797773310933,16.285114258485894,12.46175126849074,0.654775530814566,7.05553185700539,26.624079880761897,1.0926673399424867,8.552900906482927,2.5130505526065487,96.98503538763772,Satisfactory
42.881356929911604,88.6911687042987,3.872914106694265,9.942893557942478,12.284618411586255,10.30804757012202,0.681476728657785,4.755718689018241,41.78570841464235,0.6997621493899022,3.484856262196352,0.7258572896339414,93.56194390238436,Satisfactory
37.85340387244414,71.12775478847385,11.723960155731067,28.859800778655334,23.177596947876253,15.573595411398117,0.46612260576307524,4.249428351931695,24.33142527897542,0.17722452115261506,0.9867356345784517,0.005550957694769893,69.66528730843096,Satisfactory
16.430112597427637,32.61478701866406,10.356162614834396,43.4003219727303,19.48544631853744,22.373547516680365,0.21473048738032297,8.945317901557189,26.53485076201435,0.08561544724881712,1.2898471559810738,2.6353902523935404,70.0,Satisfactory
26.555469916345785,79.02373875625403,4.277993815159276,35.9267780168377,8.868571025336701,27.18586675614717,0.09145895798588723,6.42234070579435,53.12215798321573,0.03975684033568546,0.5124315966431454,0.11194527731451631,92.82978823497983,Satisfactory
38.81574078984475,91.45464242556375,9.143411030072137,31.77793873416497,23.20495240201349,16.582659261720245,0.5025433244911399,4.841194776012232,28.243102269380586,0.519074933683549,3.0308274388270284,0.1989016357189895,84.70905540818566,Satisfactory
27.51093064160738,64.14809001889984,4.811527223564907,16.553429591512813,11.9740037278157,12.333512154781243,0.39239774755849344,10.68234143652083,17.74466042738702,0.3106266407644229,3.6653133203822117,0.40291557282371804,64.6457786411859,Satisfactory
37.36050295178357,89.50456732687401,10.084641272591762,32.33606139308116,24.039633878019988,17.079297334327077,0.4611908283129417,5.138106506014134,28.429511837359982,0.19761834337411657,1.3934504442788205,0.05,84.0,Satisfactory
37.0368785996331,89.57156787994059,10.088617857310078,32.18571430801035,23.96956429786564,17.00314286160207,0.45677500039018115,5.0774250027312675,28.47322499960982,0.1944714292403105,1.3548500054625356,0.11449999219637763,83.81571430801034,Satisfactory
37.299783726826455,88.97478548301079,4.222797814659711,35.48190524877275,22.038959843921436,17.259148643902204,0.6191486439022045,7.189663609827631,45.17959492684568,0.7906488195206385,5.443000351236868,1.0145142634516913,89.34054243911821,Satisfactory
9.580876157283543,17.378266578751006,7.032539675063862,10.48740317400511,5.308177781964238,3.2351936519897824,0.04370158700255444,4.321879368966792,35.917536369185264,0.023701587002554442,0.5537015870025545,0.15447619496168333,53.370158700255445,Satisfactory
33.24840753760335,87.316969641372,3.1047773871899516,28.811742719620167,17.7044497819836,11.916955477437991,0.49922716917355664,5.601283330066073,39.97120389251254,1.020463698495866,9.824154813587025,2.0088244353554514,90.96908676694227,Satisfactory
25.23511511471226,83.17969921085874,16.48169022703203,78.43678751974608,16.994761102335076,28.27502673299732,0.20501770061885924,13.195867330324102,15.188318562587725,0.08928318562587725,1.7548760956679854,2.583477868157458,92.4265485007018,Satisfactory
39.966883379372604,61.29384907301679,5.545284404632219,28.1904056588486,19.244118691067335,12.992493592127385,0.49281841483173144,5.452656249834114,21.560298205795668,1.5827370859783674,17.801680796302858,2.8282659698797885,70.14092074158657,Satisfactory
21.38070955506192,45.66337361525152,2.2883647295342757,28.127367928392488,16.524710976776674,13.241287601508564,0.49066690361912657,6.11330608380044,25.784334873524323,0.9566725904781652,7.567364374105586,1.2109968011417909,55.96665481904367,Satisfactory
41.000532181442296,71.24771190561854,8.101223731496866,27.073442583275156,17.628508748679927,9.84786226162991,0.6485447990835701,3.744960872397961,15.11553811684481,0.9896361997708926,8.612528576401932,2.3594588059567942,71.0,Satisfactory
19.173205934149035,52.92899269649473,4.746551157451485,21.788773002954155,14.995034822288353,23.677649625154373,0.3055902836640208,12.998831887720407,15.21300945546736,0.15761565048501436,1.2566315618386479,0.10643508315697281,57.55902836640208,Satisfactory
18.404714438878226,55.849557512510614,5.563901787001798,24.234111022158608,16.53345129378716,17.63784387420492,0.32355591136556683,8.579895382421595,14.164336268765927,0.41633146533077403,2.66626714795369,0.5074979985686865,53.70555110793041,Satisfactory
52.97344141645467,102.49033555273854,10.09610100409393,38.638432382043746,27.344596090855923,15.363175911483465,0.6922353407097112,5.365780137453578,26.25174838906191,0.8491294769935958,4.69589820384098,0.12,95.22980454279615,Satisfactory
24.920068471225843,54.132317184285384,5.8471815965078635,22.070317726155054,15.764397428628648,10.63809093372135,0.3485113667151686,5.303397699563483,26.10368119010561,1.0250794315387628,7.499794586322464,0.3688975640960658,60.0,Satisfactory
37.228030640618755,91.11541922154052,4.874555014379657,35.28458426170157,22.523293175823415,17.253169220051564,0.6131692200515627,9.013387884273353,45.59815459639061,1.0059080781437402,5.885477716184354,1.9592632318530812,91.73231197937488,Satisfactory
41.59542823527168,95.5015246421209,4.150680420839046,35.74034489396069,22.068309395801904,12.361521759941722,0.5966101450662781,8.384402920471947,33.22626813328477,1.7844079642855097,14.325088385124555,2.3603412912367148,80.0,Satisfactory
11.616210916278789,27.543744416611258,7.947840063122917,15.242159936877083,7.3653437853820805,4.208303406644576,0.08215993687708249,4.4539686438537585,35.79287028704258,0.2667040378737505,1.7589760883720844,0.9037295275746037,55.55680126245835,Satisfactory
19.9891172870296,38.84510761806714,2.556377266439489,13.930423216124117,8.867022974842314,14.666844019430204,0.42106166838250936,5.338493347060075,30.155888745015474,0.5410616683825094,3.910839176103801,0.23468440194302037,63.74461909664312,Satisfactory
44.7292308436309,104.17032252864507,8.585235756009967,44.14107948466664,30.13808939002492,16.16645170130338,0.8604838735677465,8.400794040665005,34.795086933835385,1.9737841353067282,12.363362230678321,2.6789950070207906,100.0,Satisfactory
19.59470888275907,40.95799784595076,8.252132420147364,14.87901619697757,7.2076070476563885,6.35369053173226,0.16980856381251108,4.631140691205539,30.497458085392672,0.48044404246434275,3.2928902389779253,0.7559532179777475,60.0,Satisfactory
11.642501246250013,44.852863415585524,7.92021650165283,22.96049885227575,7.881345904144522,12.261548436054856,0.05291529481312306,2.9073012068397066,45.77247530663622,0.0009717649377076853,0.23818118319352288,0.019717649377076853,80.38870597508307,Satisfactory
47.69901003635359,92.70663497722398,9.787419945689708,28.578028825771433,21.665301589873817,17.24519776848151,0.4831486269271577,5.572103902417552,29.792525293447095,0.8120548418884438,3.341922113699459,0.06535065040292529,95.46002890679668,Satisfactory
26.87230409189516,71.39489832957761,5.0158143783342215,23.762631610367585,16.318400377307114,18.51556160523204,0.29069623049270155,7.077849219708062,16.553481152463508,0.7061210015406627,3.8608495420959223,0.4397016155031279,72.0298384496872,Satisfactory
24.13503117311166,40.73875127116282,2.864748619494502,14.909139509029702,9.25847313699285,11.083200087474145,0.34178907801925185,4.51930753950275,33.27503117311166,0.6696117621331134,4.0022613311226625,0.8376285651804182,60.0,Satisfactory
29.240175067402955,60.98009235170884,6.468014053178253,33.38428749282898,22.299002208581758,9.671893595112902,0.47518329652363733,6.533535034704953,23.424185505105395,2.0682180286254175,16.99417868287876,2.4377908057016144,56.073318609454944,Satisfactory
13.179850980270167,33.42201656478493,7.545854305894064,26.5400463687309,8.932605929121916,17.555141291608017,0.20716776993008623,9.229420549200153,25.613514331868696,0.14140065879132413,0.838403952747945,0.33846577772247577,72.85838849650432,Satisfactory
19.141951651560053,34.029675905471976,2.915908084637309,22.96082883210329,14.156691755978784,14.19514699367674,0.43258478702882275,6.609231382245795,23.312622420997,0.5588997609241397,4.633051890635912,1.3481763039317465,54.96307447101682,Satisfactory
45.10195223054737,80.56697015740995,9.023733056090062,37.362508963431296,26.225852426450253,10.554430804921783,0.5896863795710884,4.38356591627724,22.922913751030833,1.9279110186966877,13.089737427824698,1.7010016394004888,74.30298425900473,Satisfactory
12.969549116197797,34.299046557775974,11.876123579418602,46.09389364545461,15.103402570281585,20.21662090239916,0.22140381984309376,10.22489302067385,17.20399175925258,0.08809936335948437,1.3206643362713633,2.7934892008307575,75.05777057221914,Satisfactory
39.76030729980454,93.41659668478154,7.2179630488767295,40.901166371121775,27.12778296126725,20.39725265112078,0.6956203539512098,6.292915927804441,46.202640042048095,1.2004559733658269,4.2513150446830625,1.4312407079024194,95.0,Satisfactory
10.83445676353301,23.87342945657747,7.352563262294202,15.675827781155148,8.01065592582185,8.070804478275324,0.19587183688528986,3.358360822952754,49.606944474585724,0.044679592213224664,1.0175261241808333,0.17348734754115946,72.88077553279348,Satisfactory
32.875432039428524,62.672442760918166,6.017547093962591,28.02398356363799,19.070697014101267,13.263993708757235,0.4795319422260743,6.048093611554785,24.234612263040233,1.3286982987267595,8.661814061515923,0.32103858759638776,73.80936115547851,Satisfactory
23.769731537827848,42.90176463496713,10.12895740592174,27.762188164632253,21.285572785276994,15.256574912100206,0.4027863926384983,6.291651240287952,22.71135152350546,1.2041795889577473,7.703818568513311,0.3101238128826279,54.81011339467918,Satisfactory
35.5037187026511,92.55643810406652,2.85380528708155,30.07541306618739,18.144926283891266,14.855595609548438,0.6139878304425969,5.473561895933488,46.46018254336105,0.8865855362839793,4.707392919658474,0.9850737161087336,85.73414463716021,Satisfactory
29.300106603682615,74.19622509209165,9.218225863765797,30.63522151635325,26.226536001904915,29.051896689423458,0.7561638154970238,4.757717696093941,30.832865176247253,0.30091292156242366,1.9824636122580124,0.3478990044458944,92.6073161321047,Satisfactory
32.90171070433033,81.24853483264927,2.6732986401708594,31.264990655498814,18.626020815897483,12.585775278917891,0.6502268479772187,6.12237255925961,50.55521750347603,0.881011471396297,4.41052039743711,1.0676087517380157,95.48865760113907,Satisfactory
34.39121303574976,67.35076953782271,4.296209263282001,18.82659210942156,12.808119794587872,10.801406381591336,0.41,5.739169810389799,35.67336617420558,1.0599393482125121,4.997319930871416,0.15981804463753604,72.9969674106256,Satisfactory
22.932187530313655,69.56670627608865,5.683693132214019,21.542584998542424,15.07670433601475,19.997556746531362,0.26605114463099677,8.29971650985243,16.272812954704822,0.781590842952026,4.125795421476013,0.8414203608487036,59.59659035793355,Satisfactory
34.45347150531443,69.72493146847775,7.483586926825586,23.49291992632664,16.552062039062243,13.258176017804507,0.5834931468477754,8.186805947584377,21.44813994858227,0.9350396761444584,6.624008656613336,0.4185183953033398,79.59985572311106,Satisfactory
23.520287792421794,66.21509834386289,3.4430258835754346,19.709288816785797,13.202904763538545,14.910816766243949,0.4857639747290756,11.479622161555604,17.758532081223585,0.3242360252709244,3.3770652211205885,0.3521180126354622,64.19213249096919,Satisfactory
36.35987681604738,62.772067663904906,3.26216525725826,20.63277076624358,15.05162134024925,18.164356105115782,0.5930323139703033,7.749492084368036,20.24842507190558,1.2510518326409747,7.092262850611617,0.6013237911454801,77.042073305639,Satisfactory
19.457498664545607,32.98454300163141,2.464997329091217,22.2006980235275,13.602797435927569,13.946890438146557,0.6990005341817566,5.9977049678903365,41.00685838724116,0.43780010683635134,2.6659016559634456,1.6623057157447958,68.10999465818243,Satisfactory
30.983845615849063,67.52587545184676,7.747622470005717,25.512377529994282,18.209487458448635,9.495221501376024,0.6167599031370307,3.5732400968629694,19.380560195929096,0.597319321959215,4.147249006052986,0.35209782058319117,65.66200484314847,Satisfactory
17.274213880761437,48.80110264731485,4.870046636211195,23.640669528710575,15.937939695830478,23.537045296940843,0.2912674885791983,9.759881794946851,14.392153576591912,0.37723184178562574,2.8370069716065673,0.4670919331520392,54.87791476319972,Satisfactory
42.374015030203765,106.14070911712788,7.48497092964875,41.54548243486901,27.948499504971863,13.223454354574034,0.7577823478206871,8.23079941792354,31.625119371146905,1.400601806015913,13.461038160217353,3.4762487624296536,99.43610836095479,Satisfactory
37.11235992472034,71.14217198590038,11.679266843708815,28.636334218544068,22.942596629823765,15.409239360735638,0.45891400704980867,4.259520390130268,24.482805851954016,0.17578280140996175,0.9434840422988522,0.008434397180076521,70.53031915402296,Satisfactory
26.770446856641612,96.43745348853508,5.104249236192522,26.294161802288876,16.990822921561552,7.057867060812755,0.41107826821390225,5.6431709679786195,32.387961449775,2.3580752129839873,12.795176233839689,2.961286420385135,86.03594227379673,Satisfactory
25.484268789374585,75.18627367109768,5.264675725910974,30.459099784951093,8.778623920725298,26.559245364116173,0.0953440198186754,9.10460177060697,54.57426143031706,0.050688039637350794,0.7397928522030421,0.11,96.20641189120524,Satisfactory
46.20851244295304,120.81663964953019,3.8809784908533005,33.887115747746904,20.6127305913327,14.39,0.52,10.539553732885912,34.82017191325024,2.1864280947459234,17.367171873269406,3.365575202051772,96.79851244295304,Satisfactory
24.655354529220972,75.90678726158484,5.571591884243725,26.77428363381807,17.794167858520108,14.43749637223323,0.33707669982973726,6.4925180866274035,14.417988443352783,1.080998548893292,8.152532545488036,3.1465412521282845,72.0,Satisfactory
28.873724648548322,87.62874967256055,3.792441828931106,23.069416979553253,15.13301694462638,21.680533845594166,0.485433312959323,7.256758275849519,18.822583195081123,0.570475019646367,3.516858371898424,0.6481666521138022,85.22750021829297,Satisfactory
34.58037008497928,56.65609619720804,5.825969885028037,26.775925212448193,16.466034967507923,9.923159780053636,0.5503050024993905,4.094444872531085,25.135054877529864,0.708169985003657,5.869324912521333,1.5329849425140187,69.90849925018286,Satisfactory
21.29332389894909,45.4332398879868,7.197385626787555,24.746143732124448,17.749253036225017,7.360877547661219,0.35962651811250784,5.2562651811250785,20.909719663960402,0.9374696377498429,6.517684232598366,0.5444817826499058,51.03734818874921,Satisfactory
32.96693545865677,86.76308662233221,9.406841906242839,31.1812261946759,22.82501852141348,13.866439663604204,0.5569380728857556,5.47726622987046,21.759124043297792,2.765820392461761,17.25984209531214,1.132575865441682,78.17739943934035,Satisfactory
16.629482496252322,55.49606672449394,6.213551992683532,25.161325476367782,17.781892893846038,16.383365858027798,0.2936019064141126,7.766114384846758,12.87592599681326,0.6679618717177475,4.668812997935136,2.3163005195024913,52.72038128282252,Satisfactory
16.506819897798447,54.18707380598146,5.703887589220843,13.66376369240887,6.112967138218714,5.8157899075253665,0.20127060512651887,10.940638891948515,26.619560778704745,0.2761881846204435,2.1995054769635476,0.8571291077226607,60.87293948734811,Satisfactory
46.06570282038363,120.87804778723503,3.9474869722213377,33.74736633137541,20.57315192450632,14.39,0.52,10.49671084611509,34.78181732890303,2.200097015763281,17.452245605571466,3.379652150562185,96.65570282038362,Satisfactory
28.538937465056524,75.47903416857737,3.9961068981844865,28.292664477573346,17.60478555894089,13.467396002921138,0.5247984527436665,4.721711539953486,27.623026432295696,0.8938995487169028,5.679193810974667,0.7570058022112502,84.76999355309862,Satisfactory
39.82460008842288,62.62111857814473,5.309561340521496,26.846147104055017,18.369182633286993,13.57649217438368,0.4715821027496843,6.125847342835007,21.72381780882743,1.5169045185240213,18.7233367406637,3.444119020259155,69.07910513748422,Satisfactory
24.18044795312019,77.5967872871296,5.39619209500778,24.39065976092035,16.95366066599058,16.73533299851781,0.29508438096724,7.06744704804996,17.02189319102969,0.9546149049142099,7.770389620436939,4.162414763650699,86.983123806552,Satisfactory
284.67824105059753,102.84588400039243,4.058865108357118,3.4579181983767384,6.278603949277564,11.073313950258651,0.9799147827952194,9.058094140251516,42.62038147079022,1.1272690361844453,6.8412822713342845,1.7188340271138067,503.3883402711381,Severe
348.93900135752017,97.5277380419346,3.091195535907245,0.6403985119690817,2.618007440154592,11.065579167567142,0.9880074401545917,7.632591179661125,41.91536836318704,1.0635990079793878,6.091980159587755,1.224744942856021,497.1992559845408,Severe
517.1287984986689,84.1223787896869,4.485361427047927,2.5549098082503683,6.061167152691507,10.75388080712405,1.1401488503218238,5.185817550585122,38.59582205532476,1.1659692163692177,6.583725199692775,0.7186547161790431,482.29854528232903,Severe
321.1322560439328,98.98054284001,6.424418918048177,10.532716838081239,15.622760125450935,10.75411722547594,1.0804836138911424,9.254859244569626,40.63086763824044,1.271563446017726,8.406657990131697,2.0686386570126696,506.8863865701267,Severe
271.11353500391243,104.28419516091415,3.178631694508414,0.8253532009512274,2.801600612133976,11.192088514419382,0.9424926598404686,8.984876943166135,43.360688685764636,1.0735764249884985,6.2587987922994675,1.5886701211842387,502.0867012118424,Severe
500.81321700530066,84.15934855640985,3.550399129694049,2.1537581622437365,4.727794460383226,10.750668412689972,1.097569441886459,5.210919989886231,38.75135416282969,1.0831163082532578,6.1965797338513315,0.6507204250392065,489.17621454235695,Severe
524.2784614433713,92.99310795504894,15.68837659236916,17.449370745920806,31.78065207637945,10.552821669196533,1.5261823951426559,8.386679026391189,37.48597561396486,2.0586717887673918,12.462694392693365,2.6327377092490023,446.107900455376,Severe
522.2513017618212,90.47797057737772,12.511961028365521,13.226311431825518,24.488349869858535,10.609828409397602,1.4167294539566009,7.479131722390148,37.80065281987477,1.8055618622746397,10.795817309214069,2.0900335425348127,456.36911369156866,Severe
274.37333380697436,103.93854778872911,3.3901647582551453,1.4579973731179745,3.6371757641243008,11.163545235947087,0.9514857475783148,9.002472114827139,43.18278195008116,1.0864795508732343,6.398778157958118,1.619950426359356,502.39950426359354,Severe
361.6122657650146,94.91913183700508,8.258339308156557,16.029341851857783,22.89188365801494,10.485311784449358,1.1660485717550044,9.199829304729011,38.85407285763251,1.3827125014281445,9.603416444811474,2.2856596506507323,508.8639643795638,Severe
318.0175167328383,99.31080906899015,6.222298974746978,9.928225029834769,14.824367669194626,10.78139034167,1.0718907142683558,9.23804704965548,40.80085760903905,1.2592345030806844,8.272907639481364,2.038750310498629,506.5875031049863,Severe
300.90373162140384,101.12544095558103,5.1117606821613855,6.6068739070926465,10.43763877593139,10.931241164883954,1.024677441200946,9.14567325452359,41.73485931537258,1.1914937199839661,7.538022780432119,1.8745302302641607,504.9453023026416,Severe
307.59690316733247,100.41574158571166,5.54609027390271,7.9058485456092145,12.153280804676694,10.872634768955827,1.0431424700550136,9.181800484890244,41.369572874998646,1.2179870222528455,7.825434968682385,1.9387564175826557,505.58756417582657,Severe
294.65498203646763,101.7880167781891,4.7062702748865295,5.394150286074685,8.835914191187639,10.985956136660413,1.0074384774905547,9.111944847264128,42.07589098877381,1.1667595546603613,7.269694562679071,1.8145686173584517,504.3456861735845,Severe
407.0274283680557,91.40868666470016,6.722345000465461,11.502347719553661,16.965738347250383,10.571886009064674,1.1437068363704066,7.898423218576191,38.82056025455561,1.2849674091205294,8.491915109427735,1.7522507183434604,502.44071545649194,Severe
519.1113109254752,86.58212142947026,7.591817906846854,6.68495819345325,13.192859774656313,10.698129614019258,1.2471911410830216,6.073376544813387,38.288075469386314,1.4135045137544875,8.21389008607685,1.2494060745366486,472.2633305234667,Severe
455.2866104963749,88.27166132473927,3.0522862923506087,0.6274287641168697,2.6828561794156522,10.884002697636173,1.0528561794156521,5.812503231067367,39.896410947526036,1.0549525094112464,5.9190501882249285,0.7448642723241752,490.7143820584348,Severe
482.3065840906975,85.58985142036609,4.176315259507833,3.9985037012039957,7.142692692137494,10.715389503555013,1.1066736765019323,5.741241656237545,38.7650105147529,1.122947334695953,6.649515405971123,0.8680840264836294,491.7936819943055,Severe
481.9877023812504,85.61449994507245,4.187100214629953,4.0302899053002825,7.1843030098995655,10.714781624266312,1.1068305485764358,5.750379454577379,38.76524582286466,1.1236336500219062,6.657319791677676,0.8718293472624021,491.83878271572524,Severe
277.8138528111693,103.57373804904957,3.613425017493415,2.12571474732781,4.5190744221505135,11.133419544774455,0.9609774037011988,9.021042746371911,42.995012231128456,1.1000980140060679,6.546517848914311,1.6529648824389525,502.7296488243895,Severe
440.2919735404603,94.76140726924199,12.792036831357239,17.997889096137037,29.380037521400226,10.500334781717845,1.3722318781189675,9.086205807197755,38.10163045705387,1.784240568426038,11.483580385340405,2.6176224567897868,475.62058071977555,Severe
524.578302623452,93.36512687701641,16.158206472968146,18.074011764491747,32.85927085466772,10.544389690004161,1.5423717951920108,8.520916135133756,37.43943108882297,2.096109776381525,12.70924546427833,2.7130101511603866,444.59014420074897,Severe
426.8356131565141,89.87757805080936,6.052408852780545,9.527863182467751,14.38100288290967,10.609646046479643,1.133962310585899,7.330804591628607,38.80594346587885,1.2423351088133074,8.007124951648468,1.5196001652383349,499.6391642934459,Severe
425.38169013333857,89.98996159773665,6.101582242446426,9.672790572737558,14.57072276085694,10.606874455425746,1.1346775598901297,7.372467863600063,38.807016339835194,1.245464324519318,8.04270860453396,1.5366767423768497,499.8447984684123,Severe
488.5763519167142,85.3742534471448,3.0401066235517527,0.623368874517251,2.703155627413745,10.827164243241514,1.073155627413745,5.242765390587557,39.26442146651874,1.052245916344834,5.864918326896681,0.5946483571382872,488.6844372586255,Severe
464.904566197193,94.5404091193302,14.001786444185978,18.329386321004698,30.924154464939637,10.508945099246874,1.4296339949791685,8.988622208535414,37.88637251882812,1.8933045904604202,11.961453008201579,2.685069944100523,465.8622208535414,Severe
505.01183601250136,94.18028320529851,15.973125051515284,18.86957519205223,33.440358903238966,10.522975979014344,1.5231731934289576,8.829605571170772,37.53560052464141,2.0710290675150196,12.740166835296073,2.7949785022790254,449.9605571170772,Severe
492.9466926645679,84.76740544340414,3.816454251290597,2.9378951660764687,5.754283493161177,10.735672578563621,1.1014393345642268,5.436341238366214,38.75715900184634,1.1000470887184925,6.389106894570287,0.7431141127209164,490.28880868721524,Severe
477.4168589298954,85.96781135931137,4.341691525553902,4.485912659859775,7.780744394955239,10.706068295832416,1.1090791494626022,5.881360456196579,38.76861872419391,1.1334712788988848,6.769187685764461,0.9255146934196279,492.48525547049815,Severe
422.2854613951671,91.14395126439885,3.0643603743015366,0.6314534581005121,2.662732709497439,10.94034841340717,1.0327327094974392,6.377301953438541,40.52292164431306,1.0576356387336747,5.972712774673496,0.8937779497189502,492.7267290502561,Severe
524.1910194092684,92.88461688236562,15.551361121609533,17.267208038205926,31.46609681759317,10.555280669030697,1.5214611154610607,8.347531749031294,37.49954929304945,2.0477538295037028,12.390793237542404,2.6093280308277595,446.5505204255256,Severe
516.9477095063623,83.89769807144842,4.2016078091819145,2.1776580492497524,5.409735659557619,10.75897329847125,1.1303712669351988,5.1047450883376895,38.62393260756131,1.1433585547876473,6.434820752700632,0.6701741985536939,483.2151937248251,Severe
442.64139664762894,89.37225089546024,3.056912778168679,0.6289709260562264,2.675145369718868,10.90559296478717,1.045145369718868,6.028919956557105,40.13647415608591,1.0559806173708177,5.939612347416352,0.8019242640803769,491.4854630281132,Severe
504.3672799050549,83.88463098999792,3.430196535003064,1.799488333163577,4.264030995048187,10.7574434680271,1.0958210405091355,5.1090756096571415,38.7487315607637,1.0754670522274679,6.10959676532949,0.6089773421556096,488.67354914637644,Severe
384.13278123111104,95.26566449130715,10.031719700182297,17.241503263039277,25.85678576203577,10.480688396442579,1.2412559762838575,9.308864840317442,38.59279008893554,1.5353863549393292,10.393206002563115,2.4637257721335324,497.8864840317442,Severe
518.8115066005788,86.21014823446384,7.122045775710008,6.060393953061691,12.11437357553525,10.706560556789123,1.2310037309648818,5.939155935917144,38.334614273475964,1.3760711278562892,7.967369319486013,1.1691434993675391,473.7809002220423,Severe
290.2209865501009,102.63832260645692,3.112678609742229,0.6475595365807431,2.582202317096285,11.165833512130401,0.9522023170962849,8.637521633497602,43.03010119440233,1.068373024387162,6.18746048774324,1.4897028534874912,500.7797682903715,Severe
516.9542072782174,83.90575998635967,4.211789357206723,2.1911944648577544,5.433110096444437,10.758790571478702,1.1307221027608922,5.107654102059064,38.62292395456244,1.144169862634563,6.440163689962754,0.6719137595227567,483.18230286616637,Severe
524.9712258528755,93.85263455086796,16.773889328521374,18.89256499384177,34.2727337204676,10.533340105374705,1.5635869976805643,8.696825522434679,37.37843738166838,2.145169932136305,13.032335318843593,2.8182021968327975,442.6012189674471,Severe
301.41295624218776,101.0714461655159,5.144805005040611,6.705701475334027,10.568166905308292,10.926782319098033,1.0260822830239076,9.148421858090254,41.70706787930965,1.1935093625995197,7.559889448806911,1.8794166366048963,504.99416636604894,Severe
301.1104358009667,101.10352341992868,5.125174015631879,6.646989939542295,10.49062268281946,10.92943123264117,1.025247693825385,9.1467889661801,41.723578230845646,1.192311908532074,7.54689888649947,1.8765137176535127,504.9651371765351,Severe
285.816900077742,102.72514817455632,4.132754341136911,3.678903001773607,6.57047324770717,11.063343684097976,0.9830560995307743,9.064240194734124,42.55823803102163,1.1317761428050241,6.890177549218141,1.729760346193998,503.49760346194,Severe
362.1584363458369,94.87691461771512,8.239867175611222,15.974899439392345,22.820614812085484,10.486352941011004,1.1657798861907087,9.18417837060878,38.85366982928606,1.3815370020843505,9.590049337987757,2.27924478280317,508.78671727982874,Severe
513.9234929988753,83.14596662774652,3.1069941489742092,0.8469227554312635,3.0170574256786793,10.77566032978509,1.0911199148941704,4.835235042585421,38.74167987234126,1.0548996276619953,5.875715765984975,0.4967379680983166,487.32197553207396,Severe
455.5334997918471,88.25017305360606,3.052195963326695,0.6273986544422318,2.6830067277888414,10.883581162191243,1.0530067277888413,5.808277840059855,39.89172387484074,1.0549324362948211,5.918648725896423,0.7437502143625748,490.6993272211159,Severe
362.76609544474996,96.3242822737831,3.0861366373022174,0.6387122124340725,2.6264389378296373,11.041970974077016,0.9964389378296373,7.395947144914845,41.652867735570624,1.0624748082893818,6.069496165787633,1.1623518600606835,496.35610621703626,Severe
367.1588865495375,94.49039599109774,8.07074605815732,15.476453382314578,22.16811479165425,10.495885222176588,1.1633199426641065,9.040886660184203,38.84997991399616,1.3707747491554658,9.467667147539299,2.2205136311055425,508.07948351593063,Severe
288.78926161912955,102.40997873679854,4.325635184832567,4.255762900294071,7.332370406630677,11.037317248627028,0.9912562093366895,9.080283887832653,42.39601846746984,1.1435415177439459,7.0178140409797765,1.7582824672580506,503.7828246725805,Severe
429.3180871278121,94.85994254459314,12.252652174727164,17.85008618311029,28.69157027284274,10.496495745015851,1.346638300105678,9.129714889820347,38.19760637460371,1.7356127702007882,11.27051384837977,2.587550002624172,479.97148898203477,Severe
452.3316831940511,94.65330189424034,13.383808462047991,18.160047158639486,30.13537118050254,10.50454667944518,1.4003111963012094,9.038470966287944,37.99633301387046,1.837591272972298,11.71734070920757,2.650615655653921,470.84709662879436,Severe
278.01723491465185,103.55217276423747,3.626622776637478,2.16518604916717,4.571206790525494,11.131638701119156,0.9615384914282107,9.02214052670737,42.983912452181045,1.1009030529187371,6.555251301360845,1.6549164919242112,502.7491649192421,Severe
506.018519809672,94.17124412275147,16.022605224159143,18.883133815872792,33.50351509038581,10.52332815106163,1.5255210070775396,8.825614287968182,37.52679622345923,2.075489913447325,12.759712383920517,2.797737183316109,449.5614287968183,Severe
311.2801549447289,100.02519407806881,5.785101814213547,8.6206741874261,13.097398478695661,10.840383673867672,1.0533037739868976,9.201681296930886,41.16855577547659,1.2325662844159835,7.983597873361276,1.9741000834326874,505.94100083432687,Severe
273.0028830763374,104.13691846552955,3.1189781719709324,0.6496593906569774,2.5717030467151125,11.195231469197683,0.9417030467151128,8.932201155529166,43.35697847893615,1.0697729271046517,6.215458542093032,1.5673974543081648,501.8296953284887,Severe
314.5077622769497,99.68296007522808,5.994545926811776,9.247070812535036,13.924722080585523,10.812122268655711,1.0622080523413509,9.219102711102643,40.99240592107327,1.2453419881419383,8.122194901661029,2.005071486404699,506.250714864047,Severe
284.06004278497517,103.17454686765186,3.1149327051886346,0.6483109017295449,2.5784454913522756,11.176352624213628,0.9484454913522755,8.742963209379464,43.147063702565816,1.0688739344863634,6.197478689727265,1.5175033639931605,501.15545086477243,Severe
372.9021695435138,94.04645879251034,7.876501460525604,14.903961577294552,21.418683816791514,10.506833554043103,1.1604945666985542,8.876308510190785,38.84574185004783,1.3584137293061747,9.327104693253075,2.1530577799279826,507.2671879258343,Severe
517.2448083338485,84.26631450195147,4.667140617605071,2.7965860903119824,6.478489371931815,10.750618438305724,1.1464125984530105,5.237754462172877,38.577813779447595,1.1804541339225865,6.679116863940637,0.7497124673295096,481.7113188950303,Severe
324.3346628874162,98.640980929294,6.632227734447904,11.154222688237908,16.443624156220277,10.726076479455275,1.0893183694866946,9.272144635952229,40.45609312537191,1.284239399698301,8.544172881575507,2.0993682416928507,507.1936824169285,Severe
518.4576610233304,85.77112498170239,6.567594831832654,5.323248836004362,10.841484761091763,10.716511219816356,1.2118984579525969,5.780741380523615,38.38954193338628,1.3318901840153803,7.676411932569756,1.0744131873482927,475.57201956694405,Severe
318.8454539461502,99.22302011654111,6.276025019175633,10.088906619272043,15.036590510126302,10.774140801479074,1.0741748159723468,9.242515944293721,40.75567211880792,1.2625116924820627,8.308460179047831,2.046695012077728,506.6669501207773,Severe
273.3636746336774,104.04560532851495,3.3246465127527287,1.262048165681911,3.378372639099041,11.172385960386414,0.9487003138508553,8.997022353186457,43.237885095559164,1.0824830590034011,6.355422276461139,1.6102619612203666,502.30261961220367,Severe
521.7574005480343,89.86517750785355,11.738052827234803,12.197396867221002,22.711638866831947,10.623717644880925,1.3900621218286222,7.258015093495658,37.87732139974271,1.7438936567286887,10.389696063681724,1.9578080207335846,458.8691760785667,Severe
518.7399804470458,86.12140431168892,7.00996936190632,5.911387837940061,11.857072519293908,10.708571978429534,1.2271418014152933,5.9071341034018054,38.34571732093104,1.3671404157728655,7.908555350720402,1.1499947653508285,474.14295611731626,Severe
281.16489068284466,103.21841629319482,3.83087871649502,2.7760661058945306,5.378036630591236,11.104077363578305,0.970222200516424,9.039130392314743,42.81212603326204,1.1133622876974782,6.690415121081732,1.6851206974484318,503.05120697448433,Severe
479.83884473996665,85.78059969018952,4.259777111856989,4.244488542400327,7.464703693382786,10.710685290058969,1.1078876670815563,5.811956607500649,38.76683150062234,1.1282585434818084,6.709911437307422,0.8970680515721545,492.1427042859474,Severe
507.15311247699606,83.75740543057651,3.0333099714503446,0.6211033238167817,2.714483380916092,10.795446533434943,1.0844833809160919,4.924833108955026,38.911750740812344,1.0507355492111878,5.834710984223756,0.5108229812209215,487.5516619083908,Severe
516.3080532799925,83.10406385582867,3.1993118324291414,0.8451008712553987,3.108700100580327,10.776961381327546,1.095834147851112,4.818374809265468,38.723226824928055,1.0634914669056963,5.908849209982558,0.49892764976176285,486.45304863895825,Severe
508.79049258181215,83.61489432018945,3.0327109055963124,0.6209036351987708,2.715481824006146,10.792650892782792,1.085481824006146,4.89681013956084,38.88066587927533,1.0506024234658473,5.832048469316945,0.5034345023545206,487.45181759938544,Severe
517.6876435013568,94.06646626440389,16.596161942256643,19.04030060339417,34.23559934741181,10.527410405282964,1.5527360352197697,8.779348740126391,37.424739867925865,2.1271984669175623,12.986277493204582,2.8297148413832294,444.93487401263917,Severe
371.2823068504197,94.17166893918476,7.9312871253393915,15.06542987304573,21.63005687267307,10.5037456347536,1.1612914490958457,8.92272690983301,38.84693717364377,1.3619000897943248,9.366749592518325,2.1720833471633156,507.4962916150556,Severe
430.38524564038596,89.60320294121479,5.932356099974649,9.174034978288919,13.917817534811284,10.616412656183247,1.132216088726904,7.229087168342157,38.803324133090356,1.234695388180205,7.920250414163474,1.4779091183548327,499.1371255089849,Severe
525.0274570375007,93.92240170119588,16.861999609941854,19.00970802412944,34.475014179895226,10.531758800970174,1.5666231021372643,8.721999888554816,37.36970858135537,2.1521909236924235,13.078572659632087,2.833256214763935,442.3165841746315,Severe
504.19920264272946,83.89762281872396,3.4358811060446937,1.8162423143608155,4.285963103685164,10.757123064932026,1.095903725178832,5.113891991666958,38.74885558776825,1.0758287976573897,6.113710327646888,0.6109514386446118,488.69732098891416,Severe
520.1662354116723,87.89098724305343,9.244809818289601,8.88261865288754,16.987739984845764,10.668463571100329,1.304149943487366,6.5456599480827435,38.124318912473825,1.545221744314534,9.081325181026346,1.5318268031248568,466.92344279805945,Severe
358.57202165762214,95.15413287273208,8.361163945905044,16.332394102385592,23.288599805837283,10.47951621395808,1.1675442028495278,9.286949815985,38.856316304274294,1.3892558874666845,9.677824091764014,2.321367843032479,509.29395831923927,Severe
398.8868386874149,93.18047515631712,3.0729211940246866,0.6343070646748955,2.6484646766255224,10.980298905448537,1.0184646766255223,6.777758076043673,40.967133067725406,1.059538043116597,6.01076086233194,0.9993613929711348,494.15353233744776,Severe
425.03577099489326,90.90457515752402,3.0633541225678265,0.6311180408559421,2.6644097957202892,10.935652571983189,1.0344097957202893,6.330231733450544,40.47070835990832,1.0574120272372949,5.968240544745895,0.8813675116698586,492.55902042797106,Severe
295.57543179935243,101.69041841062402,4.7659995925932215,5.572786212228893,9.071850516398731,10.97789654295877,1.0099778015335379,9.116913089956922,42.02565653488001,1.1704029326350764,7.30921969343507,1.8234010488123062,504.4340104881231,Severe
382.02255652222453,94.64827580332198,3.0790913041709005,0.6363637680569668,2.638181159715166,11.009092752797535,1.008181159715166,7.066382117327675,41.2872932275345,1.0609091787046445,6.038183574092891,1.075459418107772,495.1818840284834,Severe
301.26048286339164,101.08761342794313,5.134910786745216,6.676110264239853,10.529083828603564,10.928117398461366,1.0256616415806654,9.147598863962171,41.71538926438249,1.192905833572259,7.553342073299053,1.8779535359327493,504.9795353593275,Severe
413.94547758996345,91.86983058172642,3.067411711926921,0.632470570642307,2.6576471467884653,10.954587988992298,1.0276471467884651,6.520036746803748,40.68125216331912,1.0583137137615382,5.98627427523076,0.9314111137653588,493.23528532115347,Severe
517.0787052867352,84.0602271442844,4.406868913860523,2.4505536457068864,5.88096682449817,10.755289502622746,1.1374441549643253,5.163391118245864,38.603598054477565,1.1597146083550023,6.542534943310871,0.7052439350314463,482.5521104720945,Severe
360.9704903711279,94.96873899910788,8.280044908121981,16.093314174664968,22.975627809154265,10.484088377905852,1.1663642895726833,9.218219867608806,38.85454643435902,1.3840937668804896,9.619123406240998,2.2931974135478153,508.95473325214647,Severe
330.15609888369573,98.02371459599532,7.009989144306034,12.284015592397711,17.93581663841404,10.675103128402329,1.105378466393787,9.303566564683496,40.13838251264465,1.307282147434564,8.794151781259815,2.1552294483262155,507.7522944832622,Severe
349.4458054274627,95.97836248076322,8.261726128854182,16.02765781235872,22.88029341471606,10.506199616624112,1.1585946413376085,9.407685167834451,39.08562774745165,1.3836357897452642,9.622473112994081,2.340329187261247,509.6032918726125,Severe
372.40085842486894,95.37100622719201,9.455076301799576,17.083490659211982,25.12076168533374,10.476584172966545,1.2138944864436334,9.355379373045823,38.69539567583637,1.4833995242429037,10.165421599643249,2.4315760215712694,502.53793730458233,Severe
520.250788532265,87.99589398322641,9.377298566304981,9.058763061591403,17.291902954087103,10.66608581180357,1.3087152413371423,6.583513876087137,38.11119368115572,1.5557789955921415,9.150850862863562,1.5544630716299968,466.4954461246429,Severe
422.7564177332,91.1029610810691,3.0641880661978615,0.6313960220659539,2.6630198896702306,10.939544308923354,1.0330198896702305,6.3692417632555305,40.513980768266826,1.0575973480439693,5.971946960879386,0.8916528164402943,492.6980110329769,Severe
471.09227202360825,86.45668147007284,4.555596506396229,5.1163489761241605,8.606028702859636,10.694011833275848,1.1121904946384906,6.062596312692078,38.773285741957736,1.1470834140433965,6.923977108264909,0.9997980594939634,493.3797672085661,Severe
384.17226299427807,93.17531702227232,7.495333621519312,13.780556000877828,19.948068990661785,10.528317559514367,1.154950307222099,8.553355395687271,38.837425460833146,1.3341575940966834,9.051277784299431,2.020688584927616,505.6732133263535,Severe
384.2751706311862,94.45221715023499,3.0782671435554017,0.6360890478518005,2.6395547607409973,11.005246669925207,1.0095547607409974,7.027829715202675,41.24452844893028,1.0607260319012004,6.0345206380240075,1.0652947705166198,495.04452392590025,Severe
458.7378606784033,87.41163750628749,4.97343725414329,6.347839616302315,10.218134278712842,10.670460809311923,1.1182681782420842,6.416621382601406,38.782402267363125,1.1736732798091185,7.226341867543691,1.1449027555297608,495.1271012445992,Severe
424.98714025645694,94.89883041225035,12.039778977097148,17.791754381624486,28.419860236484617,10.494980633288948,1.3365375552596512,9.146886156058592,38.235484167776306,1.7164213549933374,11.186425147536596,2.57568162743009,481.6886156058593,Severe
511.7577324141355,94.11971134092607,16.30469701038518,18.960432988610886,33.86357530625676,10.5253359217821,1.538906145214006,8.802859553136189,37.47660195544748,2.1009216759066116,12.8711436589066,2.8134647206264574,447.28595531361896,Severe
357.97154653717575,95.5005680038059,8.745851771374216,16.889147994291154,24.21551186951205,10.471536311540032,1.1802420769335333,9.412588469212993,38.82159221149925,1.4194599461737134,9.885265290471667,2.392034440396902,508.2588469212993,Severe
355.82240873272696,95.36666905810861,8.454159094637816,16.60647616801436,23.647391997857174,10.474274669211324,1.1688968595583682,9.36574206927495,38.85834528933755,1.395173760567861,9.74511876302882,2.3536625219560414,509.68284712303085,Severe
441.9508000317171,89.43235770283725,3.0571654457382227,0.6290551485794077,2.674724257102962,10.906772080111706,1.0447242571029618,6.040739183976873,40.149584795527794,1.0560367657196053,5.940735314392102,0.8050404974380829,491.5275742897038,Severe
433.14411220831994,94.82558840416995,12.440707631719064,17.90161739374508,28.931603098137266,10.497834218019353,1.355561453462352,9.114545529114002,38.16414454951618,1.7525667615784686,11.34479910007408,2.5980347078182633,478.4545529114002,Severe
522.3382994912146,90.58591039236181,12.648280305131454,13.40754854637721,24.801306831163238,10.60738190407158,1.4214267441825628,7.518080087180415,37.78714811047513,1.8164243459221763,10.867353124946945,2.11332427323854,455.92874273288476,Severe
285.7339092070317,102.73394797420943,4.127368943385408,3.662796581141569,6.549200428862509,11.064070364386072,0.9828271454674018,9.063792241131873,42.562767339666614,1.131447643496707,6.886613829449123,1.728963984234441,503.4896398423444,Severe
404.84901671928816,91.57707083900226,6.796021449046336,11.719492307098381,17.24999548159332,10.567733336508297,1.1447784938043104,7.960847264101077,38.82216774070647,1.2896559103938576,8.54523006676444,1.7778365395779094,502.7488169687392,Severe
489.7552333237338,85.01409492756528,3.924393166396902,3.2560205867806875,6.170731452898594,10.729588748803083,1.1030093551475915,5.527794937347193,38.75951403272139,1.106915928770712,6.467215418592668,0.7805983541487423,490.7401896049325,Severe
494.2889781136404,84.87704897998682,3.038016553395554,0.6226721844651847,2.7066390776740765,10.817410582512586,1.0766390776740764,5.144996553280922,39.15597004841376,1.051781456310123,5.855629126202463,0.5688708252118349,488.33609223259236,Severe
382.43899355583426,93.30929314354424,7.553954836077429,13.953328707784566,20.174240294829648,10.525013454693818,1.1558029794338536,8.603023552021966,38.83870446915078,1.337888035023109,9.093698226834213,2.0410461339832526,505.9183565872329,Severe
361.7435381004673,94.9089849100795,8.253899523105583,16.016256594462085,22.87475416005463,10.485562026879505,1.1659839930633538,9.196067595940367,38.85397598959503,1.3824299696521734,9.600203654901858,2.2841178343875748,508.84539800571423,Severe
400.6218471163124,95.11760804291808,10.842184544286125,17.463587935622886,26.89125808974125,10.4864568294967,1.279712196644656,9.243489265704085,38.44857926258254,1.6084531736248464,10.713354037066761,2.5089118310574707,491.3489265704085,Severe
421.104004048245,91.24678065501473,3.064792632365779,0.6315975441219263,2.6620122793903684,10.942365617706967,1.0320122793903685,6.397522025110325,40.54535103497986,1.0577316960812841,5.974633921625684,0.8991091325112732,492.79877206096313,Severe
453.35713684579594,94.64409427588755,13.434211204070083,18.17385858616867,30.199704929512944,10.504905417822563,1.4027027854837524,9.03440526467762,37.98736455443593,1.8421352924191297,11.73725068915224,2.653425772943409,470.4405264677621,Severe
275.81842634277587,103.78531979284948,3.4839389050547886,1.738453139332064,4.0075923107247355,11.150891792848428,0.9554724488285768,9.010272182490695,43.103914599260754,1.0921996004931755,6.460832029592632,1.6338172133167894,502.5381721331679,Severe
494.41930971055643,84.65357690897987,3.7666486077477535,2.7911043511983813,5.562124264801334,10.738479805745126,1.1007148888399674,5.394142274928097,38.75607233325995,1.096877638674857,6.3530657197883755,0.7258179710542201,490.0805305414906,Severe
349.81011947324697,95.93973304373873,8.285366994725514,16.098361917681853,22.973677019830735,10.50300962917752,1.1595997058755763,9.409651598452214,39.06574494898316,1.3850778388649574,9.638117161019842,2.343825063915048,509.6382506391505,Severe
357.8677973927431,95.20856713056955,8.384981640265114,16.402591343399543,23.380492801168312,10.47817376209415,1.1678906420402198,9.307129898842806,38.85683596306033,1.3907715589259617,9.695059441500938,2.329639078710249,509.3935595865632,Severe
460.5227679467457,94.5797535849922,13.786413817218042,18.270369622511705,30.64925417239219,10.507412197987318,1.4194146532487801,9.005995089477073,37.92469505031708,1.8738878411726825,11.876376988296096,2.673062217567317,467.59950894770736,Severe
286.0041688127186,102.7052914441114,4.144906480470284,3.715247107949942,6.618475321192232,11.061703931470738,0.9835727339201784,9.065251001148175,42.548017655057336,1.1325174008419951,6.8982190758010375,1.7315573353745337,503.5155733537453,Severe
513.0700550501832,83.24241807136704,3.031145148361655,0.6203817161205517,2.7180914193972416,10.785344025687722,1.0880914193972417,4.823567495584084,38.799420476099215,1.0502544774137013,5.825089548274023,0.48412349646041153,487.19085806027584,Severe
517.5372061619104,84.62909830887192,5.125307293072147,3.405720823237342,7.530332177490832,10.742395777224118,1.1622001077296935,5.368659226592042,38.53242469027713,1.2169627491249164,6.919547473966792,0.827992200826397,480.2312399003412,Severe
423.1906410099553,94.9149613016423,11.951478069581501,17.767558047536568,28.307153502811026,10.494352157078872,1.332347713859146,9.15400888643945,38.251196073028204,1.7084606563323774,11.15154471787739,2.5707585637844965,482.40088864394517,Severe
415.5204711053367,90.75220193214807,6.435100288529381,10.655759214011141,15.857496022289723,10.588076165555616,1.1395287314695182,7.655048608099439,38.81429309720428,1.2666882001791424,8.284054390608535,1.6524984638347489,501.2395102974865,Severe
516.4674610034282,83.30184419210492,3.4490924384425767,1.1771853524735505,3.682137557888989,10.77247859945365,1.1044410890489904,4.889740696697879,38.69848186898415,1.0833950184257906,6.039925751975251,0.5416037332012444,485.6461479016572,Severe
490.525379280329,84.95456513618414,3.8983459227536015,3.1792522559701624,6.070236451060261,10.73105686617207,1.1026304861491434,5.505725818187598,38.75894572922372,1.105258376902502,6.448366685919879,0.7715528568107963,490.6312647678787,Severe
517.637257815118,84.75323438703614,5.2820811433738495,3.614152388749728,7.890248023337811,10.739582176177784,1.167602221738654,5.413451755249671,38.51689361250137,1.229455137770637,7.001817168561582,0.854777682787492,479.7247917120012,Severe
439.9811183541419,88.86147301862277,5.607812378872336,8.217516120276466,12.66566885084927,10.63470512046356,1.1274954527835976,6.954110124644561,38.7962431791754,1.2140426059282396,7.685398775983982,1.3652039352083931,497.7799426752843,Severe
318.99649809010884,99.20700440066496,6.285826492353231,10.118220452176576,15.075307235044097,10.772818236706495,1.074591514462337,9.24333122394805,40.747428735636376,1.2631095642285706,8.314946181631159,2.048144398129868,506.6814439812987,Severe
522.659411130536,90.98431999660431,13.151439488005263,14.076501027843321,25.956441839656016,10.598351767982676,1.438764605473261,7.661839853715789,37.737301759264376,1.8565181501569161,11.131394304186538,2.199291168804919,454.3033182368818,Severe
362.74778326537376,94.83136000709786,8.2199347684199,15.91615319928847,22.743711961067326,10.487476403961788,1.1654899602679258,9.16729018560668,38.85323494040189,1.3802685761721754,9.575625523329311,2.272322801396729,508.70336357702865,Severe
375.57884717340323,93.83956026952602,7.785973069402793,14.63714971909441,21.069408824132232,10.511936063360935,1.1591777901004041,8.799606273348548,38.843766685150605,1.3526528316892685,9.261595057495112,2.1216197386471514,506.8886146538662,Severe
523.4266899711664,91.93629813070476,14.35371105718198,15.674926689089036,28.716574271979884,10.57677474771748,1.4801924843824372,8.00534601633771,37.61819660740049,1.9523201201343863,11.762306376740867,2.4047044017295844,450.41945458914654,Severe
516.1305504516553,82.97604461494394,3.030025409404248,0.6200084698014161,2.71995765099292,10.780118577219824,1.0899576509929196,4.771188595465389,38.74131846575377,1.0500056465342775,5.820112930685548,0.4703133826523951,487.00423490070807,Severe
515.37269555181,83.04200531824769,3.0303026846633485,0.6201008948877829,2.719495525561086,10.781412528428959,1.0894955255610859,4.784158915918858,38.75570597086487,1.050067263258522,5.8213452651704385,0.473733110847965,487.0504474438914,Severe
406.84064526119033,92.48820718304775,3.0700111464957636,0.6333370488319212,2.6533147558403942,10.966718683646896,1.023314755840394,6.641632519412939,40.81613393483573,1.0588913658879475,5.997827317758949,0.9634708067810835,493.6685244159606,Severe
518.2537018790453,85.51806881055897,6.248005306535488,4.898353070856947,10.107782462527275,10.722246853795127,1.200886040713355,5.689430087581568,38.421202632949104,1.3064239691496335,7.508701995030469,1.0198099518703851,476.604433683123,Severe
524.5989673386548,93.39076600060318,16.190586617262223,18.117061317422568,32.93360804164005,10.543808567529393,1.5434875503435654,8.530167604932064,37.43622329276225,2.0986899601694953,12.72623748544055,2.7185424371201785,444.4855421552907,Severe
517.5366346968779,84.62838928082815,5.124411847863659,3.40453032465434,7.528276446136381,10.742411847669352,1.1621692524748426,5.3684033851039015,38.53251339913483,1.2168913963480734,6.9190775741481225,0.827839210187761,480.2341325804835,Severe
332.9585887576696,97.72655721940987,7.191846769569301,12.82790771379506,18.654171065747867,10.650564114272534,1.1131099365990644,9.318693354215561,39.98543386293155,1.3183751264247447,8.914493795759352,2.1821215186054417,508.0212151860544,Severe
521.0846626370933,89.03049818752967,10.683920195130398,10.79592261405707,20.29159855278321,10.642636033827523,1.3537388150511551,6.956834341465828,37.98175090672793,1.6598960098057964,9.836522370883216,1.7777049579619775,462.27448608895423,Severe
517.3482272006968,84.39462834912099,4.829190653060325,3.0120323686056873,6.8505180965448105,10.747710146212125,1.1519965192727177,5.28405447230295,38.56176000709094,1.1933669508181595,6.764155324757429,0.777399408060558,481.1878263181827,Severe
524.68151363233,93.49318283066371,16.319930809714005,18.28902502483154,33.23055185173395,10.541487243185319,1.5479444930841868,8.567123088489716,37.42340958238296,2.108996640257182,12.794113009261261,2.7406414448757594,444.0677037733575,Severe
303.0432207258301,100.89858376854578,5.250595227620739,7.022094414584759,10.986048061784695,10.912507483149142,1.0305798340762975,9.157221414497105,41.6180945867515,1.1999623706312095,7.629894808665849,1.8950602924392959,505.15060292439296,Severe
518.2326345409258,85.49193014470319,6.214994280663236,4.85446475792413,10.031996920000738,10.722839298624134,1.1997485466416622,5.679998365903781,38.42447292840522,1.3037935141088437,7.491378908230313,1.0141698770982412,476.7110737523442,Severe
462.81196529808045,87.09672239701838,4.835646235767787,5.941731905781063,9.68651147690772,10.678227212165815,1.1162639452475316,6.299874810668707,38.7793959178713,1.16490476045795,7.126631276064691,1.0970516927848135,494.5508842586653,Severe
521.6951600576707,89.78795449225059,11.64052638957849,12.06773501328023,22.48774112984351,10.625467939885525,1.3867015554197901,7.230150397022426,37.8869830281681,1.7361223469082645,10.33851743774722,1.941145212289792,459.18422917939466,Severe
358.31444700889847,96.71173620691688,3.0877653553770443,0.6392551184590148,2.623724407704926,11.049571658426206,0.9937244077049261,7.4721349570817415,41.73738010678663,1.0628367456393433,6.076734912786864,1.1824393829835471,496.62755922950737,Severe
372.04673564350367,94.11258106605067,7.90543324290204,14.989231430444011,21.530307893523872,10.505202853581885,1.1609153926240297,8.900821620349728,38.84637308893605,1.3602548427301298,9.348040783045477,2.1631049988987083,507.38817537940855,Severe
462.7912330673011,87.09832493139851,4.836347424239602,5.943798499440719,9.689216789520792,10.678187690633768,1.116274144352576,6.300468908537553,38.779411216528864,1.1649493815425203,7.127138681540658,1.0972951964177526,494.5538165013656,Severe
310.20194697565074,100.13952007598954,5.715135338110478,8.411421399376623,12.821024431685938,10.849824621659769,1.0503292287921275,9.195861534593293,41.227400039112254,1.2282984587017483,7.93729843076442,1.9637538392769653,505.83753839276966,Severe
334.5981843190002,97.55270541705696,7.298242499289808,13.146111578282644,19.074444031390613,10.636207574032984,1.117633230099197,9.327543276281038,39.89595131760284,1.3248650692727608,8.98489984241359,2.1978547133885113,508.1785471338851,Severe
313.5760310877069,99.78175465016997,5.934084541015884,9.066245447992053,13.6858940187633,10.820280644188244,1.0596376052557583,9.214073575500397,41.043256069940426,1.2416539553669579,8.082185333980936,1.9961308008895946,506.16130800889596,Severe
523.7758935378318,92.36956194851349,14.900888299437264,16.402401385899363,29.972764380186916,10.566954624920365,1.4990471201528992,8.16168237126779,37.563989529560416,1.9959214653535797,12.04944676732853,2.4981919707581257,448.6518324856657,Severe
443.33109012150686,88.60253103660472,5.494512386740329,7.8835901434655895,12.228536881205416,10.641091120020091,1.1258474528980411,6.858114131310897,38.79377117934706,1.20683260642893,7.603410781677548,1.3258579379407325,497.3061427081868,Severe
316.9753986869051,99.42130833162719,6.154674426006439,9.72597637944255,14.557244451711206,10.790515280779168,1.0690157334531387,9.232422087190924,40.85773222951399,1.2551095306066775,8.228157938096682,2.028750377228309,506.4875037722831,Severe
343.2966108536262,96.63038215250023,7.8626959903816465,14.834255291012022,21.304087488808833,10.560042870059409,1.1416303286114193,9.374494121196255,39.42122610790453,1.3592956888772538,9.358419897516876,2.281322882126676,509.01322882126675,Severe
519.7869626806282,87.42041601432274,8.65051632633869,8.092502682253592,15.62338206147246,10.6791292834469,1.2836717757819507,6.3758618075253395,38.18319364462689,1.4978659814957607,8.769459752012622,1.4302892215855048,468.84327102044216,Severe
281.3828495959299,103.19530538049634,3.845022385917966,2.818366396331367,5.433905431990192,11.102168883231032,0.9708235025436474,9.04030685280279,42.800230710549585,1.1142250253887114,6.699774517853294,1.6872121827605127,503.07212182760514,Severe
524.8341220075745,93.68252708026387,16.55905731895519,18.606944834676963,33.779530011499425,10.537195669078335,1.5561843153695973,8.63544494827291,37.39972009331241,2.128051229292194,12.919598636149493,2.7814972303742533,443.29522043410026,Severe
393.3995794823561,92.4620753038174,7.183254906204905,12.860774914469362,18.744012565394197,10.54590745074118,1.1504109804538896,8.288939611439064,38.83061647068084,1.3142980394857666,8.825446277581005,1.9123121583366123,504.36815688049325,Severe
301.86479270366164,101.02353643396462,5.174125327177756,6.79339145910094,10.683984887576461,10.92282597248803,1.0273288031887031,9.150860701890942,41.68240845865826,1.1952978480533567,7.579291806154597,1.8837523589172283,505.0375235891723,Severe
401.70254811170423,91.82028268500724,6.902438724545729,12.033133040888412,17.660572679065524,10.56173527188924,1.1463263814479379,8.051011719342382,38.824489572171906,1.2964279188347283,8.622237477034911,1.814792357069517,503.19383466628216,Severe
518.0932513958143,85.31899470144329,5.996590769819127,4.564096271145027,9.530593885054966,10.72675895962277,1.1922227975242772,5.617597362805465,38.44610945711771,1.286390219274891,7.376768020630138,0.9768547043912075,477.416612732099,Severe
303.7560192795895,101.46028670768726,3.107726567197191,0.645908855732397,2.5904557213380155,11.142723980253557,0.9604557213380154,8.4058760877797,42.77314520900978,1.0672725704882646,6.165451409765292,1.4286276620986855,499.95442786619844,Severe
352.3674112232687,95.66857484450408,8.451313358736758,16.59466730949367,23.629180494677364,10.480617605937555,1.1666547268963872,9.423454900449453,38.926178228788864,1.395200260329599,9.747930096908984,2.368364267465694,509.8836426746569,Severe
519.3167233977907,86.83698077363677,7.913684694175895,7.112881589098176,13.931790130634973,10.69235311029835,1.2582820282271667,6.165338484050256,38.256189168846895,1.4391521902753226,8.382795054876224,1.3043983899597007,471.22355985370314,Severe
449.51241423630046,88.12473467623727,5.285452722299517,7.267434296086398,11.421946684944686,10.652874482924936,1.1228065850516293,6.6809835792574095,38.78920987757744,1.1935288096008785,7.452127606318561,1.2532572181076507,496.4318932023434,Severe
366.69811265408316,95.98205499441472,3.084698035941024,0.6382326786470081,2.62883660676496,11.035257501058112,0.9988366067649599,7.328652570130127,41.57822030938425,1.0621551190980054,6.063102381960107,1.1446091099392972,496.116339323504,Severe
445.0578281805012,88.46905976983828,5.436112071130509,7.711468486004647,12.003217845343533,10.644382774172644,1.1249979937618984,6.8086331366305775,38.792496990642846,1.2031162227083052,7.561150189654442,1.3055771010653223,497.06192320654577,Severe
524.2379707940495,92.94287040026605,15.624930614297917,17.36501902202422,31.634995049910078,10.553960326376563,1.5239961733569993,8.368551604085118,37.49226100159863,2.053616150888061,12.429400056749301,2.6218976928951214,446.3128587477813,Severe
410.21330404732913,91.16242877951711,6.6145949313718475,11.1847788795523,16.55001898976557,10.577959194777224,1.1421395626381359,7.80712952367142,38.81820934395721,1.2781105865418447,8.413943241247265,1.7148320579854963,501.9901242584641,Severe
310.72869628874656,100.08366708417273,5.749316863645424,8.513650065394259,12.956044616654845,10.845212327086662,1.0517824174932435,9.198704729878084,41.19865217567714,1.2303834685772623,7.959917628807878,1.9688084086721513,505.8880840867215,Severe
288.24684832777086,102.4674926326317,4.290437201070416,4.150494253848304,7.193335117721773,11.042066699301033,0.989759807069537,9.077356144266487,42.4256212079722,1.141394505795423,6.994522214386707,1.7530775898070856,503.7307758980709,Severe
457.078947404079,94.61067588477476,13.617144345031694,18.223986172837865,30.433199662223135,10.506207433060723,1.411382887071492,9.019649091978463,37.95481417348191,1.8586274854358347,11.809512534870171,2.663624892309003,468.9649091978464,Severe
454.7437391910568,87.72037017813562,5.108523148746695,6.74597458930617,10.739320221164524,10.66284687707064,1.1202330639817701,6.531075976938109,38.785349595972654,1.1822696549202443,7.324094933093064,1.1918144025647617,495.6920058947589,Severe
517.4235866292415,84.4881282925234,4.947273537157839,3.1690241140102806,7.121608594279088,10.745590927186687,1.1560654198015623,5.317792439187954,38.55006191807051,1.2027762832911129,6.826121289061293,0.7975743731827465,480.8063668936035,Severe
349.3715343943376,95.98623768686645,8.256906573987843,16.013243690780648,22.86125572756381,10.506849944729922,1.1583897434412576,9.40728428064594,39.08968116235773,1.3833418058070217,9.619283832694359,2.3396164989261137,509.5961649892611,Severe
306.388605573734,101.2311567733093,3.106763386716387,0.6455877955721289,2.5920610221393554,11.138229138009804,0.9620610221393556,8.36082064528875,42.72316684406139,1.0670585303814193,6.161170607628384,1.4167484361687679,499.7938977860644,Severe
504.2616796037622,83.89279355172002,3.4337680616117803,1.8100145961321772,4.277810594073088,10.757242163800063,1.0958729899870805,5.112101666747436,38.748809484980626,1.075694331193477,6.112181251857253,0.6102176359415457,488.6884846212856,Severe
440.6871345739284,94.7578590913425,12.811459649339493,18.003211362986267,29.40482868646417,10.500473022415228,1.3731534827681848,9.084639079294085,38.09817443961931,1.7859916172595511,11.491252744045138,2.618705342252617,475.4639079294086,Severe
291.73983465248415,102.09711960743721,4.517102140697364,4.8283942026771465,8.08868257794874,11.01148159654176,0.9993962093087604,9.096209974734531,42.23498803323974,1.1552206481386562,7.144514910110271,1.7865955106391667,504.06595510639164,Severe
308.48814799758384,100.32123991485378,5.603924441248994,8.078816535935069,12.381731110811645,10.864830897946069,1.0456012239348,9.186611090307217,41.32093230911591,1.2215147995586262,7.863706007332976,1.947308604990609,505.6730860499061,Severe
524.9124895942879,93.77975930539881,16.681853773726697,18.770203294287036,34.06144175762956,10.53499185617863,1.5604156361370292,8.6705296496362,37.387555046106044,2.1378361585668797,12.984038125336838,2.802477529179435,442.8985341121535,Severe
311.2795704961855,100.02525604910304,5.7850638885014245,8.62056076080463,13.097248668627625,10.840388791385205,1.05330216161836,9.20167814229679,41.16858767233244,1.232563971017647,7.983572776494473,1.9740944751942957,505.94094475194294,Severe
522.1673981845441,90.37386973852878,12.38049006869501,13.051520177475348,24.18652350300549,10.612187902571877,1.412199227061996,7.441568591055717,37.81367722219676,1.7950857125808661,10.726825728798316,2.0675711675157307,456.7938224629379,Severe
300.7733707756146,101.13926355215986,5.103301378146513,6.581574177155376,10.40422374325157,10.93238262365121,1.024317803507153,9.144969615557473,41.7419738871411,1.1909777180754806,7.532424941546122,1.8732793165466193,504.9327931654662,Severe
483.9026249233521,94.36982425291842,14.935572433699832,18.585263620622374,32.116033141946644,10.515591262873308,1.4739417524887228,8.913299020769172,37.720218428167286,1.9774893297285734,12.330315089468618,2.7371315591742493,458.3299020769171,Severe
276.5347256644193,103.7093681795194,3.5304206050678717,1.8774686487981822,4.191199321682148,11.144619770480675,0.9574485654649927,9.014138497648899,43.06482185710558,1.095034898275859,6.491590714629017,1.6406906624869313,502.60690662486934,Severe
517.3457407277857,84.39154333267446,4.825294526215344,3.0068524497852236,6.841573506702563,10.747780069522337,1.1518622665171117,5.2829412932043835,38.56214598376331,1.1930564913208208,6.762110767166846,0.7767337381473451,481.2004125140208,Severe
523.9516724916655,92.58765439629578,15.176321463318232,16.768591062502054,30.60509407013044,10.562011459739443,1.5085379973002693,8.240377560948065,37.53670325776172,2.017869118756873,12.193984917218684,2.5452509032805017,447.76206275309977,Severe
491.49758398103074,84.87941685744954,3.865464814317619,3.082342661834291,5.9433751563308865,10.732910165011189,1.1021522154809835,5.477866551767291,38.75822832322147,1.103165942729303,6.424572720178932,0.7601341446084822,490.49376195078275,Severe
342.00597861621867,96.7672322062208,7.7789449959666905,14.583776346532542,20.973263320482108,10.57134383603407,1.1380697502906356,9.367527772307765,39.491663635554815,1.3541870330256947,9.302998721915113,2.268938261880472,508.88938261880475,Severe
300.150272525756,101.20533274406041,5.062867630614608,6.4606466290839855,10.244506703555304,10.937838563706347,1.0225988086952607,9.141606364838553,41.775980088854624,1.1885113342149392,7.505668413604492,1.8673002041574285,504.8730020415743,Severe
493.8957467247027,94.28009532997469,15.42675088851521,18.719857005037976,32.742970291865205,10.51908719493605,1.4972479662403422,8.873678457391419,37.632820126598716,2.02177113585665,12.52433931895085,2.764516360332402,454.36784573914184,Severe
324.7617185892895,98.59569878458295,6.6599399972179,11.237103355819892,16.553090155369045,10.72233711682642,1.0904965248355114,9.274449722504261,40.43278613912358,1.285929796503125,8.56251112570057,2.1034661733409092,507.2346617334091,Severe
344.9752497338642,96.45239045643086,7.971625297591523,15.160036472279272,21.734368319691473,10.545344460768613,1.1462613342783827,9.383554784457704,39.32961273492764,1.365940175268984,9.430502507463522,2.2974307279248096,509.17430727924807,Severe
520.4135189819369,88.19779689209948,9.632285648861812,9.397769577668395,17.87729325560666,10.661509589934282,1.3175015873261788,6.6563673282462315,38.08593293643724,1.5760974206917884,9.284659590321597,1.5980287038256362,465.67172618817074,Severe
297.92571133950196,101.44121040852588,4.918512634601242,6.028915790729778,9.67429112780565,10.95731714912035,1.0164617201401638,9.129599017665537,41.89738771027067,1.179705946288061,7.410143296094723,1.8459538091831784,504.6595380918318,Severe
339.2136923379201,97.06330766142241,7.597749496799182,14.041864483957628,20.25752435242117,10.59579350597719,1.130366429623625,9.352456057959266,39.644055413967415,1.3431344425034621,9.183094861098166,2.242144103038696,508.62144103038696,Severe
484.929959761334,85.387072966425,4.0875896034476895,3.7370049948885526,6.800372979119995,10.720390404169311,1.1053831215046936,5.666066827648406,38.76307468225704,1.1173011565830349,6.58531029485851,0.8372720259245612,491.42264743259943,Severe
509.55394562274523,83.48371850646964,3.2547773894656338,1.2824802696796223,3.5872320371746818,10.767330728957392,1.0932694893013184,4.960447751801791,38.74490423395198,1.0643040156932677,5.982657092740586,0.5480590570689746,487.939978174129,Severe
311.76633616512174,100.76310029962495,3.104795844323505,0.644931948107835,2.5953402594608246,11.12904727350969,0.9653402594608247,8.268783384466188,42.62107325545299,1.0666212987385568,6.152425974771134,1.3924820799898974,499.46597405391753,Severe
522.6133318860059,90.92714856047749,13.079236577284817,13.980506921128127,25.790680957757964,10.599647584757989,1.43627663726466,7.641210450652805,37.744454667864105,1.850764723674526,11.093504621676383,2.1869549931039387,454.53656525643817,Severe
284.9673640741524,102.81522731899355,4.0776267199372,3.514029635597763,6.35271404899408,11.070782346477975,0.9807124113836517,9.059654717924536,42.6046022965408,1.1284134598113265,6.853697533710753,1.7216083874213974,503.416083874214,Severe
346.18486976067425,96.32413039841238,8.050119292374328,15.394793003810838,22.04442685361172,10.53475284964265,1.149598417235877,9.390083859809325,39.263596528594604,1.3707281638601716,9.482444929149741,2.3090379729943553,509.29037972994354,Severe
373.1978053583797,94.02360710026545,7.866502708946695,14.874492529459259,21.380106815245252,10.507397120041187,1.160349130311952,8.8678368406712,38.845523695467925,1.3577774451147897,9.31986923301961,2.1495854861978523,507.2253749646862,Severe
315.1648741091116,99.6132843094093,6.037186864942953,9.374599533230494,14.093157727140651,10.80636850066389,1.064020883352473,9.222649554385274,40.9565433945489,1.2479430065492005,8.150412010442842,2.0113769855738193,506.3137698557382,Severe
518.0343067566275,85.24586091401589,5.904228697392689,4.441300464875277,9.318552314617245,10.72841657039855,1.1890401848347805,5.591208199255054,38.455259468600005,1.2790304274304298,7.328299481546344,0.9610742498057862,477.71498267173934,Severe
359.8167431192161,96.5809822749607,3.087215712505673,0.6390719041685577,2.624640479157211,11.047006658359807,0.9946404791572113,7.4464238849876025,41.70885974890549,1.0627146027790386,6.07429205558077,1.1756604542366362,496.53595208427885,Severe
520.6146204621003,88.44730750247093,9.947397416991844,9.81671214376805,18.60071567806168,10.655854317713713,1.3283597099896687,6.74639926199767,38.0547158337797,1.601206829351109,9.450019750050997,1.6518668953654407,464.65377718846855,Severe
465.85200703170744,86.86173700412888,4.732828442538491,5.638699827917989,9.289821736484868,10.684022396875102,1.1147684137096507,6.212760098587157,38.77715262056448,1.1583618099797222,7.052228582055127,1.0613458773179123,494.1209189415246,Severe
279.8803932795119,103.53832708600207,3.116461907414301,0.648820635804767,2.5758968209761646,11.183488901266738,0.9458968209761648,8.814495891268974,43.226412306942066,1.0692137572031781,6.20427514406356,1.5363635247763803,501.4103179023835,Severe
387.9831224831101,95.23109201431993,10.220970337196771,17.29336197852011,26.098344107738704,10.482035376065458,1.250235840436383,9.293599071258148,38.55911559836356,1.5524480968291274,10.467963371632889,2.47427711251275,496.3599071258149,Severe
519.5079655374259,87.07425870391529,8.213347574391655,7.511284786628389,14.619745544080772,10.686975097372727,1.2686078130443643,6.250956449826187,38.22650253749745,1.4630305676650925,8.540048152821464,1.3555970730116398,470.25551752709083,Severe
346.7637495064225,96.26274984242804,8.087683637156603,15.50713886306725,22.19280948725261,10.529684093322677,1.1511954226517593,9.393208435623007,39.23200359536737,1.3730195194568722,9.507302665623039,2.3145927744409023,509.34592774440904,Severe
280.749750108218,103.26243503710391,3.8039396435823356,2.6954978619523438,5.271624802838172,11.107712395597947,0.9690769164554411,9.036889619151951,42.834782739685835,1.1117190540447637,6.672588525697737,1.6811371007145781,503.0113710071458,Severe
516.9034443592723,83.8427774221341,4.132247460591842,2.0854431421508224,5.250500630992615,10.760218100132953,1.1279812477447297,5.084927845883383,38.6308039127339,1.1378316354096873,6.398422752112446,0.6583236867342848,483.4392580239316,Severe
348.4879304869,96.07992916511701,8.199568237185186,15.841758609548302,22.634763997901562,10.514586910694051,1.1559520692333813,9.402514918065311,39.13790471733963,1.3798442732478948,9.581340903719589,2.331137632116109,509.5113763211611,Severe
293.29328952603237,101.93240159037872,4.617908076476372,5.129880347021756,8.486875340905744,10.997879316852542,1.0036818590738568,9.104594941666242,42.15020670093022,1.1613696238885773,7.2112219803669895,1.801502118517763,504.21502118517765,Severe
517.9228706226397,85.10759988388253,5.729616172482656,4.209152298232505,8.917683072217898,10.731550319948266,1.1830233856993306,5.541318906423616,38.47255776611443,1.265116579429702,7.236668644712722,0.9312409540925142,478.2790575906878,Severe
454.2744012374761,88.35976002888587,3.0526566278654705,0.6275522092884902,2.682238953557549,10.885730930038862,1.0522389535575487,5.829826703484798,39.91562724590832,1.055034806192327,5.920696123846537,0.7494317436741392,490.77610464424515,Severe
523.4496081379218,91.96473315649916,14.389622200365665,15.722670721519894,28.799017800983055,10.576130254839093,1.481429910708939,8.015606342961618,37.6146390067118,1.9551816685144212,11.781151348504883,2.410839973931822,450.30344587103696,Severe
387.62438696101583,92.90847900565755,7.3785787216480925,13.436447468711926,19.49760735879501,10.53489829023438,1.153252054133063,8.454432153250929,38.8348780811996,1.3267277368321513,8.966789693119894,1.9801427924268833,505.1849655632557,Severe
322.69374079028245,98.81497338867582,6.525745923898623,10.835761376835439,16.02301116334817,10.74044463503771,1.0847914163579822,9.263287553743877,40.54564806770079,1.277744206078844,8.473709872006854,2.083622317766894,507.03622317766894,Severe
310.6046812753754,100.09681681091138,5.741269349883425,8.489581900390725,12.924256193532127,10.846298220810555,1.0514402865939347,9.19803534333596,41.20542041738085,1.2298925851130371,7.954592286983857,1.967618388152817,505.87618388152816,Severe
321.75390030248076,98.91462781967219,6.464758313978901,10.653362203360189,15.782104467602425,10.748674016782884,1.082198597451968,9.258214647188634,40.59694078953715,1.2740240746049976,8.43335208207846,2.0746038172242365,506.94603817224237,Severe
461.81762167738833,94.56812700493745,13.850058018426818,18.287809492593826,30.73048923822925,10.507865181625814,1.4224345441720911,9.000861274907445,37.91337045935466,1.879625633926973,11.901517580232658,2.676610589402207,467.0861274907445,Severe
383.9889148215931,94.4771317275893,3.0783718755480165,0.6361239585160056,2.6393802074199724,11.005735419224077,1.0093802074199723,7.032728845079447,41.2499628756582,1.0607493056773372,6.034986113546741,1.066586465092206,495.0619792580028,Severe
394.6462760406885,92.36570969234133,7.141090159735661,12.73650390714819,18.581333307198314,10.548284009178536,1.1497976750507004,8.253214571703305,38.82969651257605,1.3116148283468148,8.794934333772352,1.8976694918354748,504.1918315770764,Severe
510.234577545931,83.43110786033482,3.2317576158982884,1.2146347188565918,3.498417565338488,10.768628207103914,1.0929346562312479,4.940943725470186,38.74440198434687,1.0628391210117094,5.96599914750458,0.5400649175210419,487.8437136664838,Severe
522.8458355647817,91.21562050388545,13.44355336528779,14.464867790748738,26.62706651987822,10.593109236086004,1.44883026671487,7.7453009615107975,37.708362983194746,1.8797949917781371,11.284685936845209,2.249200072461231,453.35966249548096,Severe
402.7434125249404,95.09855836226221,10.946462990993222,17.492162456606682,27.02435845588222,10.487199024846927,1.284660165646179,9.235077718401495,38.43002437882683,1.6178543147277402,10.754545879004441,2.51472569463426,490.5077718401496,Severe
524.1583887870393,92.8441314196898,15.500231248982688,17.19923063396693,31.34871466923664,10.5561982905782,1.5196992820898556,8.332923213995054,37.504614563991666,2.0436795898327915,12.363961983493429,2.6005922736955345,446.715692304076,Severe
520.5411875395918,88.3561978134642,9.832333231328771,9.663733772017864,18.336555401141,10.657919360528917,1.3243948277844804,6.713523780379649,38.06611487011962,1.5920380392516107,9.389637898134481,1.6322076877647147,465.02548489520495,Severe
433.82721614214574,94.81945476730859,12.474283319213388,17.91081784903712,28.974458898545205,10.498073190884082,1.3571546058938737,9.111837169980415,38.158170227897976,1.7555937511983601,11.358062094066499,2.5999066619253015,478.18371699804146,Severe
296.5732430694715,102.08544723721539,3.1103545189794204,0.6467848396598067,2.586075801700966,11.154987755237293,0.9560758017009664,8.528805832259543,42.90950670704324,1.0678565597732046,6.1771311954640895,1.4610390674128486,500.39241982990336,Severe
380.2689681149016,94.80090122630983,3.079732886985889,0.6365776289952964,2.637111855023518,11.012086805934148,1.0071118550235183,7.096393935673256,41.320584246934466,1.061051752663531,6.041035053270618,1.0833722728259654,495.28881449764816,Severe
401.22852137527116,92.97666432519796,3.072064446019048,0.6340214820063493,2.6498925899682533,10.976300748088889,1.0198925899682534,6.737681308224353,40.92267736565504,1.0593476546708995,6.006953093417991,0.9887948342349243,494.01074100317464,Severe
329.85531918910715,99.18870651718044,3.0981776546728743,0.6427258848909582,2.6063705755452093,11.098162388473412,0.9763705755452095,7.959199179697788,42.27766274802581,1.0651505899273055,6.123011798546108,1.31085774096545,498.36294244547906,Severe
336.44114238123825,98.61550242537375,3.0957681092145557,0.6419227030715186,2.610386484642407,11.08691784300126,0.9803864846424071,7.846485997703106,42.15263411146639,1.0646151353810125,6.112302707620247,1.2811400136461872,497.96135153575926,Severe
460.38199318592615,94.58101761118112,13.779494505028032,18.26847358322832,30.64042240499426,10.507362950213723,1.419086334758151,9.006553230911143,37.925926244656935,1.8732640360404869,11.873643736861608,2.672676443340827,467.6553230911143,Severe
521.6475888691422,94.0309096445777,16.79079980273377,19.09363553313345,34.484033911911666,10.528795728133336,1.5619715208889096,8.763648414488854,37.390106796666586,2.144745889688928,13.063162911400171,2.840566537044469,443.3648414488854,Severe
297.0617400346696,101.5328201762447,4.862448285804994,5.861240899135825,9.452831768512521,10.96488220912428,1.0140782080841308,9.12493562451243,41.94453979659654,1.1762861246424487,7.373043412787778,1.8376633324665426,504.5766333246654,Severe
387.96567489777806,92.88209855205344,7.3670359615190035,13.40242780658601,19.45307329153332,10.535548882168928,1.1530841594402763,8.444652287396101,38.834626239160414,1.3259931975512094,8.958436932153752,1.9761343066365997,505.1366958390795,Severe
462.9423805888275,87.08664171687639,4.83123543697853,5.928732078803995,9.66949381321535,10.678475820824847,1.1161997881742332,6.296137661149082,38.77929968226135,1.1646240732622701,7.1234394616681005,1.0955199426598168,494.53243910009206,Severe
343.595431070229,96.59869724528218,7.8820868668578505,14.892248707164514,21.380683243022602,10.557426356228055,1.1424547096815723,9.376107040681337,39.40491769977759,1.360478496499647,9.37125156808708,2.284190294544599,509.041902945446,Severe
489.2708057892068,85.31381091935884,3.0398525447334093,0.6232841815778032,2.7035790921109846,10.825978542089244,1.0735790921109842,5.230880148085042,39.25123759894469,1.0521894543852022,5.863789087704042,0.5915147183787166,488.64209078890156,Severe
521.4770369120955,89.51732476270115,11.298742878007898,11.61333223982098,21.70308666465848,10.631601886611488,1.3749243777059434,7.132497965145113,37.92084241409541,1.7088876234449941,10.159160835480098,1.8827500394586356,460.28833959006784,Severe
296.9632396529239,101.54326450123729,4.856056453428311,5.842124476242157,9.427583439882257,10.965744692975477,1.0138064665967674,9.12440395638498,41.94991555210743,1.1758962346823185,7.368813697462727,1.8367181446844083,504.5671814468441,Severe
389.7392408664554,95.21532370745531,10.307286458540137,17.317014438817047,26.208517472585044,10.48264972568356,1.2543315045570647,9.28663644225299,38.543756857911006,1.560229858658423,10.502059775437564,2.479089517854551,495.663644225299,Severe
520.6311511484794,88.4678174541875,9.973299831081768,9.85114952416614,18.660181521751255,10.655389450267736,1.3292522554859476,6.753799951737648,38.0521497654779,1.6032708408112537,9.46361247417141,1.6562924334511562,464.57010104819244,Severe
516.9727213610972,83.92873077760429,4.240799613057812,2.2297637353790867,5.49971081303581,10.758269927978143,1.1317217382819635,5.115942746587946,38.620050002439356,1.1464815197770404,6.455387305919068,0.6768702856480684,483.0885870360659,Severe
520.974877156767,88.89428515625858,10.51189412753237,10.567213154479504,19.896667207357158,10.645723364545363,1.347811140072903,6.90768403643782,37.9987929722904,1.646188261418588,9.746248820693584,1.7483135695281435,462.83020561816534,Severe
319.13494400940067,99.19232451669544,6.294810448492956,10.145089289577825,15.110794692106188,10.771605983844758,1.0749734571448022,9.244078503109396,40.739872913005,1.26365756894689,8.320891202514748,2.049472894416703,506.694728944167,Severe
397.2396757826456,95.14797679024387,10.675945232626098,17.418034814634197,26.679071257776613,10.48527363154894,1.271824210326268,9.256898842445345,38.47815921127649,1.5934659996199092,10.647686550966181,2.499643447133365,492.6898842445344,Severe
520.037453365982,87.73120479491337,9.043017478979435,8.614334796173662,16.524472288425148,10.672085113442579,1.2971965821902463,6.488004993994124,38.14430982620304,1.5291420963149442,8.975431282938956,1.4973497200266368,467.5753204196644,Severe
301.5934786846807,101.64850571714697,3.1085177727483995,0.6461725909161331,2.5891370454193345,11.146416272825862,0.9591370454193345,8.442886925230678,42.81419998594471,1.0674483939440889,6.168967878881774,1.4383858638969242,500.08629545806656,Severe
522.5672321974494,90.86995175904006,13.00700163222377,13.884470224607623,25.624846532556795,10.600943976449681,1.4337875652166123,7.620571894921077,37.75161075000224,1.845008744563416,11.055598128611326,2.174613344199036,454.7699157609426,Severe
519.4278016149839,86.97479772927694,8.087736388832987,7.344284129302722,14.331371838828353,10.68922942590034,1.264279502271345,6.215067539666567,38.23894643096988,1.453021349002485,8.474131586674023,1.3341358654287516,470.66129666206143,Severe
324.06012040981557,98.67009158662864,6.6144122756039625,11.100940964745307,16.37325144725632,10.728480413827931,1.0885609655062682,9.27066275859922,40.47107655194121,1.2831526896394283,8.532383723967133,2.096733793065281,507.1673379306528,Severe
305.9942127397528,100.58568021327318,5.4420893717411865,7.5948070304570034,11.742467629225354,10.886668162408306,1.0387209899261503,9.17314976289899,41.457041286243545,1.2116431594592592,7.756613669285295,1.9233773562648704,505.4337735626487,Severe
464.0158505412604,94.54838895788268,13.958104600681157,18.317416563175975,30.868399229339175,10.50863419644613,1.4275613096408615,8.992145773610535,37.89414508884677,1.8893664883176369,11.944197902760173,2.682634538828012,466.21457736105356,Severe
514.0071097587144,83.13950332267224,3.1041661316386113,0.8385878170658003,3.0061464206129713,10.775819727125823,1.0910787800965618,4.832838940624714,38.74161817014485,1.0547196629224571,5.873669309803941,0.4957558748054087,487.31014927776147,Severe
320.71344668978367,99.02495059688512,6.39724177272076,10.451436577194434,15.515407889656679,10.757784381869472,1.0793282084520839,9.252598668710599,40.65372457192616,1.2699056903877728,8.388673853297657,2.0646198554855095,506.8461985548551,Severe
518.308946178533,85.58661151284802,6.334569208882403,5.013440182950617,10.306512799717105,10.720693302066001,1.2038688600332774,5.714162631109257,38.412627027404326,1.313321738826954,7.55412784759012,1.034599764331667,476.3247943718803,Severe
507.63328812087457,94.15674500783543,16.101973755809997,18.90488248824687,33.60482059460446,10.523893051642775,1.5292870109518386,8.819212081381874,37.512673708930606,2.0826453208084934,12.791064366174057,2.8021622378684103,448.92120813818747,Severe
523.7310822526513,92.31396369479681,14.830672191162256,16.30904874230617,29.811564728885063,10.568214784796082,1.4966276131915206,8.14162062604636,37.570945612074375,1.9903263555053916,12.012599692562533,2.4861952487412897,448.87866126329493,Severe
518.3865642053383,85.68291374408112,6.456191156396199,5.175137129681091,10.585728153736571,10.718510567903872,1.208059709624564,5.748911758970342,38.40057833482938,1.3230130785068042,7.617950994490755,1.0553793935551292,475.93190222269715,Severe
283.6060060886491,102.95957666038552,3.989286229334196,3.2498246193396105,6.003760946556705,11.082702597520523,0.9769567158496978,9.052306617966801,42.67889975166902,1.1230248531756535,6.7952393162692095,1.7085450986076447,503.28545098607646,Severe
485.8604705487767,85.31514749232491,4.056118632282182,3.644251459871666,6.6789522503687095,10.722164222544095,1.1049253619241046,5.639402332079085,38.76238804288616,1.115298458417957,6.562536755724198,0.826343015937994,491.29104155318004,Severe
340.3405605469994,98.27611243826473,3.094341434817554,0.6414471449391846,2.612764275304077,11.080260029148583,0.9827642753040771,7.779749339798904,42.07860556219973,1.064298096626123,6.105961932522461,1.2635443627498297,497.7235724695923,Severe
381.77401406683305,93.36069390714493,7.576445225878848,14.019614020272023,20.261012307845302,10.523745814541375,1.1561301123764196,8.622079045926442,38.83919516856463,1.3393192416468358,9.109973090726877,2.048856432987018,506.01240730822065,Severe
278.8166665488949,103.4674063536976,3.6784990527710395,2.320335429544439,4.776122875733293,11.12463875997729,0.9637439523359221,9.026455558918109,42.94028268205023,1.1040674098732797,6.589579779837398,1.6625876602988598,502.8258766029886,Severe
276.89908737581106,103.67073368835108,3.5540645640294843,1.9481820048053708,4.284595144789294,11.141429365667001,0.9584537615021776,9.016105185547739,43.04493645723952,1.096477136068342,6.5072368094686786,1.6441869965293139,502.64186996529315,Severe
435.1310515748056,94.80774753993819,12.538368985922753,17.92837869009271,29.056257448224063,10.498529316625785,1.3601954441718982,9.106667744907773,38.14676708435538,1.7613713439266065,11.383377072731053,2.60347964690198,477.6667744907773,Severe
420.3187320050588,90.38131188473996,6.272817451556861,10.177467434497586,15.231379331279383,10.597223016366796,1.137168253840827,7.517550786228177,38.810752380761244,1.2563611105536183,8.166620628581148,1.5961420604497465,500.5608729792378,Severe
513.3344106816776,83.19150078545881,3.126917607002664,0.9056426199114913,3.0939257491993715,10.774537371241667,1.0914097106473115,4.852115645205894,38.74211456597097,1.0561674840819877,5.890133104703747,0.5036568417045617,487.4052918111021,Severe
371.7997662705687,94.13167099974758,7.9137860380757115,15.01384939585587,21.56253449599393,10.504732059672097,1.1610368878265558,8.907898715896875,38.846555331739836,1.3607863842411816,9.354085169371153,2.16600569685902,507.42310525013477,Severe
519.7369362755167,87.35834725747453,8.572128494707181,7.988285694327135,15.44342205748282,10.680536100238564,1.280970687541956,6.353465284202051,38.19095927331688,1.4916197149407733,8.728324429024372,1.4168963257288651,469.0964980429416,Severe
508.690031881408,83.62363802357436,3.0327476610052164,0.6209158870017389,2.7154205649913057,10.792822418024345,1.0854205649913053,4.8985294759106965,38.88257307660403,1.0506105913344927,5.832211826689853,0.5038878190643405,487.4579435008695,Severe
523.8943583491975,92.5165435986106,15.086514263703146,16.649191971556515,30.398917886089492,10.563623218526505,1.5054434204291107,8.214718361058042,37.545600166266304,2.010712909742318,12.146857090284996,2.529906959627673,448.05217933477087,Severe
384.95396911148896,95.2582909892619,10.072082441897571,17.252563516107163,25.90830451658575,10.480975675743043,1.243171171620288,9.30560900824551,38.58560810642392,1.539025226078547,10.409150003738898,2.4659761266538385,497.560900824551,Severe
518.4927561324296,85.81466818230568,6.622586380736012,5.396360356872286,10.967732408897177,10.715524293238765,1.213793356981571,5.7964532516388605,38.384094098677984,1.3362721380198832,7.705269665698511,1.0838087283669569,475.3943727829777,Severe
488.41026053862754,85.11805697349313,3.969881730645362,3.3900877915929666,6.346234604417197,10.72702484790908,1.1036710069912052,5.566336157237706,38.760506510486806,1.109810655586523,6.500132597812462,0.7963952919150257,490.9304145099715,Severe
434.6895456692108,90.06434866141794,3.059822110206801,0.629940703402267,2.6702964829886646,10.91916984763174,1.0402964829886647,6.1650120441181455,40.28743616295291,1.0566271356015113,5.952542712030228,0.8378060258838816,491.97035170113355,Severe
498.8271995654949,84.48206007277838,3.0363561609785172,0.6221187203261724,2.709406398369138,10.809662084566414,1.079406398369138,5.067327085772863,39.069814130774176,1.0514124802174483,5.848249604348966,0.5483926520683797,488.05936016308624,Severe
429.5995962191809,94.85741485524146,12.266488811892572,17.85387771713782,28.70923127117012,10.496594226419164,1.347294842794428,9.128598767249471,38.195144339520894,1.7368602013094134,11.275979566263615,2.588321440283453,479.85987672494724,Severe
305.92465007889444,100.59305617491391,5.437575349967842,7.581306684377019,11.724636826028242,10.887277263313027,1.038529081421923,9.172774289738545,41.46083773708804,1.211367812474933,7.753626571697758,1.92270984842408,505.4270984842408,Severe
470.6697997889646,86.48933720730977,4.569885015131563,5.1584611082332055,8.66115636747123,10.693206480965312,1.1123983274928229,6.074702576456923,38.77359749123924,1.1479926827810996,6.934316792767931,1.0047600688911427,493.43951915418654,Severe
334.36262584021176,97.57768247058328,7.282956768568378,13.100395659045539,19.014063982311693,10.638270158769886,1.1169833746341453,9.326271819936371,39.90880715397669,1.3239326679533392,8.974784700827135,2.1955943465535492,508.1559434655355,Severe
517.8628189246764,85.03309254658949,5.6355194174063,4.084050223285333,8.701659078869598,10.73323906286062,1.1797809993076114,5.514434119258943,38.48187962699062,1.257618560898851,7.1872898019554965,0.9151641215669055,478.58303131491147,Severe
522.2124915883663,90.42981802246119,12.451148236888887,13.145460541793408,24.34873801979229,10.61091980910106,1.414633966525963,7.46175663911111,37.806677346237855,1.8007160475912896,10.76390478188498,2.0796434173579,456.56556563819095,Severe
519.9821299393,87.66256391793908,8.956329589926685,8.499082843176039,16.32545730695301,10.673640890345895,1.29420949053588,6.4632370256933385,38.15289771470935,1.5222344468642226,8.929940366286008,1.4825387239070718,467.85536026226123,Severe
436.1275997816661,89.1593375399364,5.738142917235496,8.601635761524983,13.168507764315864,10.627359217392181,1.1293911697052437,7.064535635330439,38.79908675455787,1.2223363674604406,7.77971069283587,1.4104641767126909,498.32496129025753,Severe
518.3550225211701,85.64377934853833,6.406767572542067,5.109428244327286,10.472263242634266,10.719397566896228,1.2063566715592386,5.734790735012019,38.40547456926719,1.319074802980739,7.592015143954237,1.046935163147891,476.09156204132137,Severe
279.78394607850737,103.36484246930544,3.741267221839091,2.508059824280313,5.02406294467678,11.11616911794038,0.9664124696900167,9.031676571132643,42.88749244743662,1.1078961521639372,6.631115832566349,1.6718694597913628,502.9186945979136,Severe
521.6284121773061,89.7051390681312,11.535937191211943,11.928683186019034,22.24762895728341,10.627344989389591,1.3830976203719838,7.200267768917698,37.897344341430546,1.7277882471102122,10.283632510248335,1.9232757010110855,459.5220980901265,Severe
469.2628994320696,86.59808605423001,4.6174680428214065,5.298701268024545,8.844740339758228,10.690524528495521,1.1130904442592204,6.115018378099592,38.77463566638883,1.1510206936340894,6.968749601896218,1.0212843566888885,493.6385027245259,Severe
421.6790404322548,90.27616444328224,6.226810217824367,10.041871569260543,15.053875058587835,10.59981615135899,1.136499057713809,7.478570111829373,38.80974858657071,1.2534333774979143,8.133328121261997,1.5801650029171894,500.36847909272007,Severe
308.18168433030104,101.07509426597933,3.106107355625322,0.6453691185417739,2.5931544072911303,11.135167659584834,0.9631544072911303,8.330132968695608,42.689126119669474,1.066912745694516,6.158254913890319,1.4086573860456355,499.68455927088695,Severe
442.56966113088026,94.74095575685642,12.903988941363888,18.02856636471537,29.522932504042167,10.501131593888712,1.377543959258073,9.077175269261275,38.08171015278223,1.7943335225903387,11.527803460823458,2.623864152128236,474.71752692612756,Severe
309.17801900817426,100.24809058375602,5.648691169895921,8.212702981315338,12.55856382637261,10.858790285762657,1.0475044305131351,9.190334755351786,41.283281918109715,1.2242454872579767,7.893329831465323,1.9539284539587314,505.7392845395873,Severe
524.6292887576486,93.42838638884864,16.238098132063595,18.180228098048655,33.04268329241879,10.542955884205606,1.5451247023252352,8.543742323446741,37.43151648081495,2.1024758741271063,12.75116994582806,2.726659982362624,444.3320591570092,Severe
408.3185877198954,91.30888422310242,6.678676469933436,11.373644650476546,16.797257216725008,10.574347326240115,1.1430716577444864,7.8614240636163295,38.81960748661673,1.2821885026321278,8.460314972788197,1.7370858286496116,502.2581016015398,Severe
517.3949464779876,84.45259388663689,4.9023964497599115,3.109359816909803,7.018581368508396,10.746396330765256,1.1545190449307077,5.3049704142171175,38.55450774582422,1.1992002914022615,6.802571288423902,0.7899069311147586,480.95133953774615,Severe
516.763403487503,83.66902592431462,3.9128133386856545,1.7937044531556587,4.746731555719113,10.764156257381808,1.1204199858269286,5.022232382481615,38.65254254074758,1.1203462172247722,6.283271034155932,0.6208324297251873,484.1481263287254,Severe
352.74298457434975,95.62875154567288,8.475684857229602,16.66755656006931,23.725450166173133,10.47732903035534,1.1676908534496873,9.425482104575476,38.90568094262575,1.396686876688682,9.764057631956005,2.371968185911956,509.9196818591196,Severe
469.8030920483853,94.49642492126108,14.242557086863085,18.39536261810839,31.231472628071984,10.510658769301516,1.4410584620101108,8.969200614582812,37.843530767462084,1.9150110778192106,12.056561696234173,2.6984936928618803,463.92006145828117,Severe
384.4982176151193,93.15012178439277,7.484309452200492,13.748064767303628,19.90553574103535,10.528938921785064,1.1547899556683707,8.544014917682599,38.837184933502556,1.3334560560491222,9.043300294501448,2.0168601915823525,505.6271122546566,Severe
522.8262445791502,91.19131357795568,13.412855679140769,14.424055073775094,26.556591860654834,10.59366016369094,1.4477724857133933,7.73653019404022,37.711404103574,1.8773488732122223,11.268576813676887,2.243955241662242,453.4588294643694,Severe
437.8528546398644,89.78902671718568,3.0586647549998465,0.6295549183332821,2.6722254083335897,10.91376885666595,1.0422254083335893,6.110873539437257,40.22738228721425,1.0563699455555216,5.947398911110429,0.8235319783314385,491.77745916664105,Severe
392.57174542473916,92.52606419881336,7.211253229393275,12.943293608811816,18.852035186859148,10.544329363434198,1.1508182287911748,8.31266182708594,38.83122734318676,1.3160797509613902,8.845706882360954,1.9220352123893012,504.48524077746276,Severe
450.44277199764764,88.0528210305594,5.2539869266568555,7.174696014746845,11.300545924301545,10.654648009588431,1.1223489007513725,6.654323468767446,38.78852335112706,1.1915264407872546,7.429357812380781,1.2423300054390174,496.3003089660196,Severe
444.20996790176235,94.72622733036725,12.984612730522166,18.050659004449134,29.6258402112003,10.501705428686991,1.3813695245799367,9.070671808214108,38.06736428282524,1.8016020967018798,11.559651292127974,2.6283591913814255,474.0671808214108,Severe
420.55356945862883,90.36315970916884,6.2648749721900225,10.154058781672777,15.200735801794963,10.597670683385653,1.1370527268682185,7.510821340073728,38.810579090302326,1.255855680048456,8.160873161693871,1.593383853978717,500.52765897461285,Severe
324.49485261831046,98.62399547624008,6.642622678002395,11.185311447334335,16.484685143976193,10.724673834576386,1.089760298695111,9.273009280055652,40.44735061277063,1.2848734720408115,8.551051605776077,2.1009053867656036,507.20905386765605,Severe
498.8648741935227,84.47878102165404,3.0363423770176956,0.6221141256725652,2.709429371637174,10.809597759415912,1.079429371637174,5.066682302716653,39.069098896362654,1.0514094171150434,5.84818834230087,0.5482226498849132,488.0570628362826,Severe
284.33125997273703,102.88267556484352,4.036349003868385,3.390577981994541,6.189663255576228,11.076352167685041,0.9789575362088223,9.056221266495522,42.639318305434166,1.1258955954300494,6.82638252011993,1.7155044737698169,503.35504473769817,Severe
350.66429354226716,95.84916210970803,8.340795586705832,16.264135414584175,23.192625080943376,10.495530355213447,1.161956189453298,9.41426210979993,39.01912755646737,1.3884588805199491,9.674796340186116,2.35202152853321,509.7202152853321,Severe
373.7932144832193,93.97758390078671,7.846365270829503,14.815142007299318,21.302412917636744,10.50853213928052,1.1600562221211563,8.850774938557361,38.84508433318173,1.3564959717800593,9.305297050527532,2.1425923031426093,507.1411638598325,Severe
331.1424214077278,97.9191315191998,7.073993040851715,12.475435748794965,18.188637945101878,10.66646674310134,1.1080995192968381,9.30889036384164,40.084552987823415,1.3111862668172025,8.836505561229046,2.1646939801629155,507.84693980162916,Severe
524.5418466611391,93.31989523873605,16.10108256351706,17.99806526032562,32.728127809136794,10.54541488579474,1.5404034192740983,8.50459501814773,37.44509016958697,2.091557907071352,12.679268739361788,2.70325028723407,444.7746794430533,Severe
338.4705992737689,97.14210030490445,7.549529112043778,13.897648989439617,20.067049376039844,10.602300138300933,1.1283163947818982,9.348445120225453,39.68461045105375,1.3401930881653321,9.151185623126937,2.2350135470674717,508.5501354706747,Severe
513.685225183924,94.10240425174484,16.399436466098066,18.986393622382746,33.984500163133475,10.526010223957993,1.543401493053289,8.79521746180941,37.459744401050166,2.1094628368012494,12.908567429668631,2.8187467543376146,446.52174618094085,Severe
474.1010399875494,86.22411343842396,4.453836428904674,4.8164342750081435,8.213419822064946,10.699747401279918,1.1107103480567952,5.976377774308324,38.771065522085195,1.1406077727484794,6.850339815825565,0.9644595598559871,492.95422506632866,Severe
519.9829340238306,87.66356156162557,8.957589533403826,8.500757943908033,16.32834984050642,10.673618278294978,1.2942529056736425,6.4635970095439506,38.15277289618828,1.522334844370298,8.930601542654845,1.48275399063181,467.85129009309605,Severe
477.2914607947674,86.3564458896054,3.0442354100917552,0.6247451366972518,2.696274316513741,10.846431913761526,1.066274316513741,5.435900849847674,39.47865961253887,1.0531634244648347,5.883268489296691,0.645570057798318,489.3725683486259,Severe
493.47021611303285,84.72693877419246,3.7987480714445923,2.8857102251121525,5.685969832009864,10.73667056324585,1.1011817901301033,5.421339275078509,38.75677268519516,1.0989203318192013,6.376294058972633,0.7369652393562129,490.21476466240466,Severe
388.6937033429102,95.22471166026423,10.255896561021125,17.302932509603654,26.142923724387582,10.482283961288408,1.251893075256044,9.290781772064726,38.55290096778983,1.5555968429864833,10.481759851506567,2.4762243634258514,496.07817720647256,Severe
490.50889833861135,94.31050607287352,15.260281691997514,18.67424089068971,32.530490036286274,10.517902360797136,1.4893490719809022,8.887106577632466,37.662440980071615,2.0067632367637143,12.458581024241012,2.75523515957756,455.7106577632466,Severe
283.8539959567138,102.93328146506717,4.005378650903461,3.297953155567099,6.067327499040106,11.080531161708036,0.977640866859112,9.053645174289567,42.665365459961045,1.1240064611456826,6.805888275459222,1.7109247542925636,503.3092475429256,Severe
339.8851604264931,96.99210965370999,7.641322033193328,14.172179389476533,20.42963989821468,10.589914032489625,1.1322188664758714,9.356080390931053,39.60740938058602,1.3457922866827723,9.211928443407047,2.2485873616552055,508.68587361655204,Severe
486.0461410040274,85.30079576669152,4.049839038727398,3.6257437850492966,6.654724436690071,10.722518163271728,1.1048340223814894,5.6340818037217595,38.762251033572234,1.1148988479190163,6.557992613479099,0.82416228435806,491.2647814346782,Severe
461.7543720296161,87.17847093584876,4.871415286170899,6.047153052514595,9.824514976826633,10.676211138415821,1.116784222344304,6.3301809515557075,38.78017633351646,1.16718097275633,7.152515061629124,1.1094733084702577,494.7004639239874,Severe
520.8500516261975,88.73941163520338,10.316301367033832,10.30717166672409,19.447632284116438,10.649233643807719,1.3410714038891773,6.851800390581095,38.018169713818615,1.6306026214937226,9.643608255062263,1.7148957109505039,463.46205588538965,Severe
519.3900030038579,86.92790023988223,8.02850864384039,7.2655405659672665,14.195398882269611,10.690292378969124,1.2622386323792814,6.19814532681154,38.24481393190957,1.448301837377088,8.443050838942803,1.3240165522139358,470.8526282144424,Severe
485.99256103461653,85.59913642119135,3.04105195132682,0.6236839837756067,2.7015800811219663,10.831575772858494,1.0715800811219662,5.286985723176814,39.313473474402784,1.052455989183738,5.869119783674757,0.6063073996974498,488.8419918878034,Severe
302.9281486058251,100.9107852503839,5.243128031156457,6.999761838098241,10.956551945621719,10.913515071581475,1.0302623747072062,9.156600298340186,41.62437476122701,1.1995068854494697,7.624953484573035,1.8939560859381084,505.1395608593811,Severe
385.0350301362298,95.25756313678623,10.076066725254606,17.253655294820657,25.913390031285832,10.481004033631706,1.243360224211369,9.305287618840673,38.58489915920737,1.5393844260016014,10.41072386655965,2.4661982634483586,497.52876188406725,Severe
424.9921188316889,90.02007419927236,6.114758002863798,9.71162313207676,14.621557240139966,10.606131821656767,1.1348692073143825,7.3836313260627815,38.807303810971575,1.2463027820004235,8.052243063890531,1.5412523246308827,499.89989710288495,Severe
521.7389640224126,89.84230294344327,11.709164098111039,12.158989167050713,22.64531714699146,10.624236107356227,1.3890666738760444,7.249761170888868,37.88018331260637,1.7415916833383527,10.374536220903927,1.95287225796872,458.9624993241208,Severe
308.78361373127507,100.28991069468069,5.6230976404725705,8.136158932134231,12.45746701975949,10.862243756461186,1.0464163507040094,9.188205903551323,41.30480697520329,1.2226843292709701,7.876393632697191,1.9501438285356851,505.70143828535686,Severe
344.3459432656373,97.92749971414571,3.092875991325227,0.6409586637750757,2.6152066811246213,11.07342129285106,0.9852066811246213,7.711199149768962,42.00256532765346,1.0639724425167172,6.099448850334343,1.2454705596778024,497.47933188753785,Severe
454.114431429556,88.37368317042646,3.052715155784137,0.6275717185947125,2.682141407026438,10.886004060325973,1.0521414070264377,5.832564509457983,39.918664194576905,1.055047812396475,5.9209562479294995,0.7501535880043613,490.78585929735624,Severe
312.12179892201,99.93595175158248,5.839717310400312,8.784015911696313,13.31313473627628,10.83301411523249,1.0556256897212701,9.206224175541616,41.12262222507922,1.2358977287305182,8.019738996531075,1.9821763120739833,506.0217631207398,Severe
327.3320008791656,99.40832619690664,3.0991008574367864,0.6430336191455955,2.6048319042720225,11.102470668038336,0.9748319042720226,8.002384553431899,42.32556671366436,1.0653557460970637,6.127114921941273,1.3222439083870328,498.51680957279774,Severe
345.20753217390074,96.42776077225282,7.986698441415415,15.205116595582519,21.793908630877528,10.543310561509566,1.1469021518531506,9.384808557973555,39.31693569160071,1.3668596091806076,9.440476972322955,2.299659658619655,509.19659658619656,Severe
453.7716095802884,87.79551265266127,5.141401717552663,6.842876698459756,10.866171717539547,10.660993721374304,1.120711297709857,6.558933091599165,38.78606694656479,1.184361927480624,7.347887061065382,1.2032322328228338,495.82949809158384,Severe
315.52600203107323,99.57499270775234,6.0606209786266785,9.444685292824335,14.185724642005937,10.803206411386789,1.0650171580562173,9.224598787501295,40.93683448193135,1.2493724441676162,8.16591924278808,2.0148422888911908,506.3484228889119,Severe
278.0074201088857,103.55321346092659,3.625985879681801,2.1632812445936285,4.5686909886876315,11.13172464100412,0.9615114144781541,9.022087550065955,42.984448104888685,1.1008642033816995,6.554829842746922,1.6548223112283624,502.7482231122836,Severe
322.2527217193495,98.86173611612031,6.4971275578946965,10.750170773888392,15.909965972682011,10.744306262982786,1.0835747390602182,9.260907098161297,40.569717118591335,1.2759985386516173,8.454772025372092,2.0793903967311937,506.99390396731195,Severe
298.96574903385044,101.87721294843392,3.1094791763362473,0.6464930587787491,2.5875347061062546,11.150902822902486,0.9575347061062546,8.487859248617788,42.86408614989194,1.0676620391858327,6.173240783716654,1.450243174813716,500.24652938937453,Severe
506.41549994202336,83.72631020617862,3.3609233201258863,1.5953212762255689,3.996762336922057,10.761347958320176,1.094813430110922,5.0503823039612055,38.74722014516639,1.0710587567352836,6.05946814801837,0.5849206438982626,488.3838611568901,Severe
301.2479796154359,101.08893918915133,5.134099432883629,6.673683701304457,10.5258789058638,10.928226878742135,1.025627147793574,9.147531376117863,41.71607164147495,1.192856342486432,7.552805170004325,1.8778335575428657,504.9783355754287,Severe
352.5934321494966,97.20967079019178,3.089858494680862,0.6399528315602875,2.620235842198563,11.059339641844023,0.9902358421985629,7.570047362293668,41.84599077955141,1.0633018877068583,6.086037754137165,1.2082547677306343,496.9764157801437,Severe
517.4381287259775,84.50617096147717,4.970059972200985,3.199318785725932,7.173920883775125,10.745181981834152,1.156850594878426,5.324302849200281,38.547804539724524,1.20459200065636,6.838078851169361,0.8014675329388616,480.73275673014757,Severe
523.258883932613,91.72809783765136,14.090770886535223,15.32534650528588,28.112925552864066,10.581493702682426,1.471132090849742,7.9302202532957775,37.64424523880699,1.9313679600900286,11.624324133565864,2.359779950463304,451.2688664828367,Severe
454.41623156909486,87.74568545797858,5.119599842393175,6.778620626398796,10.782056119196943,10.66222255433784,1.1203941795257188,6.540460957373126,38.78559126928858,1.1829745354250203,7.332110431404517,1.1956610361765392,495.7383266136442,Severe
440.3314427771894,88.83439407385764,5.595963994130231,8.182595699063828,12.619955628262458,10.63537293851266,1.1273231126418943,6.944071311390341,38.795984668962845,1.2132886178082876,7.6768248539342405,1.3610893143252258,497.7303948845446,Severe
279.05617535104165,103.44201043417046,3.6940411256943193,2.366818006235503,4.837515500201036,11.122541585627198,0.9644047058982796,9.02774833762707,42.927211252881854,1.1050154475931842,6.599864552677571,1.6648859335592339,502.84885933559235,Severe
387.9583215106668,92.88266694509235,7.367284661734919,13.40316079394964,19.454032822184544,10.535534864520395,1.1530877768979624,8.444863004306313,38.83463166534695,1.3260090239285858,8.958616900673633,1.9762206734388537,505.1377358581642,Severe
378.24536894214,93.63344676175932,7.695788161469868,14.371350199532102,20.721459052071022,10.517019212717154,1.1578660096213798,8.723195060445379,38.84179901443207,1.346913792093537,9.19633397866365,2.0903009797104453,506.5114777661467,Severe
518.9712091827024,86.4082944077849,7.372288404391988,6.393092695573553,12.688871728101635,10.702069483051112,1.2396265925418632,6.010653829826282,38.309823546442146,1.3960114952530587,8.098688315585457,1.2118985213534046,472.97250694920035,Severe
290.926539586332,102.18335600404012,4.46432624639626,4.670554282198056,7.880212917835133,11.01860292793544,0.9971525021573271,9.09182011291651,42.27937441384418,1.1520014161387737,7.109591120535788,1.7787913118515726,503.98791311851573,Severe
453.2133485099528,88.45210987601898,3.053044833668459,0.6276816112228197,2.6815919438859015,10.887542557119476,1.0515919438859016,5.84798610826903,39.9357708136856,1.0551210741485466,5.922421482970929,0.7542196152443286,490.84080561140985,Severe
516.4981033448012,83.33986275513564,3.4971068158694067,1.2410206913066342,3.7923672628502247,10.771616891316054,1.1060955686731742,4.903459090248401,38.69372524006462,1.087221002556715,6.065122097918548,0.5498071946711549,485.49104043688993,Severe
521.266319298506,89.25588322413063,10.96856331025744,11.17435696381678,20.945072122184705,10.637527578782171,1.363547048738232,7.03816094578784,37.953552234877584,1.6825775502071614,9.985893596409325,1.8263374499937333,461.3549641807908,Severe
392.2089685248489,92.55410567976048,7.223522771573798,12.97945529585659,18.899373311417452,10.543637807420387,1.1509966948592552,8.323057475551618,38.831495042288886,1.3168605400092417,8.854585569247948,1.9262960897647188,504.53654977203587,Severe
280.4840488631729,103.29060822897387,3.7866979051189356,2.6439319971948922,5.203518342401413,11.110038914836077,0.9683439035447976,9.035455463457213,42.849283647265956,1.1106673398686226,6.661179020392937,1.6785874905906004,502.98587490590603,Severe
325.0606446095548,98.56400265864862,6.67933773944694,11.295117305776616,16.62971302994106,10.719719676562613,1.0913211977953412,9.276063213077842,40.416471956657375,1.2871130229237504,8.575347339597052,2.106334601027274,507.26334601027276,Severe
384.2361596757031,95.26473624919491,10.036800921614931,17.24289562620765,25.863271401729143,10.48072456171968,1.2414970781311947,9.308454967176969,38.59188595700802,1.5358444484492701,10.395213175442198,2.464009066804154,497.84549671769685,Severe
498.20906693634424,84.36064093352695,3.6384745532536398,2.4133404560439087,5.067605458189497,10.745704161543886,1.0988505389564167,5.285543894211266,38.75327580843463,1.0887211079343226,6.260314313081725,0.6813066175844458,489.5445299499698,Severe
340.77872756190675,96.89736174106686,7.6993068982837425,14.345598080264505,20.658685474366656,10.582089827033801,1.1346840270989391,9.360903531280533,39.55864207260794,1.3493292562723909,9.250299204409576,2.2571618333876144,508.7716183338761,Severe
342.95127022138263,96.66699977501473,7.840286336783975,14.767233443468523,21.215567285965538,10.563066723502347,1.140677607663644,9.372630101950607,39.44007341361052,1.3579287414304457,9.343590588851503,2.278009070134414,508.9800907013441,Severe
367.93870060494476,95.87407910910254,3.084244143849567,0.638081381283189,2.629593093584055,11.033139337964645,0.9995930935840551,7.307420506740854,41.55466835308308,1.0620542541887927,6.061085083775853,1.1390111074779923,496.0406906415945,Severe
483.23617238307105,85.517997252151,4.144875488212454,3.9058421207134355,7.02139233815787,10.717161563391661,1.1062163707376358,5.714603595467279,38.76432455610645,1.1209466219771562,6.626764444197377,0.8571658513610525,491.6622065870703,Severe
491.82042796454243,84.85446206177409,3.8545458504182557,3.050161497323623,5.90124780834098,10.73352559752188,1.1019933941879019,5.468615211445285,38.757990091281854,1.1024710995720708,6.41667136084812,0.756342286236158,490.44810082902177,Severe
390.86086189273215,92.6583099619257,7.269117326220471,13.11383488327888,19.075285393163348,10.54106793252212,1.1516598883813887,8.36168849821589,38.83248983257208,1.3197620116685753,8.887579446974087,1.9421298351056546,504.72721790964926,Severe
522.6208253330144,90.93644582937551,13.090978277715413,13.996117566639587,25.817637137210262,10.599436857901733,1.436681232828672,7.644565222204404,37.743291455617566,1.8517003509163037,11.099666274953314,2.1889611127754978,454.498634422312,Severe
447.33178762496885,88.96401775254854,3.0551967117108534,0.6283989039036177,2.6780054804819113,10.897584654650649,1.0480054804819112,5.948646181141027,40.04742937432983,1.0555992692690785,5.93198538538157,0.7807594444338575,491.1994519518089,Severe
427.9259062134543,90.65302917992578,3.062296713040323,0.6307655710134411,2.6661721449327946,10.930717994188175,1.0361721449327945,6.280768465552898,40.415840554425664,1.0571770473422941,5.963540946845881,0.86832612749732,492.38278550672055,Severe
522.3692016713126,90.6242513424721,12.696701831426704,13.47192519153069,24.91247125405786,10.606512888883225,1.423095253344208,7.531914808979058,37.7823511466354,1.820282773358481,10.8927631290545,2.121597297831698,455.7723199989805,Severe
427.9421510228139,89.79204625287929,6.014984438411778,9.417563226664532,14.236612687835994,10.611755422562245,1.1334179554678077,7.299095905999797,38.80512693320171,1.2399535551716587,7.9800432845234335,1.5066036867939085,499.48266219699474,Severe
518.4384936336828,85.74734361974369,6.537560890573852,5.283318570956765,10.772533903844351,10.71705023527326,1.2108635482753374,5.7721602544496715,38.392517298708405,1.3294969553867175,7.660651120609825,1.0692817601985474,475.6690423491871,Severe
409.79708246360735,91.19460136165574,6.628672035728442,11.226267945301466,16.60433101784683,10.577165757986215,1.1423443205196864,7.819056670271735,38.81851648077953,1.279006402273628,8.424129945854402,1.719720652407514,502.04899214940986,Severe
493.94417559138753,94.2796604838742,15.429131247363982,18.720509274188707,32.74600856721666,10.519104136991913,1.4973609132794299,8.87348644742497,37.63239657520214,2.0219857352309165,12.525279603051253,2.76464907310333,454.34864474249696,Severe
493.6797535824593,84.93007348184702,3.038239449479973,0.6227464831599911,2.7062675842000443,10.818450764239875,1.0762675842000444,5.155423136785425,39.167535878571954,1.0518309887733275,5.856619775466549,0.5716198769196725,488.3732415799956,Severe
519.9036469445292,87.56518850372969,8.833352298907942,8.33558396093145,16.043130403379468,10.67584794869153,1.2899719385122623,6.42810065683084,38.165080676777244,1.5124351078096063,8.86540598025966,1.4615275284566334,468.25263076447544,Severe
521.5264309049713,89.57860887309705,11.376139764482495,11.71623176153739,21.880771691898797,10.630212854190908,1.3775913199534529,7.154611361280713,37.913174955133826,1.7150549273923599,10.199776143457793,1.8959736281025372,460.0383137543638,Severe
428.7113837886089,89.73258704819325,5.988968079957269,9.340885922928608,14.136236846671505,10.613221799129681,1.1330395357084693,7.277052955018341,38.804559303562705,1.2382979687245534,7.9612169014963525,1.4975689150397065,499.37386651618493,Severe
349.185012023437,96.00601527783155,8.24480286729992,15.977044434919172,22.813444967504495,10.508483162083376,1.1578751681107176,9.406277502825317,39.09986080476624,1.382603502071899,9.611274355810298,2.3378266716894522,509.5782667168945,Severe
340.79509352221237,96.89562640354616,7.700368909142005,14.348774297581821,20.662880515409366,10.58194652427474,1.1347291772833015,9.360991868597763,39.55774888417817,1.3493940369716935,9.251001976844433,2.2573188775071356,508.77318877507133,Severe
521.4115832066294,89.43611504714528,11.196181559993986,11.476976488951085,21.467630027897176,10.6334425419958,1.3713903193680628,7.103194731426853,37.93100283181682,1.700715113538645,10.10534007204279,1.8652270001999773,460.6196575592441,Severe
520.697350355283,88.54995212809565,10.077029296860612,9.989058332940308,18.898319950725224,10.653527830278883,1.3328265658645437,6.783436941960174,38.04187362313944,1.6115364335617572,9.518046242645447,1.6740150557450288,464.235009450199,Severe
321.18693960818655,98.97474455875772,6.427967413701444,10.543329529332603,15.636777011238426,10.753638408132707,1.080634474149969,9.255154405945591,40.62788322877235,1.2717798976934338,8.40900616285604,2.069163388347718,506.8916338834772,Severe
271.71984602514345,104.21990597502376,3.2179760944707474,0.9430227742211994,2.9570146282513616,11.186779565810786,0.9441653422787932,8.988149582719378,43.32759866361517,1.0759763606608774,6.284834458078609,1.5944881470566725,502.1448814705667,Severe
495.4047900724979,84.57740246457202,3.733318500807166,2.692871436015306,5.4335306522051035,10.740358411772686,1.100230087284468,5.365902584320254,38.755345130926706,1.094756631869547,6.328946842402278,0.7142433339166707,489.9411500942845,Severe
505.1610750974851,83.823273189181,3.4033494463401315,1.7203626409406443,4.160450045697743,10.758956667569919,1.0954305374013111,5.086328803626365,38.74814580610197,1.0737586011307356,6.090169235715223,0.5996540804563002,488.5612795028769,Severe
317.3251535158323,99.38422265707139,6.17737052321762,9.793854910473401,14.646896133301397,10.787452775979878,1.0699806322255179,9.234309932615144,40.8386440146691,1.256493950584439,8.243176797249369,2.032106546871367,506.5210654687137,Severe
441.5791361654767,89.46470586079573,3.0573014258510796,0.6291004752836933,2.674497623581534,10.907406653971705,1.044497623581534,6.0471000314782835,40.156640652494914,1.0560669835224623,5.941339670449243,0.8067175854966496,491.5502376418466,Severe
503.59684936705185,83.94418277860139,3.4562534035248733,1.876285031116037,4.3645631314177855,10.75597480816496,1.0962000495058164,5.131152883713802,38.74930007425873,1.0771252165879466,6.128452462914364,0.6180261819513653,488.7825142329222,Severe
403.791501828909,95.08914749684264,10.997978312738049,17.506278754736048,27.090112294787833,10.487565681941197,1.2871045462746404,9.23092227133311,38.4208579514701,1.622498637921817,10.774895347736383,2.5175978418727025,490.0922271333111,Severe
378.38589915871717,93.62258423056774,7.691035263971562,14.357342114359822,20.703121509359374,10.517287103303422,1.1577968765668591,8.719168060019541,38.84169531485029,1.3466113349800084,9.19289460920124,2.0886504280337608,506.491602012972,Severe
521.323203521883,89.32646061263995,11.057696857123707,11.292860430289378,21.149701758134686,10.635927909958296,1.3666184128800705,7.063627673463916,37.944722062969795,1.6896800797851628,10.032667912819406,1.8415662971970153,461.0670237924934,Severe
452.24400084278005,87.91359186696751,5.1930672448942925,6.995149098133906,11.065506715755797,10.658081664378685,1.1214627962893715,6.602707883855891,38.78719419443406,1.1876497337660004,7.385274115396234,1.221174261408745,496.0455539331943,Severe
374.5419038336739,95.2993623274159,3.0818282395827854,0.6372760798609284,2.633619600695358,11.021865118052997,1.003619600695358,7.194409873816955,41.429309765017855,1.0615173865739522,6.050347731479046,1.1092149548543515,495.63803993046423,Severe
331.60735592403313,97.86983295707745,7.10416331472975,12.565667732408016,18.307813315300326,10.662395707993953,1.1093821741936862,9.311399906031125,40.05917872790751,1.3130265977561586,8.85647036353651,2.169155388499778,507.8915538849978,Severe
524.5065227612965,93.27606817290223,16.04573251573238,17.924477113522155,32.6010571323131,10.546408246307745,1.5384961670891273,8.48878071878068,37.45057351961876,2.0871473863936068,12.6502228779615,2.6937934951502553,444.9534843353943,Severe
504.0959515689,83.90560379276182,3.4393731790127298,1.8265344057811568,4.299436156118205,10.7569262390011,1.095954518967458,5.116850729854422,38.74893177845119,1.0760510204826284,6.116237318631031,0.6121641403480571,488.7119242031441,Severe
381.11197697170246,94.72752905823754,3.079424456573628,0.636474818857876,2.6376259057106197,11.010647464010264,1.0076259057106198,7.081966246388604,41.3045801355427,1.0609832125719174,6.039664251438347,1.0795682977414134,495.237409428938,Severe
505.6685427578521,94.17438659059476,16.005403273562433,18.878420114107854,33.481558626753475,10.523205717249555,1.524704781663698,8.827001871171714,37.52985706876113,2.073939085161026,12.752917307350286,2.7967781184548453,449.70018711717137,Severe
513.7348757752549,83.16054612904345,3.1133734057071596,0.8657241648205574,3.0416697580192604,10.775300771678323,1.0912127040830133,4.840640012835521,38.74181905612452,1.055305580363183,5.880332028129908,0.498953309981941,487.3486524238663,Severe
476.5705402848354,86.41919196919255,3.044499172219866,0.624833057406622,2.6958347129668905,10.847662803692707,1.0658347129668901,5.448239056062617,39.49234593629749,1.0532220382710813,5.884440765421626,0.6488231240450131,489.416528703311,Severe
503.70910354682775,94.19198052905303,15.909093597456462,18.852029206420454,33.35862955025285,10.522520239127804,1.5201349275186933,8.83477062321822,37.5469940218049,2.0652563622855173,12.714873271593122,2.791408539834465,450.47706232182213,Severe
346.9805877538103,96.23975775766243,8.101754584959984,15.549221660749085,22.24839103153325,10.527785425689318,1.1517936330019956,9.394378847177817,39.220169434090955,1.3738778212637328,9.516613939770194,2.3166735060938977,509.366735060939,Severe
495.0425463985433,84.60540272887904,3.7455700086582935,2.728979970972901,5.480799197041637,10.73966787223926,1.1004082910350297,5.376282952790482,38.755612436552546,1.0955362732782552,6.3378124789927295,0.718497948461335,489.99238367257107,Severe
436.1040848223074,94.79901060797415,12.58619517842721,17.941484088038774,29.117302505323465,10.498869716572436,1.362464777149571,9.10280987884573,38.138257085689105,1.7656830765841853,11.40226926977018,2.606146113150746,477.2809878845729,Severe
521.4564386237724,89.49176805626657,11.266466819926865,11.570421069996089,21.62898843512284,10.632181141063768,1.3738122091575662,7.123276234264818,37.924039898672,1.7063157336768717,10.142223435295433,1.8772355370729314,460.3926053914782,Severe
303.47485542165276,100.85281609778805,5.278604627937405,7.105863748618708,11.096687781704684,10.908728026174805,1.03177062189013,9.159551216741558,41.594537697390905,1.201670892277143,7.648429679855067,1.8992021630961042,505.19202163096105,Severe
516.6868309691279,83.574020876207,3.7928296287908965,1.6341855509840202,4.471277209528562,10.766309590294492,1.116285586634575,4.987951322511685,38.6644289384256,1.1107854190924549,6.22030757978905,0.6003327003964345,484.5357262530086,Severe
522.110096521768,90.30277442464572,12.2907024238726,12.932147084717915,23.98039221216409,10.613799310411475,1.4091053240099676,7.415914978249314,37.822572193471345,1.7879310617730502,10.679708163568465,2.052230564882756,457.08387587406554,Severe
385.63997218899135,93.06186784887701,7.445693967289063,13.634254401773763,19.756550179249803,10.531115430934618,1.1542282758878408,8.511297070466734,38.83634241383176,1.330998707009304,9.015356725420087,2.003450086822202,505.4656293177543,Severe
354.3332595810085,95.48177547083215,8.504523873474684,16.754914907095387,23.841708471842328,10.471435927131427,1.1696294381596317,9.408414772798551,38.859444157239444,1.398378791948389,9.78156454844168,2.3711528360612086,509.8934634708941,Severe
467.89155706325187,94.51358872440436,14.148601982643655,18.369616913393457,31.11154891260329,10.509990049698532,1.4366003313235423,8.976779436749977,37.860248757536716,1.9065406295147305,12.019447758268491,2.693255389305162,464.6779436749978,Severe
451.4498070482408,87.97498047843816,5.2199278147501875,7.07431452310919,11.16913967799982,10.656567704986807,1.1218534954872754,6.625466112133795,38.78778024323091,1.1893590427568301,7.404711400491955,1.2305022047587015,496.1578799525917,Severe
428.808727050235,89.7250627289297,5.985675816158576,9.331182723623728,14.123534694342725,10.613407363089244,1.1329916482350337,7.27426350969072,38.80448747235255,1.238088461028273,7.958834499692934,1.4964256016114326,499.3600988675722,Severe
367.3255632290475,95.41657764927565,9.205617153640429,17.015133526086522,24.802353567398697,10.474808663015235,1.2020577534348957,9.375501819160677,38.73978342461914,1.460909731526302,10.066880797345508,2.4176678602860027,504.5501819160677,Severe
299.08486555029015,101.3183014098049,4.9937318295198505,6.253878188841253,9.971413899600591,10.947167424112848,1.0196595787041711,9.135855697464683,41.83412572563488,1.1842941781407672,7.459918659830142,1.857076795492769,504.7707679549277,Severe
410.00152969236456,91.17879825216443,6.621757389570747,11.205888597262149,16.57765305576205,10.57755549258783,1.1422437438483017,7.813198079163579,38.81836561577245,1.2785663793363202,8.419126256453014,1.717319384378205,502.02007635638677,Severe
518.5336139043044,85.86536123334947,6.686607613831205,5.481476885007462,11.114710085450248,10.714375312027437,1.2159994009073207,5.814745032523201,38.37775172239145,1.3413736145981794,7.73886587631774,1.094747029498799,475.18755616493866,Severe
520.2202174945104,87.95796388801458,9.329395916595015,8.995076265279227,17.181929749656035,10.666945514777547,1.3070646116271076,6.5698274047414325,38.115939241572065,1.551961914387686,9.125713147904492,1.5462786993177409,466.6501926599587,Severe
325.46054039500615,99.57121074085498,3.0997855659354014,0.6432618553118006,2.603690723440997,11.105665974365207,0.9736907234409973,8.034413695422677,42.36109547687028,1.0655079035412005,6.130158070824007,1.3306886465366201,498.6309276559003,Severe
520.2221872984197,87.96040786294361,9.33248245972842,8.999179838777481,17.189015725923536,10.666890120966826,1.307170967743693,6.570709274208119,38.115633467736885,1.5522078629072897,9.12733286292999,1.5468060483958102,466.6402217740288,Severe
304.85941844322696,101.36425119366848,3.1073228681658183,0.645774289388606,2.59112855305697,11.140840051440483,0.96112855305697,8.386991944201043,42.75219771482633,1.067182859592404,6.16365719184808,1.4236487073784223,499.887144694303,Severe
517.7680803100403,84.91554846116364,5.4870707220316906,3.8866869900952556,8.360855828469022,10.735903253373444,1.1746657535229872,5.4720202062947685,38.49658595862142,1.245789555021908,7.109388871360492,0.8898010278848114,479.06258560721994,Severe
439.6149432974518,94.7674863700188,12.758759675806186,17.988770444971802,29.3375627653232,10.500097933635631,1.3706528909042082,9.088890085462847,38.10755165910922,1.7812404927179954,11.470435316777532,2.6157671468124444,475.88900854628463,Severe
521.3657527539046,89.37925229196483,11.124368488401647,11.381500675175774,21.302764124844558,10.634731362376137,1.368915784237817,7.082676710971899,37.93811712031628,1.6949927510499518,10.067654964121756,1.8529574301791762,460.85164522770464,Severe
502.35224043169444,84.04038702357398,3.4983475441254495,2.0003479436860996,4.526969979334915,10.753602229331111,1.096812327914552,5.1668181010226535,38.75021849187183,1.079803934626165,6.158913313748962,0.6326443289599288,488.9585442754337,Severe
359.3552752437006,96.62114661991288,3.087384549079503,0.639128183026501,2.624359084867495,11.047794562371013,0.9943590848674949,7.454321684718975,41.717620491125324,1.0627521220176674,6.0750424403533465,1.1777427719805373,496.5640915132505,Severe
447.9952775222155,88.242004437005,5.336764073470761,7.418662841992916,11.619915207099918,10.649982388586194,1.1235529319777566,6.7244582877043175,38.79032939796664,1.1967940774026848,7.489258365893388,1.2710762509689368,496.646467943605,Severe
456.39881850147407,87.59243790085151,5.052546416442582,6.580995892824413,10.523351810347565,10.666001929255055,1.1194188569664376,6.4836484182949885,38.784128285449654,1.1787074992281643,7.2835881340802695,1.1723752100736968,495.4579213778508,Severe
355.7094205303948,95.37540268068466,8.457980488764164,16.61773885870311,23.66213563119556,10.474059281542385,1.1689524434729333,9.368979832298365,38.8584286652094,1.3954169401940832,9.747884062778432,2.3549895879162825,509.69882749846835,Severe
298.26088929496683,101.40567036862772,4.940262817389596,6.093965320769621,9.760206360002895,10.9543822815722,1.0173864044361565,9.13140818259248,41.87909504267603,1.1810326672344855,7.424536208180176,1.8491701023866316,504.6917010238663,Severe
285.05285855793113,102.8061620528714,4.083174580765355,3.530621943952578,6.374628612006588,11.07003374418508,0.9809482723800428,9.060116185091388,42.59993635074263,1.128751869067018,6.85736876139371,1.7224287734958013,503.424287734958,Severe
524.7439151223035,93.57060560168809,16.41770952234951,18.41902227953431,33.45502875267318,10.539732420632635,1.5513137523853384,8.595059863528432,37.41372296189215,2.1167880523910956,12.845424020701717,2.757347355577303,443.7518357138745,Severe
377.7555327872112,93.67130951214338,7.712354997357878,14.420177183122037,20.785376917078946,10.516085445603466,1.158106981779751,8.737231688670493,38.842160472669626,1.3479680452864105,9.20832234354261,2.096054189991554,506.5807572616784,Severe
519.8860084599332,87.54330408470906,8.80571404351744,8.29883877142448,15.97967947679022,10.676343969068244,1.2890195793889714,6.420204012433555,38.16781870925671,1.5102327773369963,8.850902344444544,1.4568054144703164,468.34191443228394,Severe
367.45956302294906,94.46715467225145,8.060576825567459,15.446481880445182,22.12888004337118,10.49645839710438,1.1631720265537084,9.03227054675352,38.84975803983056,1.3701276161724745,9.460308321046998,2.21698213396979,508.0369576341912,Severe
515.4310972115846,83.03692226797827,3.0302813173338645,0.6200937724446216,2.7195311377768925,10.781312814224702,1.0895311377768921,4.783159399728561,38.75459724387943,1.0500625149630811,5.821250299261622,0.4734695804509985,487.0468862223108,Severe
312.0779980113157,99.94059610867181,5.836875005892022,8.775515267159506,13.301907370778656,10.833397642458193,1.0555048523761856,9.20598775464906,41.12501270299285,1.23572435340931,8.017858136985849,1.981756008264994,506.01756008264994,Severe
319.84724889397205,99.11679644689082,6.341032943701436,10.28332958023831,15.293377820129336,10.765368937356367,1.07693855398361,9.24792325779402,40.7009981711938,1.2664770557156144,8.351478362005757,2.056308013856035,506.7630801385603,Severe
513.5857133631108,94.10329777517818,16.394545295615558,18.98505333723273,33.97825710330052,10.525975411356693,1.543169409044629,8.79561200462413,37.46061471608264,2.1090218771847953,12.906635330296536,2.8184740556274392,446.56120046241307,Severe
291.0557955828205,102.16965055832873,4.472713855140448,4.695639588941301,7.913344747569571,11.017471143391399,0.997509091808189,9.09251778832037,42.27232014031625,1.1525130447682714,7.115141515970944,1.780031623680658,504.00031623680655,Severe
489.08909172817613,94.3232546133672,15.190495850204213,18.655118079949197,32.4414158182915,10.517405664414264,1.4860377627617658,8.892735803304998,37.674858389643376,2.000471749247355,12.431014374991701,2.7513443712450747,456.27358033049984,Severe
371.0647088180232,95.38300360573871,9.389402340014783,17.06549459139195,25.036935845617922,10.476116742633558,1.2107782842237145,9.360676916819685,38.70708143416107,1.4774787400250575,10.139479216162425,2.4279144839628644,503.06769168196854,Severe
489.90650026093095,94.3159150463423,15.23067283073668,18.666127430486565,32.4926974684136,10.51769162157108,1.4879441438071972,8.889494955527764,37.66770946072301,2.004093873233675,12.446884997194918,2.7535843689734567,455.9494955527765,Severe
492.3851490289746,94.29365908982204,15.352502514805291,18.69951136526693,32.64820012565895,10.51855873676018,1.4937249117345335,8.879667650051292,37.6460315809955,2.0150773322956135,12.49500989018999,2.760376771288077,454.96676500512933,Severe
518.8213664673733,94.05628648848607,16.651886300040562,19.0555702672709,34.3067255739545,10.527807019929114,1.5553801328607622,8.774853774136705,37.414824501772145,2.132222252435448,13.008289606065844,2.8328216561113955,444.48537741367045,Severe
520.8933248579722,88.79310159543671,10.38410745461771,10.397320176562815,19.603299095382226,10.6480167362775,1.3434078663472004,6.871173558462203,38.0114523842518,1.636005690927901,9.679190631245906,1.7264806706382019,463.24301252994997,Severe
317.3008052801043,99.38680438195847,6.175790530950755,9.789129536189133,14.640655017822114,10.78766597271829,1.0699134606504017,9.234178509968178,40.83997284365509,1.2563975739766633,8.242131257080167,2.031872906610093,506.51872906610095,Severe
513.8203112516433,94.10119130471966,16.40607616961899,18.988213042920506,33.99297503975093,10.526057481634298,1.5437165442286591,8.79468187481128,37.458562959142526,2.1100614340344523,12.911190230703587,2.8191169394686746,446.468187481128,Severe
479.69630102694265,85.79161785814372,4.264598108177442,4.258697333373879,7.483303973731875,10.710413561175454,1.1079577906643991,5.81604130620125,38.7669366859966,1.1285653341567463,6.713400085553858,0.8987422521125297,492.16286481601475,Severe
308.00069015294304,100.37292670082743,5.572292595986829,7.984213346223087,12.25678239856535,10.86909915063394,1.0442564319920462,9.183979975636612,41.34753580189647,1.219585315466849,7.842774028397939,1.942631067798422,505.62631067798424,Severe
313.92841675384034,99.74439001914419,5.9569513570622075,9.134634557720245,13.776220055530386,10.817195103390867,1.0606097619453434,9.21597562119741,41.02402427455951,1.2430487888781014,8.097317164192736,1.999512215462064,506.19512215462066,Severe
444.52316209290535,88.51038772901353,5.454195108160254,7.764764127868677,12.072985490029202,10.64336354844915,1.1252610197550583,6.823954400732143,38.79289152963259,1.2042669614283799,7.574235732814149,1.3118568466520157,497.13754317957927,Severe
521.5272163888184,89.57958343854516,11.37737056200671,11.717868112588963,21.883597313207076,10.630190765218831,1.3776337307798436,7.154963017716202,37.91305302400795,1.7151530024283883,10.200422025001368,1.8961839151167244,460.0343377393897,Severe
429.10608677732756,94.86184611021466,12.242232007071724,17.847230834678015,28.678270035123578,10.496421580121506,1.3461438674767128,9.130555425289588,38.199460496962324,1.7346733482057544,11.266397696743635,2.5869690442851376,480.0555425289588,Severe
517.580085786324,84.68229991261576,5.192496625814825,3.495049354636796,7.684583064864187,10.741189938517321,1.164515318046742,5.387856178804236,38.525768460615616,1.222316672983091,6.954806197753509,0.8394717853150957,480.01418893311796,Severe
314.9625008205317,100.48491872609624,3.1036264682554258,0.6445421560851419,2.5972892195742907,11.123590185191986,0.9672892195742906,8.21408257061491,42.56039563058708,1.0663614373900947,6.147228747801892,1.378059775150249,499.27107804257093,Severe
281.73293277610304,103.1581848897595,3.8677397903168718,2.886308652001288,5.523641278941135,11.099103503339867,0.9717893071668909,9.042196470543917,42.7811245756115,1.1156107450655393,6.7148074767716075,1.6905715031891861,503.10571503189186,Severe
507.4372964521714,83.64732864098023,3.326364958265019,1.4934683588138142,3.8634298935243123,10.763295793261426,1.0943107630293094,5.0211019464572715,38.746466144543966,1.0688595882532286,6.034460460708142,0.5729194673247615,488.23934437092646,Severe
519.518719821727,87.08760175856567,8.230198775776959,7.533688537501025,14.6584319346265,10.686672670930061,1.2691884718142814,6.255771078793416,38.22483314353394,1.4643733410705257,8.548891102004994,1.358476172745812,470.2010807674111,Severe
522.6830798557538,91.0136862552266,13.188526703110297,14.125808653381384,26.041585352869152,10.597686168285888,1.4400425568910942,7.672436200888656,37.7336276489381,1.8594734128106554,11.150856439320624,2.205627677918342,454.1835102914599,Severe
428.6274476413655,90.59196977925266,3.0620400411084887,0.6306800137028296,2.6665999314858526,10.929520191839613,1.0365999314858525,6.268761922963744,40.402522133073795,1.0571200091352198,5.9624001827043935,0.8651605070046925,492.3400068514148,Severe
521.4563532189379,89.49166209278799,11.266332996603516,11.570243151263256,21.628681208282877,10.632183542774523,1.3738075978729138,7.123237999029576,37.92405315611537,1.706305070081113,10.142153209272916,1.8772126727865306,460.3930376994143,Severe
357.70832915748525,95.22089350934947,8.390375043868103,16.41848717474581,23.401301532887484,10.477869770254708,1.1679690915471723,9.311699582622794,38.85695363732076,1.3911147755188793,9.698962304471829,2.331512060688741,509.41611381981204,Severe
283.22844204241926,102.99961103928287,3.9647855517510897,3.17654902538496,5.906981005715489,11.08600860392268,0.9759150973942238,9.050268668814786,42.69950568198383,1.1215303571308428,6.779026298570962,1.7049220778929524,503.2492207789295,Severe
446.33200857417137,89.05103458037722,3.055562499403734,0.6285208331345781,2.67739583432711,10.899291663884092,1.0473958343271097,5.965756916552456,40.06640969128265,1.0556805554230522,5.933611108461041,0.7852708259793888,491.26041656728904,Severe
325.1444890370493,98.55511235351426,6.684778525733918,11.311389380106249,16.651204638619934,10.718985522405589,1.0915525066393348,9.276515773859568,40.41189606430881,1.28744490083035,8.578947712038342,2.107139153528121,507.2713915352812,Severe
357.98635030091646,95.19940337423122,8.38097204123084,16.39077396151853,23.365023039076082,10.47839975767608,1.1678323205997212,9.303732674933766,38.85674848089958,1.3905164026237806,9.692157949836137,2.328246654318346,509.37679217241987,Severe
518.1733325195839,85.41835294612044,6.122072215725986,4.7309244389982235,9.818669738615725,10.724506959516763,1.1965466377278158,5.653449204493138,38.43367841653253,1.296389099745574,7.442616503729861,0.9982937454004196,477.01125271301726,Severe
391.1573834211522,92.63538980688794,7.259088618765607,13.084277547307362,19.036592816401125,10.541633186942303,1.1515140162729542,8.353191447899587,38.83227102440943,1.319123821194175,8.880322309579476,1.9386471385167836,504.68527967847433,Severe
522.1731264905927,90.38097696189398,12.389465918330288,13.063453611448448,24.207129940287338,10.612026814100318,1.4125085169273897,7.444133119522939,37.81278801383375,1.7958009453945887,10.731535955706704,2.0691047297649736,456.7648265380572,Severe
275.05859518219603,103.95799738667905,3.1182260516021074,0.649408683867369,2.5729565806631545,11.191721574143166,0.9429565806631546,8.897018636054128,43.31795178868712,1.0696057892449127,6.212115784898254,1.558121303092656,501.70434193368453,Severe
295.8196700823853,102.15103525971027,3.1106302276213884,0.6468767425404628,2.585616287297686,11.156274395566479,0.955616287297686,8.541702869844945,42.923812922132036,1.0679178283603086,6.17835656720617,1.4644394739971232,500.4383712702314,Severe
387.8963921976443,95.23187077147472,10.216707400304013,17.29219384278793,26.092902921384486,10.48200503487761,1.2500335658507242,9.29394293805377,38.55987412805978,1.552063775116376,10.46627943570728,2.474039439874601,496.3942938053769,Severe
523.502737954337,92.0306523775407,14.472872857583134,15.833352858753742,28.990141707502413,10.574636165513583,1.48429856221392,8.039392245023752,37.60639163363498,1.9618154251196898,11.824838520382823,2.425063704310686,450.034509792445,Severe
413.13751504232494,95.0052290060919,11.457350310808696,17.63215649086217,27.67645187951383,10.490835233528887,1.3089015568592501,9.193867353339275,38.33911916177781,1.6639129580325753,10.956355460853258,2.5432093293096187,486.3867353339275,Severe
522.9725550764946,91.37284392505461,13.6421138600191,14.728854895014624,27.082914662125688,10.58954569526168,1.4556722650975713,7.802032531434028,37.688692237844485,1.8956171130381336,11.38888387054843,2.283124981108791,452.7182251471027,Severe
508.03480672784474,94.1531397448494,16.12170905903872,18.910290382725915,33.63001061390945,10.52403351643444,1.530223442896262,8.817620147076354,37.50916208913902,2.084424541502898,12.798860162111382,2.8032625454031077,448.76201470763544,Severe
290.48326556362446,102.23035783156482,4.435561553307046,4.584526050371167,7.766589721658335,11.022484300570397,0.9959296039298744,9.089427485949754,42.30356653095248,1.15024682302982,7.090556443778046,1.7745377527995634,503.9453775279956,Severe
447.88044256717365,88.91626498897034,3.0549959761329903,0.6283319920443302,2.678340039778349,10.896647888620622,1.0483400397783489,5.939256216887674,40.037013428234076,1.0555546613628868,5.931093227257737,0.7782837056402183,491.16599602216513,Severe
523.8071416014649,92.40833204321233,14.94985180072056,16.46749858932841,30.08517305003902,10.566075882973427,1.5007343046910173,8.175671943063017,37.55913887401333,1.9998230795979772,12.07514118185695,2.5065575940929596,448.4936589352171,Severe
517.7093454039995,84.84267489382609,5.3950372865818075,3.764328108219317,8.149568731147607,10.737554966141747,1.171494465007844,5.445724939023373,38.50570341310245,1.2384559503306394,7.061092790015292,0.8740767223305601,479.35989390551464,Severe
418.16998558655314,90.54740303269602,6.345490587098498,10.391654984884847,15.51176550149639,10.59312689418172,1.1382253176305237,7.579124751978,38.81233797644579,1.2609857646335407,8.219209552118551,1.621379458428751,500.86477881877556,Severe
519.150723135887,86.63102094362577,7.653574047570899,6.767063270711635,13.334637332470734,10.69702128414266,1.2493191344460899,6.091021156448829,38.28195748846749,1.4184254984065827,8.246297651668577,1.2599573749618622,472.0638311456791,Severe
518.0223103862467,85.2309767784365,5.885431235142386,4.416309151101005,9.275397767397955,10.728753926146045,1.1883924617995942,5.5858374957549675,38.45712167232617,1.2775325679115612,7.3184351994896515,0.9578626230896539,477.7757067062881,Severe
474.8122327829336,94.45144750460196,14.48876463389966,18.46282874309706,31.5457304223915,10.512411136184339,1.4527409078955946,8.949340456577488,37.79972159539152,1.93720772500163,12.153818058230826,2.7122205667773236,461.9340456577489,Severe
517.1215745733473,84.11341592171205,4.4740420480008005,2.539860640988863,6.035180523694589,10.754083954630278,1.1397588071098625,5.182583442285943,38.59694342955915,1.165067241441557,6.577785166610615,0.7167207519197349,482.3351118334504,Severe
352.4960296369099,95.65493700383492,8.459659593806917,16.619628877596288,23.662148894575573,10.479491404162838,1.1670095575925306,9.424149134420169,38.919158751973846,1.395709365241457,9.753453113831565,2.369598461191411,509.8959846119141,Severe
277.338846217337,103.62410458724649,3.582601151922672,2.0335280292252933,4.397317304359983,11.137578772476237,0.9596669620965276,9.01847883888451,43.02093618461217,1.0982178151819746,6.5261205404589955,1.6484068246835746,502.68406824683575,Severe
321.34793990337124,99.92915527732355,3.101290237036858,0.6437634123456192,2.601182938271904,11.112687772838667,0.971182938271904,8.104798865835225,42.43917118846805,1.0658422748970795,6.1368454979415885,1.3492462567879098,498.8817061728096,Severe
516.4358712924383,83.26265020872823,3.3995935999623086,1.1113764157431412,3.568499879884755,10.773366949031544,1.1027354578594335,4.875598171417802,38.70338555865413,1.0794507462999399,6.013950410317622,0.5331466452196909,485.8060508256781,Severe
314.84130267773924,100.49546733472744,3.103670810841918,0.6445569369473061,2.5972153152634694,11.123797117262285,0.9672153152634696,8.216156818271953,42.56269651813064,1.0663712912982042,6.147425825964081,1.378606667050325,499.27846847365305,Severe
304.97182506195674,100.69408739897207,5.375745155153965,7.396387543510379,11.48040184207768,10.895620339507875,1.0359004409769708,9.167631297563638,41.512839102412094,1.2075962848800015,7.712711211728502,1.9135667512242462,505.3356675122425,Severe
521.3435357452328,89.35168720696474,11.089556010246504,11.335217323026939,21.222842872051917,10.635356137648124,1.367716215715601,7.072730288641858,37.941565879817645,1.6922187488423273,10.049386535168841,1.847009569589855,460.9641047766624,Severe
517.1541484885257,84.15383102682097,4.525083064697739,2.607719910854428,6.152358679758343,10.753167927769242,1.141517578683052,5.19716658991364,38.59188696128623,1.169134400704558,6.6045697920273145,0.7254413276367999,482.1702269984639,Severe
486.51267200990526,85.2647344289478,4.034060410438574,3.5792398642198737,6.593847619910282,10.723407504138915,1.1046045150609247,5.620713002298865,38.76190677259139,1.1138947533915458,6.546574624281005,0.8186827970795778,491.1987980800159,Severe
325.08268738894805,98.56166538900922,6.68076812731449,11.299395249528366,16.635363194216392,10.71952666673945,1.0913820091094886,9.276182191735955,40.41526895022533,1.2872002739397008,8.576293880921604,2.106546118641699,507.265461186417,Severe
518.5062743232043,85.83144047074715,6.643768427697904,5.4245219871475365,11.016361401132736,10.715144141642176,1.2145232480470205,5.802505265056544,38.38199566186482,1.3379600111087346,7.716385298382749,1.087427771566476,475.32594549559184,Severe
415.32557941616096,90.76726642933745,6.441691755080031,10.675186063608603,15.882927098690597,10.587704646531853,1.1396246073466187,7.660633377940536,38.814436911019925,1.2671076571414566,8.288824215494278,1.6547875004005201,501.26707461215284,Severe
319.4228893574595,99.1617927081691,6.31349563900511,10.200972169889589,15.184602921541442,10.76908469196419,1.0757678367784056,9.245632724131664,40.72415801155762,1.2647973310298866,8.333255894203011,2.052235954011846,506.7223595401185,Severe
397.17250927061616,92.17044003485645,7.05564997547418,12.484688382261176,18.251689541738568,10.553099728655091,1.1485549087341698,8.180823433765397,38.82783236310126,1.3061777257119933,8.733106709524954,1.8679984460283063,503.8345362610738,Severe
414.70090460557384,90.81555177166362,6.462818993170236,10.73745379623446,15.964439824558626,10.586513838566768,1.1399319126279308,7.678533910576965,38.8148978689419,1.2684521177471968,8.304112653239553,1.6621244139918459,501.3554248805301,Severe
519.8396695879802,87.48581052366939,8.73310431502398,8.202303798581772,15.812984637075871,10.67764708695219,1.2865175930517956,6.399458375721137,38.175011919976086,1.504446933932277,8.812799177517968,1.4443997322151523,468.57647565139416,Severe
426.42608744985097,89.9092330633094,6.066259494685891,9.568684801610598,14.434441177679023,10.608865373935886,1.1341637744681585,7.342539862770227,38.806245661702235,1.2432165132981932,8.017147779790882,1.5244101154272822,499.69708515959553,Severe
317.22013126598864,99.3953585175562,6.1705554773779365,9.773472758590575,14.619976072378284,10.788372366268781,1.069690898298877,9.233743061889108,40.84437570756569,1.2560782453853454,8.238667025695566,2.0310987766917465,506.5109877669175,Severe
474.58617758096574,94.45347726969456,14.477653647061635,18.45978409545817,31.531548427328968,10.512332054427485,1.452213696183233,8.950236716488504,37.801698639312875,1.9362060227481426,12.149429020725416,2.7116010930152985,462.0236716488504,Severe
361.9625232218141,94.89205806851432,8.246493188291861,15.994428105856556,22.846179173736967,10.485979474841733,1.1658762645569725,9.18979241044365,38.85381439683546,1.3819586574367548,9.594844161709384,2.281545816297719,508.8144260601296,Severe
333.8718150590992,97.62972477962772,7.251107346404305,13.005141749504931,18.88825582119409,10.642567770263375,1.115629332656745,9.323622607371892,39.93559363657309,1.321989912072721,8.953708743091944,2.1908846353278086,508.10884635327807,Severe
376.3652046431405,93.7787773806157,7.7593775332845105,14.558765420825804,20.966798410235878,10.5134350844876,1.1587909459386838,8.777072600928332,38.843186418908026,1.3509603884817416,9.242349560449519,2.1123838342860757,506.7773969573716,Severe
376.13905745374893,95.33744068288279,9.638814963180595,17.133838975675822,25.35528457933846,10.477891921446126,1.2226128096408349,9.34055822361058,38.66270196384687,1.4999643383175862,10.23800164025995,2.441820051327981,501.05582236105806,Severe
432.84606145933594,89.41298983800361,5.849128409627674,8.928740276375382,13.596709973145321,10.62110367145735,1.1310055041400389,7.158570616157267,38.801508256210056,1.2293990806126702,7.860023830966936,1.449006411343429,498.7890824402612,Severe
370.72791686248286,94.21452149205874,7.950037247917503,15.120691597953218,21.70239825469262,10.502688809662832,1.1615641781515273,8.938613377326465,38.84734626722729,1.363093279412932,9.380317863038485,2.1785947533677144,507.5747012185641,Severe
483.65246172215245,85.48581943274225,4.130796092289765,3.86434630109402,6.967071468797972,10.717955129343668,1.106011579524215,5.7026745072855105,38.76401736928632,1.1200506604184397,6.616576081329686,0.8522764611406279,491.60332911321177,Severe
318.1299501324,99.29888737950803,6.229594940821446,9.950045497687801,14.853187409492483,10.78040585826254,1.0722008939720762,9.238653922988846,40.79472144533501,1.2596795435251529,8.277735654000145,2.039829196424613,506.59829196424613,Severe
521.2362889300167,94.03460273481298,16.77058373086141,19.08809589778053,34.45823024247554,10.528651841500793,1.5610122766719532,8.76527912965768,37.393703962480174,2.142923325676711,13.05517720329401,2.839439425089545,443.527912965768,Severe
331.180368548077,97.91510785696293,7.0764554857274415,12.48280032515157,18.198364829943703,10.666134472351011,1.1082042073414624,9.309095188276775,40.082481985201504,1.3113364714029678,8.838135053401894,2.165058112492043,507.85058112492044,Severe
428.11944401184985,89.7783420782871,6.008988180634768,9.39989061965265,14.213478035103599,10.612093393455131,1.1333307371728694,7.294015440319639,38.80499610575931,1.2395719751313035,7.975704174350251,1.5045213500022558,499.45758693719995,Severe
300.7669208130941,101.13994746326314,5.102882830740543,6.580322403212936,10.402570442315234,10.932439100473088,1.0243000094399861,9.144934801078234,41.74232590020897,1.1909521874573714,7.5321479730223935,1.8732174241390822,504.93217424139084,Severe
291.71009633456606,102.10027286077049,4.515172378193625,4.822622750309213,8.081059837707533,11.011741989633762,0.9993141676496364,9.096049458444941,42.236611031278926,1.1551029361929568,7.143237913850864,1.7863101483465618,504.06310148346563,Severe
493.53791523427736,84.7217058510954,3.7964584074005323,2.878961960720479,5.677135891825328,10.736799617037423,1.101148485925826,5.41939930517936,38.75672272888874,1.0987746259254885,6.37463717480984,0.736170101479094,490.20518970367493,Severe
380.42364489169796,93.4650730765672,7.622116302396146,14.154219138516636,20.437219624881127,10.521171626592217,1.1567944189439439,8.660774903484734,38.840191628415916,1.3422255828797547,9.143022342461212,2.064716752286661,506.20339544638387,Severe
356.11651737398836,95.34393541144365,8.444211993869537,16.577159349204578,23.60901427452938,10.4748353239819,1.168752174456284,9.357314162078552,38.85812826168443,1.3945407632462432,9.737920679200139,2.3502081651437843,509.6412501561817,Severe
520.873385720671,88.76836271079863,10.352864239476414,10.355782176245741,19.531572030039893,10.648577454424327,1.3423312875052893,6.862246925564689,38.01454754842229,1.6335161023559812,9.662795232632634,1.7211426338803921,463.3439417963791,Severe
381.49848546465114,93.38199137688683,7.58576392783433,14.047078776399,20.296965554299,10.523220578612975,1.1562656571321357,8.629974527946905,38.839398485698204,1.3399122499530938,9.116716442323753,2.0520925640297403,506.051376425489,Severe
518.6208121327572,85.97354981150863,6.82324105841481,5.663131687138713,11.42838830208942,10.711923168370157,1.2207075167292971,5.853783159547088,38.36421588940327,1.3522611324364995,7.810566556856587,1.1180914371160982,474.7461703066284,Severe
516.363493114507,83.17284916231856,3.2861821243062113,0.9605953296590839,3.308133835987986,10.775402330863132,1.0988275247427841,4.843194892658917,38.7146208663645,1.070413650967688,5.954435845561982,0.5137698101829709,486.172419555364,Severe
346.4350915029488,96.29759855000519,8.066356543492299,15.443354690148874,22.108565496197865,10.532561871210836,1.1502887255089147,9.391434462952224,39.24994043014973,1.3717186061649647,9.493189727486588,2.3114390452483993,509.314390452484,Severe
504.8945117735119,94.18133666765081,15.967358371236111,18.867994998523773,33.43299834810208,10.52293493502659,1.5228995668439436,8.830070736365297,37.53662662433521,2.0705091770034927,12.73788889397583,2.794656991041634,450.0070736365296,Severe
447.3331092481279,88.29318790278583,5.359159384671605,7.48466793191395,11.706320389587539,10.648720107409419,1.1238786819588598,6.743433224103578,38.79081802293829,1.1982192335700113,7.505464427453271,1.2788535317677756,496.7401210631722,Severe
330.73201625130764,97.9626481508749,7.047361256082215,12.395786529281004,18.08343993391441,10.670060311101661,1.1069672992419426,9.306675150690758,40.106951254126784,1.309561777173222,8.818882309939802,2.160755823450235,507.8075582345024,Severe
520.1633575576346,87.8874166322508,9.240300424954999,8.876623393407506,16.977387479544927,10.668544500628947,1.3039945587924193,6.544371549987142,38.1247656434718,1.5448624172074694,9.07895880160955,1.5310563540124118,466.9380101132107,Severe
410.26601644621985,91.15835428158294,6.612812135935253,11.179524495183717,16.54314064082656,10.578059679610922,1.1421136310681492,7.8056190097196865,38.818170446602224,1.2779971359231523,8.41265314564042,1.7142129417520606,501.9826689320929,Severe
284.40442582493057,102.87491754477166,4.041096841944039,3.4047776160174763,6.208417654777101,11.075711516706257,0.9791593851473436,9.056616188331759,42.63532520686776,1.1261852047766234,6.829524342728218,1.7162065570342389,503.3620655703424,Severe
482.63177278629075,85.56471538603078,4.165316994683318,3.9660888152393774,7.100259386760001,10.716009405754212,1.1065137017408484,5.731923126404411,38.764770552611274,1.1222474451162112,6.6415566616072015,0.864264629062752,491.74768925049386,Severe
271.1267222352575,104.28279687465903,3.1794874330423797,0.8279125076942142,2.8049808584317275,11.191973045079308,0.9425290405914505,8.984948122896316,43.35996897960391,1.0736286234572987,6.2593650665973595,1.5887966629267845,502.08796662926784,Severe
493.9396588382106,84.69065236996491,3.78287096537844,2.8389160634153656,5.624713070060091,10.73756545467867,1.1009508504055046,5.407887036120641,38.756426275608256,1.0979099705240827,6.3648048076738535,0.7314515534314219,490.14836949158257,Severe
524.2011657260297,92.8972056195846,15.567259680944105,17.288345247026907,31.502596166302403,10.554995339537973,1.5220089480870906,8.352074194555458,37.497974274249614,2.0490206924513967,12.399136271909649,2.6120443675984903,446.49916111683524,Severe
495.6920044132163,84.55520172503918,3.723604573406165,2.664241842711629,5.396052554123425,10.740905924044378,1.1000887937949988,5.357672238558679,38.7551331906925,1.0941384728531198,6.321917491301189,0.7108699518555959,489.9005282160621,Severe
519.778997521706,87.4105334830615,8.638035486767606,8.075909347805892,15.594728992593542,10.679353275542576,1.2832417109582521,6.372295853362173,38.18443008099503,1.496871456590958,8.762910223135048,1.4281568168346663,468.8835895976639,Severe
417.93114249807445,91.52293401811548,3.065953482560971,0.6319844941869904,2.660077529065048,10.947782918617865,1.0300775290650481,6.451824017574319,40.60558626177484,1.057989662791327,5.9797932558265385,0.9134262849186447,492.9922470934952,Severe
408.0517359852879,91.32951099904643,6.687701710004404,11.4002444943948,16.832078233871542,10.573838630890661,1.1432029339637004,7.86907090338555,38.81980440094555,1.2827628360911894,8.466845964694098,1.7402200483833479,502.2958435145639,Severe
338.959296501163,97.0902821030313,7.581241382647137,13.992492711872584,20.192315775816883,10.598021033395119,1.1296646059166064,9.351082924619448,39.65793931773669,1.3421274780542616,9.17217082252805,2.2397029771012402,508.5970297710124,Severe
524.3291221992729,93.05596376355231,15.767758406734691,17.554909238530257,31.962894030680218,10.55139701351876,1.5289177340439808,8.40935954478134,37.478111514623556,2.0649972599767055,12.504351324711457,2.6463004313014045,445.8514624333768,Severe
373.2233614182011,95.41412306206071,3.0823106527597135,0.6374368842532379,2.632815578733811,11.024116379545328,1.0028155787338109,7.216976090204373,41.45434164875402,1.0616245895021585,6.05249179004317,1.115164717369799,495.7184421266189,Severe
521.683898483862,89.77398203340805,11.6228803014845,12.044274456819307,22.447229866581072,10.625784632062373,1.3860935064402413,7.2251086575670005,37.88873116898431,1.734716233643058,10.329257358496175,1.9381303027661962,459.24123377122737,Severe
397.85856632252523,93.26997192989444,3.0732974065245444,0.6344324688415148,2.6478376557924257,10.982054563781208,1.0178376557924256,6.795356460759254,40.98665431632915,1.0596216458943433,6.012432917886865,1.0040013471360503,494.2162344207574,Severe
516.6175274446302,83.48803461352885,3.6842359171765167,1.4898097046740193,4.221971617466261,10.768258508306236,1.1125436640520265,4.956924547764719,38.67518696585043,1.1021322231203112,6.163321217125652,0.581779000924631,484.88653149512254,Severe
380.62100142711364,93.44981805473608,7.615441471841563,14.134546592463952,20.411466914995994,10.521547844314386,1.1566973304995136,8.655119501596669,38.84004599574927,1.3418008209353722,9.138192192350804,2.0623987656758884,506.1754825186102,Severe
473.5990267032564,86.26291744152053,4.4708151096549615,4.866475077728536,8.278926659432418,10.698790421092175,1.1109573106858903,5.990763347453113,38.77143596602884,1.1416882342507704,6.862626206623046,0.9703557926256323,493.0252268221935,Severe
510.8892004641616,94.1275099486047,16.262007229391184,18.94873507709296,33.80908633312564,10.525032079924491,1.5368805328299495,8.806303094189087,37.48419800188769,2.097073012376904,12.85428043580933,2.8110846260751905,447.6303094189086,Severe
451.6645960414241,87.9583779840075,5.212663397934865,7.052904305549847,11.141112237123242,10.65697715393458,1.121747831242689,6.619311169886631,38.78762174686403,1.188896761686764,7.399454604323775,1.2279794709191985,496.1275014822731,Severe
483.0101741985567,94.37783762890923,14.891707005386465,18.57324355663615,32.06004357982899,10.515279053419121,1.4718603561274717,8.916837394583299,37.728023664521984,1.9735346766421962,12.312987464761202,2.734685918449779,458.6837394583298,Severe
365.9728280981858,96.04518090336128,3.084963394736222,0.6383211315787407,2.6283943421062963,11.036495842102369,0.9983943421062965,7.341065464883279,41.59198948242397,1.0622140877191606,6.0642817543832095,1.147881868413406,496.16056578937037,Severe
294.27839683457324,101.82794736694701,4.681833115929486,5.321064660949924,8.739385154789856,10.98925357215739,1.006399559457261,9.109912181546814,42.096443497693315,1.1652689331343309,7.253523577639106,1.81095498941656,504.30954989416557,Severe
323.92756562831715,98.68414681355016,6.605810603924625,11.07521544759712,16.339274049144038,10.729641083019413,1.0881952752130617,9.269947277590774,40.47831085991552,1.2826280035665667,8.526691675055483,2.0954618268280405,507.1546182682804,Severe
293.63314288478944,101.89636580182872,4.639961652953232,5.195837254118906,8.573989006212674,10.994903510784498,1.0046194418076235,9.10642934266709,42.13165886858832,1.162714851289199,7.225815659440402,1.8047632758526038,504.24763275852604,Severe
343.2989708261448,98.01862406850782,3.093259045593914,0.6410863485313048,2.614568257343476,11.075208879438266,0.9845682573434762,7.729117577226433,42.02244158803977,1.0640575656875366,6.10115131375073,1.2501948956582758,497.5431742656524,Severe
424.0912773949186,90.089706328532,6.145225521632934,9.8014192192127,14.73910646710016,10.604414561507962,1.1353123712237518,7.40944562378354,38.807968556835625,1.248241624103914,8.074290468381651,1.5518328629670735,500.0273067268286,Severe
438.78468359438244,88.95395355564268,5.6482772120950475,8.336777019647403,12.821789534664896,10.63242437531828,1.128084032175928,6.988394874247804,38.79712604826389,1.216617640769685,7.714680600752417,1.3792562682002802,497.94915925057927,Severe
461.50620491127387,87.19765345139152,4.8798085905054345,6.071890409471473,9.856897871004605,10.67573806126242,1.1169063067709881,6.33729236941006,38.78035946015648,1.1677150921230732,7.158588761856661,1.112388074157342,494.7355631966591,Severe
275.4765046324949,103.82157489563086,3.4617511102530596,1.672094817725414,3.9199484706299224,11.153885709707072,0.9545291599553056,9.00842661730386,43.12257531392765,1.09084618602283,6.446149533217366,1.6305362085401938,502.50536208540194,Severe
292.5054642555814,102.0159373393386,4.566784954092546,4.976983467138149,8.284934282616952,11.004777630963483,1.0015084176416424,9.100342556255388,42.193203042306635,1.1582512079206175,7.177391891987304,1.7939423222317998,504.139423222318,Severe
488.2255756678993,94.33100818302977,15.14805260847992,18.64348772545535,32.38724152636346,10.517103577284555,1.4840238485636974,8.896159457441714,37.68241056788614,1.996645312271025,12.41424853929278,2.7489780220623445,456.6159457441715,Severe
272.8097379700593,104.10434108605824,3.28870076068155,1.1545431252915859,3.236383596259653,11.177236311405261,0.9471721210640954,8.994032410777578,43.26811673547115,1.080290434570224,6.331635623519399,1.6049465080490277,502.24946508049027,Severe
518.5315273538255,85.86277240862707,6.683338137096563,5.477130100432761,11.107204136708408,10.714433988925043,1.215886741263916,5.813810896313304,38.37807561886624,1.341113089172806,7.737150163831721,1.0941884254335836,475.19811800650785,Severe
419.42842690952455,90.4501295889022,6.302928618851402,10.26621325665113,15.34755368945941,10.595525841482921,1.1376062344560203,7.543063157063187,38.811409351684034,1.258277275745089,8.188410164187015,1.6065988476374866,500.68679240610584,Severe
349.292629929818,95.99460419120078,8.251786349050205,15.997930337824828,22.841030365841572,10.507540843843504,1.1581720628986223,9.406858383932088,39.093987451353335,1.3830294815501973,9.615895587726385,2.3388593492125995,509.588593492126,Severe
439.958224942516,94.76440402068991,12.775632536093578,17.993393968965144,29.359099180114697,10.500218025167927,1.3714535011195055,9.08752904809684,38.104549370801855,1.7827616521270604,11.477100396819884,2.616707863815419,475.7529048096841,Severe
519.7840670731289,87.41682337644671,8.645979114587734,8.086470438059212,15.612965691637882,10.67921071222922,1.2835154325198932,6.37456546131078,38.183643131505306,1.497504437702253,8.767078774417541,1.4295140195778038,468.85792820126,Severe
467.7638302859831,94.51473559185813,14.142324000413021,18.36789661221282,31.103535734809505,10.509945366550982,1.4363024436732157,8.977285845755533,37.86136583622544,1.9059746429791098,12.016967843579522,2.6929053713160283,464.7285845755533,Severe
390.83425742685444,92.66036640108499,7.27001712060202,13.11648682271977,19.07875696348634,10.541017216838796,1.1516729762996658,8.362450869455529,38.8325094644495,1.3198192713110375,8.888230570908371,1.9424423091545198,504.7309806861539,Severe
498.86499207538606,84.30994004189151,3.6162903922357446,2.3479576832984406,4.982014931498638,10.746954541528531,1.0985278602507018,5.2667478596033765,38.75279179037605,1.0873093885968201,6.2442610474724125,0.6736026634855041,489.4517598220767,Severe
512.2031190544915,94.11571218387314,16.326588499967134,18.966431724190283,33.8915174685227,10.525491733095851,1.5399448873056765,8.80109369158035,37.472706672603714,2.1028952858807854,12.879791186819757,2.81468524258417,447.109369158035,Severe
522.67359804265,91.00192198092574,13.173669373916194,14.106055764890733,26.007476423391235,10.5979528109491,1.4395306029777297,7.6681912496903415,37.73509951643903,1.8582895193859998,11.143059807848342,2.2030892397645756,454.2315059708379,Severe
392.0959088735628,93.77153092002528,3.075405781541442,0.6351352605138141,2.64432369743093,10.991893647193397,1.0143236974309298,6.893981558771904,41.09605555331705,1.060090173675876,6.0218034735175205,1.0300046390111197,494.567630256907,Severe
404.2520022929216,91.62321812309665,6.816213180352548,11.779002846093599,17.32789885219656,10.566595257107402,1.1450721917142188,7.977955167353249,38.82260828757133,1.2909408387497074,8.55984153778239,1.7848485771769758,502.83325511783795,Severe
450.5127631560715,94.66963410144977,13.29440553557042,18.135548847825344,30.021257836623693,10.503910359683776,1.3960690645585014,9.045682590250546,38.012241007905615,1.8295312226611529,11.682024962449526,2.6456311508562393,471.5682590250548,Severe
333.0374624888556,97.7181939738337,7.196965000176432,12.84321510219125,18.674388549680287,10.649873484264548,1.1133275323550054,9.319119085042402,39.98112925123794,1.3186873290310948,8.917880721003998,2.1828783734087143,508.02878373408714,Severe
384.605761495698,95.26141756921827,10.054967462006495,17.247873646172597,25.88645906182561,10.480853860939549,1.24235907293032,9.306989576018456,38.5886534765113,1.5374822385676081,10.402389282144917,2.465021910693126,497.69895760184556,Severe
336.8573018296438,97.31316362991423,7.444839905222177,13.584548921718085,19.653517333567088,10.616426408352645,1.1238656521628652,9.339737145536041,39.772657750691145,1.3338072400597631,9.081908846708947,2.2195327031751835,508.39532703175183,Severe
441.09838486548045,89.50654855900672,3.0574773176231016,0.6291591058743672,2.674204470628164,10.90822748224114,1.0442044706281641,6.0553278577028635,40.165767481109825,1.0561060705829115,5.9421214116582295,0.8088869173515862,491.5795529371836,Severe
522.6706297300257,90.9982391363535,13.16901823838662,14.099872058501091,25.996798511385794,10.59803628430749,1.439370334129618,7.666862353824748,37.73556028937735,1.8579188976747414,11.140619046848974,2.202294573392689,454.2465311753483,Severe
521.4471506284663,89.48024425556603,11.251913189486384,11.551071950415492,21.595576726473407,10.632442333282727,1.373310720097162,7.1191180541389665,37.92548167972066,1.7051560402246868,10.134586174813027,1.8747489871484273,460.43961999089106,Severe
412.2815751203872,91.00255811546387,6.544643566829852,10.978613130602165,16.280133906932633,10.581901908051409,1.1411220882447979,7.747861640259475,38.816683132367196,1.2736591360709906,8.363323890178695,1.6905398568445489,501.6976003703794,Severe
524.2758353681263,92.98984973120723,15.684261718559988,17.443900001990738,31.77120529501424,10.552895518331658,1.5260406048032156,8.385503348159997,37.48638326119075,2.0583438986074363,12.460535043982304,2.632034665482611,446.1211932996985,Severe
495.85996642795715,84.74031634935338,3.037441778208398,0.6224805927361328,2.7075970363193367,10.814728298305857,1.0775970363193366,5.118109847303957,39.12614560259133,1.0516537284907552,5.853074569815103,0.5617819312369106,488.24029636806637,Severe
303.8660150197553,101.45071311202503,3.1076863232172935,0.6458954410724311,2.590522794637844,11.142536175014035,0.9605227946378442,8.403993563831174,42.77105699360845,1.0672636273816207,6.165272547632415,1.428131319679953,499.94772053621557,Severe
503.95888666637927,84.03541825469662,3.0344786381561275,0.6214928793853759,2.7125356030731207,10.800900311395262,1.0825356030731204,4.979500740414421,38.972391557656856,1.050995252923584,5.839905058471679,0.5252365372589092,487.74643969268794,Severe
521.1250086784038,89.08055632427374,10.747139582695677,10.87997308481866,20.436735380804578,10.641501443239488,1.3559172289801813,6.974897023627336,37.97548796668198,1.6649335920166692,9.869697799677343,1.7885062603600654,462.070259783108,Severe
338.1454677227243,97.1765750909334,7.528430854983068,13.834549211391133,19.983709310718698,10.605147038052193,1.1274194263671173,9.346690182022622,39.70235482621572,1.3389061334832555,9.137224114757743,2.2318936569291044,508.51893656929104,Severe
403.5122140456024,92.77790071662935,3.0712289147359475,0.6337429715786492,2.6512851421067536,10.972401602101089,1.0212851421067537,6.698597011537112,40.87932257574307,1.0591619810524329,6.003239621048657,0.9784899484100225,493.87148578932465,Severe
375.3710596888372,95.34433658724967,9.601066603561879,17.123495119125494,25.307102805969848,10.477623249847415,1.2208216656494366,9.343603168395957,38.66941875381461,1.4965611647339296,10.223090366531562,2.439715457138088,501.3603168395958,Severe
518.580520759819,85.92355950290253,6.760107332314812,5.5791951036949285,11.283448132622233,10.71305622160239,1.2185320545234108,5.8357449520899465,38.370470343245195,1.3472303760853872,7.777436080346108,1.1073047703452445,474.95011988843027,Severe
484.742973865229,85.40152637138158,4.093913686762026,3.7556437931659,6.824772442380038,10.72003395583705,1.105475108171084,5.671425050965643,38.76321266225663,1.1177035982484926,6.589886631511431,0.8394682075846309,491.44909359918665,Severe
432.2641203771694,90.27544811872355,3.0607094969960356,0.6302364989986785,2.668817505006608,10.923310985981498,1.0388175050066075,6.20652202614788,40.33348167746095,1.0568243326657858,5.9564866533157135,0.8487504629511038,492.11824949933924,Severe
406.35764641954313,95.0661059093575,11.124108561114504,17.54084113596376,27.251104165787908,10.488463406128929,1.293089374192859,9.22074806387214,38.39841484677678,1.633869810966432,10.824719040155552,2.5246300146766094,489.074806387214,Severe
282.7825585289993,103.04688955983742,3.935851525031623,3.090014357673132,5.792688926049127,11.089912825642683,0.9746850001399765,9.047861956795607,42.7238402146222,1.1197654349834447,6.7598795673961565,1.7006434787477445,503.20643478747746,Severe
291.0248218985903,102.17293480168479,4.470703927928196,4.689628383341629,7.905405349320803,11.017742353532794,0.9974236420376127,9.092350603986635,42.2740105596907,1.1523904429235314,7.113811471715886,1.7797344070873489,503.9973440708735,Severe
312.77664078107136,99.86651667860536,5.882210946690609,8.911104088253985,13.480988526946089,10.827280223459493,1.0574322583620777,9.209758766360586,41.086883584576285,1.2384897619977635,8.047858630157558,1.9884600290854877,506.0846002908549,Severe
389.5530794287037,92.75939731632761,7.313348069992188,13.244194948104248,19.24593564458804,10.538574926964078,1.1523032446544317,8.399164001120653,38.83345486698165,1.3225766953631393,8.919586421557984,1.9574899661245597,504.91218283814914,Severe
513.1664532870952,83.23402794879179,3.0311098792803017,0.6203699597601006,2.718150201199497,10.785179436641407,1.0881502011994972,4.821917686334116,38.79759040265566,1.0502466398400672,5.824932796801342,0.4836885111237219,487.1849798800503,Severe
507.1029298198371,83.67317410013928,3.337673631723627,1.5267981036799991,3.907060811850066,10.76265839530285,1.094475252825071,5.030683477060382,38.746712879237606,1.0695792311096854,6.04264382804728,0.5768466611985685,488.2866351872079,Severe
524.739495646934,93.56512227060539,16.410784517636714,18.40981545345527,33.43913057243518,10.539856702842126,1.5510751305431172,8.593081290753346,37.41440899968854,2.1162362393809584,12.841790008896222,2.756164188942956,443.77420651158275,Severe
401.45936544549875,91.8390799185222,6.910663448836287,12.057373546479308,17.69230516078291,10.561271696520137,1.146446013801255,8.057980303923108,38.82466902070188,1.2969513103804908,8.62818918661244,1.8176485795049648,503.22822896786084,Severe
497.8118336010797,84.57043352413059,3.03672765143259,0.6222425504775301,2.7087872476123502,10.81139570668542,1.07878724761235,5.084704583680047,39.089090357668844,1.0514950336516868,5.8499006730337335,0.552974367668611,488.121275238765,Severe
486.8348373753931,85.23983208825058,4.0231643982003344,3.547126344514076,6.551808823602018,10.724021643010527,1.1044460276101868,5.611481108293374,38.76166904141528,1.1132013707945667,6.5386898736067876,0.8148989091932071,491.1532329379287,Severe
427.6817135079185,94.87463565505105,12.172221706441334,17.828046517423424,28.58890931925371,10.495923286166843,1.3428219077789483,9.136202756775788,38.21191784582894,1.7283616247800015,11.238742382259744,2.5830657416402643,480.6202756775788,Severe
346.53425936991505,96.28708344932171,8.072791689951305,15.462600654974517,22.133984919456456,10.53169354276073,1.1505623084452496,9.39196973391462,39.24452824597441,1.3721111382040538,9.49744810536519,2.3123906380704335,509.32390638070433,Severe
516.5017797496278,83.34442414380136,3.5028674817001777,1.2486795234089945,3.8055923951738473,10.77151350535355,1.1062940697211836,4.905104994771479,38.6931545495516,1.0876800362302368,6.068145103462189,0.5507914290342012,485.47243096363906,Severe
466.99448385968117,86.77342724070722,4.69418853014238,5.524817467928726,9.140741929022056,10.68620028284652,1.1142063786202527,6.180021554629725,38.77630956793038,1.155902906463606,7.024267336357577,1.0479272895585356,493.9593338533227,Severe
328.7900132553504,98.16856522517335,6.9213418701144995,12.018893060712127,17.58565171244859,10.687064775381963,1.1016097283043131,9.296192946682352,40.2129379835451,1.3018748275670582,8.735490553606269,2.1421207941019595,507.6212079410196,Severe
347.2769108085413,96.20833763287148,8.120983416987029,15.606730441192262,22.324346695196457,10.525190777375133,1.152611124936602,9.395978287919439,39.20399731103679,1.375050744474255,9.52933837944798,2.319516956301224,509.39516956301225,Severe
509.08061772822884,83.58964297100948,3.0326047579351165,0.620868252645039,2.7156587367748055,10.792155537030546,1.0856587367748052,4.891844787853802,38.875157995077736,1.0505788350966927,5.831576701933853,0.5021253478664418,487.4341263225195,Severe
362.6433835403734,94.83942976815587,8.223465690123886,15.92655978852876,22.757334898987068,10.487277388374835,1.1655413191290747,9.1702818392686,38.85331197869361,1.3804932711897018,9.578180626671468,2.2735489942066587,508.718129249609,Severe
314.0447607572672,99.73205367525198,5.964501087883121,9.157213974482236,13.80604219003,10.816176378159948,1.0609307301687834,9.216603602504142,41.017674685791455,1.2435093085030369,8.10231310436628,2.000628626674029,506.2062862667403,Severe
376.0146240961178,93.80587612293567,7.771234580441224,14.593711372536768,21.012545053993232,10.512766778193313,1.158963412079145,8.787118753610201,38.843445118118716,1.3517149278462597,9.250929750937468,2.1165014633895884,506.8269809727542,Severe
517.5819558470233,84.68462013415817,5.195426878406469,3.498945139130498,7.691310234848448,10.741137349633767,1.1646162887031664,5.388693393830419,38.5254781699784,1.222550167626072,6.956343896708636,0.8399724314865327,480.0047229340782,Severe
464.3078810411818,86.98109294866772,4.785052602837906,5.792618671273173,9.491312042221885,10.68107885329459,1.1155280378594605,6.257008205313571,38.77829205678919,1.1616851656351395,7.090019883508158,1.0794819038946182,494.33931088459485,Severe
517.7209414348005,84.85706232011803,5.413207445081063,3.788485418729456,8.191283136661337,10.737228868537668,1.172120572407675,5.450916412880304,38.50390335432794,1.2399038236927482,7.070627883958549,0.8771811715213882,479.3011963367805,Severe
518.7428205699459,94.05699175746186,16.648025639348397,19.054512363807213,34.301797850461305,10.52777954191707,1.555196946113803,8.775165191606535,37.41551145207324,2.131874197616226,13.00676457639741,2.8326064116837184,444.5165191606535,Severe
303.8689802309512,100.81102572578135,5.304179957412092,7.182353366160381,11.197712696838527,10.905277011291899,1.0328579279491277,9.161678554683077,41.57302794709334,1.2032309401009225,7.66535383503425,1.9029840972143575,505.22984097214356,Severe
334.4041632353242,97.5732781216233,7.285652190273526,13.108457012684962,19.02471114716179,10.637906451220024,1.1170979674238282,9.326496023220534,39.90654020965905,1.3240970836950579,8.976568362510024,2.1959929301698375,508.15992930169836,Severe
517.27183961456,84.29985275012338,4.709496718877494,2.8528987245952036,6.575729007157377,10.74985827855568,1.1478721051730938,5.249856205393569,38.573617697627355,1.1838292432127795,6.701343935031908,0.7569491881499235,481.5744901400225,Severe
289.1397180687691,102.73243195311863,3.1130742118533714,0.6476914039511238,2.5815429802443814,11.167679655315732,0.9515429802443813,8.65602702114103,43.05062854839159,1.068460935967416,6.189218719348316,1.494581946191578,500.84570197556184,Severe
518.8999927824434,86.31993480206411,7.260697352017512,6.244731870736853,12.43268494741709,10.704072193969534,1.235781387578493,5.978770672005004,38.320878510711836,1.387119458775265,8.0401290483308,1.1928327134100276,473.3329949145163,Severe
519.2214884278982,86.71882085036177,7.764458245289161,6.914484328984585,13.589201341302758,10.695031259057982,1.2531399826086718,6.122702355796903,38.27097255000007,1.4272612097825534,8.304485985144563,1.2789024137679974,471.705626630437,Severe
398.3384276139928,92.08031831811654,7.016217243408188,12.36846936648122,18.09955089184032,10.555322300826084,1.1479813417223008,8.147413155324028,38.826972012583454,1.3036683700350664,8.70457175068447,1.8543045336199342,503.6696357451615,Severe
505.57175185927605,83.7915292038427,3.389459874394183,1.6794262843508556,4.106861551753557,10.759739534352327,1.0952285072639154,5.074560548123071,38.74784276089588,1.07287471927963,6.080118236379791,0.5948306109259799,488.5031958383757,Severe
519.0029311033142,86.44765242627163,7.421994405980403,6.459177056622903,12.80298500382292,10.701177415542347,1.241339362158693,6.024855544565829,38.304899333793756,1.3999722749919776,8.124772369541763,1.2203910040368524,472.81193479762254,Severe
308.60261095466814,100.30910302459799,5.6113521082494255,8.101030889367042,12.411071081939044,10.863828643433996,1.0459170027536724,9.187228918431098,41.31468538030778,1.2219678735161388,7.868621173296293,1.9484069660997303,505.6840696609973,Severe
387.61259893388774,92.90939018202577,7.378977406614299,13.437622502039597,19.49914555788281,10.534875818899922,1.153257853187117,8.45476994814957,38.834886779780675,1.3267531076936372,8.967078196059076,1.9802812448424203,505.1866327912962,Severe
405.4155320268132,91.53328103814388,6.776861233873615,11.663021927471146,17.176071887781475,10.568813275908942,1.1444997997654345,7.944613336336554,38.82174969964815,1.2884366239737755,8.531365038330362,1.7711827193997465,502.6686924325624,Severe
417.74337002728856,94.963872719713,11.683735696636013,17.694190920430508,27.965408789537783,10.49244651741378,1.3196434494251963,9.175606135977166,38.298837064655515,1.6843225539078732,11.04578171646476,2.5558310530746056,484.5606135977166,Severe
373.13595640001154,95.36440573228373,9.491207582368942,17.093391401574408,25.16687942897863,10.47684133510583,1.215608900705525,9.352464868800608,38.68896662235428,1.4866569113404977,10.179694098373497,2.433590458328992,502.24648688006073,Severe
453.7316716622064,87.79859972454844,5.142752464997324,6.846857719564843,10.871383146771496,10.660917588336515,1.1207309449454157,6.56007754307046,38.78609641741812,1.1844478841361934,7.348864511034428,1.2037013105717982,495.835146671807,Severe
518.2710097305599,85.53954300653258,6.275125483318119,4.934409472437298,10.170044002621209,10.72176013131159,1.2018205478817443,5.697178709519462,38.41851592483999,1.3085850169765336,7.522933760449063,1.0244435499136482,476.5168236360865,Severe
357.5480550967242,95.23328217583432,8.39579570143904,16.434463330968516,23.422215415370264,10.477564242282527,1.1680479374754769,9.316292357946532,38.857071906213214,1.3914597264552115,9.702884889404979,2.333394507227012,509.4387820241996,Severe
517.3548210110208,84.40280942087274,4.839522686560047,3.02576885535478,6.874238012648263,10.747524718475232,1.1523525405275539,5.287006481874299,38.56073644598329,1.194190249969968,6.769577231784203,0.779164680115787,481.15444932554186,Severe
524.90091493754,93.76539839832023,16.663717106854108,18.74609051105083,34.01980424100462,10.535317352712596,1.5597906827918142,8.66534774481546,37.389351786973535,2.1363909539560706,12.97452060668367,2.799378802176079,442.9571234882674,Severe
523.9760978701626,92.61795944970672,15.214594300490898,16.819474978111373,30.6929594924407,10.56132458182895,1.5098568028884158,8.251312657283114,37.5329116916958,2.0209188566794616,12.214069227321499,2.551789980988395,447.638424729211,Severe
439.59575673550523,88.89126022527795,5.620845762850333,8.255929057418893,12.715954015942561,10.633970511548435,1.127685029277823,6.965152955433192,38.79652754391674,1.2148720030904758,7.694830206571696,1.369730074008025,497.8344459173741,Severe
516.7416881602204,83.64208328540275,3.878786959715356,1.7484662235411648,4.66861500155758,10.764766924628223,1.11924750471381,5.012510559918673,38.6559134239478,1.1176348546506853,6.26541512387073,0.6150188775393075,484.2580464330803,Severe
286.9854416335495,102.6012438042392,4.20858269446447,3.905687245182092,6.87000225151677,11.053111762114776,0.9862798557720569,9.070547543901851,42.49446372277018,1.1364015321946905,6.940356015930278,1.7409734113810678,503.6097341138107,Severe
515.8640450549314,82.99596823059595,3.0413623920666435,0.6534880682545996,2.7638381744825793,10.779359574265333,1.090165271157333,4.779627044914647,38.740247906736,1.0507230613133318,5.828222240077317,0.4739458488813253,487.04751545773325,Severe
324.3411559457909,98.64029244859312,6.6326490784062475,11.155482825991328,16.445288503796956,10.726019625279749,1.0893362824461066,9.27217968304673,40.45573876030528,1.2842651009009356,8.544451700682878,2.0994305476386317,507.1943054763863,Severe
518.2696961114024,85.53791317308966,6.273067135189402,4.93167288899553,10.165318519982563,10.72179707223278,1.2017496213130592,5.696590610054114,38.418719838724954,1.308420999286449,7.521853607913463,1.024091872343918,476.5234730019007,Severe
456.1548290068789,94.61897360695824,13.571722398274089,18.21153958956265,30.37522336956456,10.505884145183446,1.409227634556303,9.023313021254285,37.962896370413866,1.8545325056569761,11.791570057681223,2.661092470603656,469.33130212542846,Severe
520.8239057354983,88.70697190804789,10.27533260916655,10.252703511971609,19.353577662680998,10.649968905075976,1.339659702254124,6.840095031190442,38.0222283560194,1.6273380614626611,9.622109215578426,1.7078960236766971,463.5944029136759,Severe
301.26486953148446,101.0871482948504,5.135195443988618,6.67696160512677,10.530208251023431,10.92807898814941,1.025673743459775,9.147622541551733,41.71514985764358,1.192923197137938,7.553530441678236,1.877995629425304,504.97995629425304,Severe
343.048461009715,96.65669431059277,7.846593187748092,14.786095707534962,21.24047993016206,10.562215706643974,1.140945736262858,9.373154701383852,39.43476913045216,1.3583134476814918,9.347764068787093,2.278941691349071,508.9894169134907,Severe
512.2846925883347,83.31077292444309,3.0314324877720633,0.6204774959240211,2.7176125203798946,10.786684942936295,1.0876125203798943,4.8370085946709676,38.81433019883929,1.0503183306160142,5.826366612320283,0.4876673491887824,487.23874796201056,Severe
391.26337743735206,92.62719681227699,7.25550377625485,13.073712038743837,19.022761842205078,10.541835241702,1.1514618731091615,8.350154108608654,38.832192809663745,1.3188956948525812,8.877728187180782,1.9374022204812296,504.6702885188839,Severe
421.51723411605184,90.28867154815661,6.232282698079663,10.058000461067518,15.074988882409178,10.599507702471874,1.1365786574266132,7.483206795100225,38.80986798613992,1.2537816262414332,8.137288206974013,1.5820654460603925,500.39136401015134,Severe
305.33853327983934,100.6552040998707,5.399541382318949,7.467556296842996,11.57439913866099,10.89240938833774,1.036912110523726,9.169610651024682,41.49282563963933,1.209047810751433,7.7284580681519115,1.9170856018216562,505.37085601821656,Severe
518.5328933388748,85.86446721347453,6.685478538866741,5.479975774573731,11.112117995187251,10.714395575397223,1.2159604952373322,5.814422439676211,38.377863576192674,1.3412836452363304,7.738273375385203,1.0945541222184385,475.1912035715001,Severe
484.13733172927846,94.36771680448318,14.947108661173212,18.588424793275223,32.13075791153307,10.515673371253902,1.474489141692679,8.912368459122446,37.71816571865245,1.9785293692160904,12.334872104591554,2.7377747414888978,458.2368459122446,Severe
517.1821148657382,84.18852946783929,4.5689043959203275,2.665980575193429,6.252962137942002,10.75238147171715,1.1430275743030696,5.2096869702629505,38.58754572387868,1.1726262655758481,6.627565766990495,0.7329283892527192,482.02866490908724,Severe
521.9374090185736,90.08851760122224,12.020113344063983,12.57239764049282,23.359183398647968,10.618655539410193,1.3997813643324273,7.338603812589709,37.84937857754427,1.7663694050187382,10.537712027645924,2.005999264814952,457.95799709383493,Severe
475.82564054140846,94.44234804714729,14.538575300356092,18.47647792927907,31.609308449802082,10.512765660500754,1.4551044033383673,8.945322514324776,37.790858487481124,1.941698366342898,12.17349415779191,2.7149976739225816,461.53225143247755,Severe
343.098834550969,98.03604314103725,3.093332269158961,0.6411107563863203,2.6144462180683985,11.075550589408483,0.9844462180683985,7.732542812880282,42.02624107747052,1.0640738375908803,6.101476751817604,1.2510979862938512,497.55537819316015,Severe
523.0132270931663,91.4233065059195,13.705844027874754,14.81358445055567,27.229224121423883,10.588401937762477,1.4578682794960434,7.820241150821358,37.68237869644888,1.9006953963346,11.42232733982516,2.294013552501214,452.5123487972459,Severe
350.0706907800165,95.91210379638545,8.302275844067282,16.148932191683663,23.040468537470947,10.500728028434544,1.1603185663836366,9.411058064663637,39.05152401284545,1.3861092474200005,9.649306381101825,2.3463254482909104,509.6632544829091,Severe
516.3588992797801,83.16714950010956,3.278983910836454,0.9510252712628238,3.291608432774574,10.775531516316645,1.0985794886720388,4.841138260238987,38.71533397006789,1.0698400675540893,5.950658462901255,0.5125399646655249,486.1956729369964,Severe
355.68573293637326,95.52109248019349,8.633500254525254,16.858361279709765,24.0721070864403,10.47073665661584,1.1749110441055874,9.4216512250205,38.841583584604045,1.4093309838006158,9.840884442179016,2.385770476824065,509.16512250205017,Severe
451.72262983296224,94.65877062595322,13.35387248260668,18.151844061070157,30.097161081002124,10.504333611975849,1.398890746505655,9.040885730940387,38.001659700603795,1.8348924183607447,11.705515464659578,2.6489466271441446,471.0885730940386,Severe
459.174136745643,94.59186303662591,13.720126364443884,18.252205445061136,30.564645276561826,10.50694040117042,1.4162693411361273,9.011342120068583,37.93648997073952,1.867911748158642,11.850192264958261,2.66936647583495,468.1342120068584,Severe
437.3964350696683,89.82875167754138,3.0588317445576236,0.6296105815192079,2.6719470924039603,10.91454814126891,1.0419470924039604,6.118684939862176,40.23604718982337,1.0564070543461386,5.948141086922772,0.8255915162106925,491.80529075960396,Severe
523.1497229368796,91.59265961684834,13.919723342039656,15.097937996739013,27.72024066607525,10.584563471966266,1.4652381338247693,7.881349526297044,37.66119036525379,1.917738184469779,11.534564079706382,2.3305557468811475,451.8214249539279,Severe
503.890951639916,84.04133105162568,3.0345034934444794,0.6215011644814933,2.712494177592534,10.801016302740905,1.0824941775925339,4.980663415569551,38.97368127095245,1.0510007763209956,5.8400155264199105,0.5255430858152499,487.7505822407466,Severe
481.4554262442571,85.65564316879652,4.205102420714463,4.083347316323902,7.253758794101984,10.71376695446882,1.1070923988467558,5.765632232823528,38.76563859827014,1.1247792449545568,6.6703468426261034,0.8780810224662956,491.9140646684423,Severe
501.65998280398037,84.09389629906511,3.521760512717427,2.0693523474817264,4.617301469066147,10.7522825892832,1.0971528801849808,5.186655270775129,38.75072932027747,1.0812938508092909,6.175855789202793,0.6407750144164156,489.056453053182,Severe
448.29301424185496,88.21899035161655,5.326694266817105,7.3889843754736875,11.581064062156182,10.650549959506671,1.1234064620627944,6.715926415157766,38.790109693094195,1.196153271524725,7.4819714876240155,1.267579281749213,496.6043578430534,Severe
496.54221917575927,84.48948287394359,3.6948493084080933,2.5794922344173106,5.285109513530866,10.742526675344271,1.099670535395027,5.333308686760312,38.75450580309254,1.0923085923532425,6.3011091359025855,0.7008840325562653,489.7802789260702,Severe
516.6913323218293,83.57960579412574,3.7998829294806544,1.6435629471630833,4.487469927120699,10.766183005572852,1.116528629300123,4.989966551280187,38.663730190762145,1.1113474552565346,6.224008917049791,0.6015377869464436,484.51294100311344,Severe
314.61273600709836,99.67182935944885,6.001357824138204,9.267443547977106,13.951629704590285,10.811203103212405,1.0624976524125298,9.219669319937559,40.986676876186905,1.245757501287543,8.126702589725467,2.006078791000104,506.26078791000106,Severe
421.103067631942,91.24686215699874,3.064792974971036,0.6315976583236788,2.6620117083816064,10.942367216531503,1.0320117083816063,6.39753805142292,40.545368812385995,1.057731772215786,5.974635444315717,0.8991133579761145,492.79882916183936,Severe
517.6849317807586,84.81238442539559,5.356782869062608,3.7134686816252334,8.061745596024567,10.73824151347698,1.1701762941241962,5.434795105446459,38.509493154392935,1.2354076801622036,7.04101814593307,0.867540791699139,479.48347242585663,Severe
355.09466893124716,95.52639968425095,8.604448481665287,16.850400473623584,24.03502558276613,10.470529882431782,1.1735325495452094,9.423994665773144,38.846752939205466,1.4067118441358977,9.82940847496387,2.384150745715621,509.3994665773144,Severe
485.35598649572563,94.3567744201305,15.007007557337573,18.604838369804245,32.20721249311415,10.516099697916992,1.4773313194466227,8.907536756940742,37.707507552075164,1.9839295069485832,12.358533234393134,2.7411143003497815,457.75367569407416,Severe
516.7091145279388,83.60166853128956,3.827746386297699,1.680607543017473,4.551437863158682,10.76568294353378,1.11748874841514,4.9979275389422,38.66096984830647,1.1135677307100105,6.238630731072232,0.6062983775584012,484.42292983608064,Severe
299.4189588735062,101.28287637709253,5.015411628951286,6.318717219303476,10.057051111033086,10.944242053764428,1.0205812707317552,9.137659007953435,41.815892252915276,1.1856166058325184,7.474264996607321,1.8602826808061053,504.80282680806107,Severe
417.36984241679994,90.60925151162726,6.372552371833725,10.471413444986304,15.616174787329392,10.591601593587553,1.1386189435903087,7.6020534641354836,38.812928415385464,1.2627078782076007,8.23879244361786,1.630777278218621,500.97794628221374,Severe
432.8265943384954,89.41449458347752,5.849786810590797,8.930680763577602,13.599250203770314,10.621066561584882,1.1310150808813206,7.1591284613369295,38.80152262132198,1.229440978855778,7.860500273845705,1.4492350560415312,498.7918357533797,Severe
485.52782059228724,94.35523151004534,15.015453487219295,18.607152734931976,32.217992825916916,10.516159811296934,1.4777320753128966,8.906855471968075,37.70600471757664,1.9846909430945034,12.361869526979865,2.7415851884926536,457.6855471968076,Severe
523.520665795471,92.05289580697924,14.50096451416327,15.870700847257988,29.054633536463847,10.574132008001376,1.485266544637356,8.047418432618077,37.603608684167604,1.964053884473886,11.839580086039735,2.4298632838268905,449.9437614402479,Severe
324.4474025691724,99.65939026380754,3.1001562411836843,0.6433854137278947,2.603072931360526,11.107395792190525,0.9730729313605263,8.051753059814562,42.38032940364228,1.0655902758185964,6.13180551637193,1.3352603079321055,498.69270686394736,Severe
485.8814098101014,85.31352895515327,4.055410441793399,3.6421642293583654,6.676219922701081,10.72220413873528,1.1049150609715404,5.638802301592226,38.762372591457314,1.115253391750489,6.562024283334133,0.8260970806955261,491.2880800293178,Severe
461.9799846526857,87.68909642093581,3.049837397378992,0.6266124657929975,2.6869376710350132,10.872574521101964,1.0569376710350131,5.697949366283968,39.769340508443264,1.054408310528665,5.908166210573299,0.7146612343409038,490.3062328964987,Severe
324.3900571432697,98.63510729103389,6.63582234790799,11.164973306682306,16.45782321160698,10.725591439191714,1.089471190391652,9.272443633374971,40.453069929208624,1.284458664474979,8.546551572183107,2.0998997926666156,507.19899792666615,Severe
506.7936239372605,83.69708244440189,3.34813472109868,1.557629787092655,3.9474215966752713,10.762068770265346,1.0946274141250718,5.039546872785427,38.74694112118761,1.0702449367971887,6.050213852722318,0.5804795122360871,488.33038156095813,Severe
358.60453028650124,95.15162006087,8.360064465774462,16.32915363458255,23.284357811588016,10.479578184656349,1.1675282104112648,9.286018256456181,38.8562923156169,1.3891859205492838,9.67702846796043,2.3209860235689495,509.28936049323863,Severe
343.8912292294008,96.56733277692332,7.901281637652133,14.949655618708228,21.456504361668408,10.5548363039767,1.1432707535415878,9.377703648233542,39.38877422341641,1.3616493420379303,9.383953468169064,2.2870287079707405,509.0702870797074,Severe
365.32892370679446,94.63184619976383,8.132637557573672,15.658864510594398,22.40690344940242,10.492396792209485,1.1642201826556169,9.093325639689692,38.85133027398342,1.3747132991183244,9.512454087116948,2.2420068609028565,508.3383025134899,Severe
515.3719101187634,83.03400866933431,3.058006975444605,0.7025441949012858,2.8280560034426436,10.778421425020394,1.0904073741882852,4.7937295464676115,38.74061106128243,1.0517822620737478,5.8402668658671875,0.4797260587453085,487.117120079132,Severe
517.7459287655613,84.88806459889095,5.452360821627458,3.8405400155449048,8.281170070039204,10.736526187695128,1.173469719625354,5.462103091893559,38.50002455607711,1.243023726633631,7.091174271794452,0.8838706931423796,479.17471378512306,Severe
418.0168771139504,90.55923782239358,6.350668896035376,10.4069168735879,15.531744358885582,10.592835025859824,1.1383006384877872,7.58351219191361,38.812450957731684,1.2613152933840694,8.222956764767419,1.6231777438959218,500.88643356523886,Severe
518.3492599509907,85.63662961298387,6.397738033442009,5.09742342996023,10.45153354698316,10.719559618926022,1.2060455316620362,5.7322108666977165,38.40636909647165,1.3183552919684587,7.587276742603093,1.0453924278242628,476.1207314066841,Severe
518.9023767055019,86.32289258286667,7.264432790510675,6.249698153643768,12.441260634639725,10.704005154513448,1.23591010333418,5.979837940145907,38.32050845291423,1.3874171139602907,8.04208928202678,1.1934709290319747,473.3209278124207,Severe
308.06685400054096,101.0850886452637,3.106149368429413,0.6453831228098044,2.593084385950978,11.13536371933726,0.9630843859509782,8.33209823430921,42.69130611739288,1.066922081873203,6.158441637464057,1.409175543962761,499.6915614049022,Severe
486.2507827859743,85.28497761886794,4.042917812551601,3.605345043902087,6.628021087699089,10.72290826874709,1.1047333500007506,5.62821763754372,38.762100025001125,1.1144584062532839,6.552984162537342,0.82175873126792,491.23583812521576,Severe
390.07852579207776,92.71878201201318,7.295576854898366,13.19181833052773,19.177371065626062,10.539576577269365,1.1520447542530672,8.38410693524116,38.8330671313796,1.3214457998571687,8.906726524090091,1.951318507791978,504.8378668477568,Severe
389.97722052245496,92.72661258167963,7.299003118475572,13.20191646372528,19.19059021346394,10.539383460595014,1.1520945908141902,8.387009914926576,38.833141886221284,1.321663834812082,8.90920589300596,1.9525083556887899,504.85219485907965,Severe
308.8124423633761,100.28685389837777,5.624968372146633,8.141753837584567,12.464856582767753,10.861991328712191,1.0464958827345148,9.188361509697964,41.30323362416503,1.2227984404451735,7.87763156604158,1.9504204616852692,505.7042046168527,Severe
419.77610779604225,90.42325498096021,6.2911696416293665,10.231556343784005,15.302185417340944,10.596188620199072,1.1374351947873362,7.533100096362336,38.811152792181005,1.257528977194596,8.17990094066998,1.602515275547653,500.63761850135916,Severe
521.3569663876782,89.36835087245106,11.11060087518071,11.363196569156262,21.2711569266532,10.634978448040547,1.3684413797621495,7.078743107194488,37.939481033183824,1.6938956906999705,10.0604301792944,1.8506051746539904,460.8961206472985,Severe
292.71484713147373,102.42126681131407,3.111766184634202,0.6472553948780674,2.5837230256096633,11.161575528292943,0.9537230256096632,8.594840414555453,42.98275646935248,1.068170263252045,6.183405265040898,1.478449610488492,500.6276974390337,Severe
496.27268548095253,84.51031695673612,3.703965255532907,2.606359416761535,5.320280494983329,10.742012867415417,1.0998031309895697,5.341032380142427,38.75470469648435,1.0928886980793668,6.307705766731086,0.7040497523759734,489.81840015950127,Severe
396.77187892577535,92.20140746465997,7.069199765762116,12.524623309637073,18.30396709626766,10.552336013202499,1.1487519965929034,8.19230380153663,38.82812799488936,1.307039985093953,8.74291183049695,1.8727039186555712,503.89119902045974,Severe
281.0076589873474,103.23508809586001,3.8206757241399707,2.7455514263557714,5.337733867813525,11.105454107463553,0.9697884318950449,9.038281714577263,42.82070710816324,1.1127399240233253,6.683663418192439,1.6836119370262435,503.03611937026244,Severe
488.83314016696977,85.3519036100052,3.040012672811792,0.6233375576039307,2.7033122119803465,10.826725806455029,1.0733122119803467,5.238370583751605,39.25954646701188,1.0522250384026206,5.86450076805241,0.5934896313454353,488.66877880196535,Severe
508.9880466421225,83.527460667252,3.2739167597363554,1.3388892136956994,3.6610752075646324,10.766251964451223,1.0935478801416199,4.976664018249349,38.74532182021243,1.0655219756195864,5.996507037045582,0.554705638381171,488.0200155407157,Severe
482.2847725711282,85.9218477143467,3.0424085144461093,0.6241361714820365,2.6993191425898178,10.83790640074851,1.0693191425898176,5.3504427313124525,39.38386402737035,1.052757447654691,5.87514895309382,0.6230383448353498,489.06808574101825,Severe
384.55649592824034,93.14561705929172,7.482338410986829,13.74225557129027,19.897931105661915,10.529050016835289,1.15476128597799,8.542344908217931,38.837141928966986,1.3333306261537072,9.041873977405015,2.0161757027245173,505.6188697186722,Severe
324.83752392587525,98.58766089115105,6.664859115257107,11.25181524673937,16.572521126255893,10.721673354133515,1.090705655546975,9.27485889128756,40.42864898809245,1.2862298536108772,8.565766290687698,2.104193584511217,507.24193584511215,Severe
405.7154045961422,92.58614369525833,3.0704228366451773,0.6334742788817258,2.652628605591371,10.96863990434416,1.022628605591371,6.660890469735524,40.83749607925532,1.0589828525878173,5.999657051756344,0.9685483186238554,493.7371394408629,Severe
516.9733122956125,83.92946396182285,4.241725565565943,2.2309947935593155,5.501836581966897,10.758253310022146,1.131753644757477,5.116207304447412,38.619958271322254,1.1465553035016653,6.455873214952408,0.6770284885891561,483.08559580398656,Severe
519.8311490641986,87.4752389401698,8.719753258074833,8.18455350606934,15.782333754000947,10.677886696732324,1.2860575422739355,6.39564378802138,38.176334565962435,1.5033830665084755,8.805792987546809,1.4421186471082628,468.61960541181855,Severe
521.7767990837606,89.88924565735418,11.768448958018467,12.237808664931947,22.7814212259462,10.623172129253078,1.3911095118340893,7.266699702290991,37.87431015347699,1.7463157461163317,10.405646940639986,1.9630013295106927,458.77098326555415,Severe
291.86567295209835,102.08377655155871,4.525267970143364,4.852816221242079,8.12093835895817,11.010379737854961,0.9997433702648749,9.096889202692147,42.22812028389051,1.1557187486409077,7.149918545861968,1.787803027008261,504.0780302700826,Severe
330.5215348782173,97.98496619499291,7.0337028150552445,12.354937439481304,18.02948782952506,10.671903317007333,1.1063866261483746,9.305539051159863,40.11843848271694,1.308728637517233,8.809844007005134,2.158736090950868,507.78736090950866,Severe
520.6816647151497,88.53049064208116,10.052451010352723,9.956381386341166,18.84189399218091,10.653968933769692,1.33197964716219,6.776414574386492,38.044308514408705,1.6095779340625644,9.505148376574185,1.6698157505125255,464.3144080785447,Severe
290.1465586511223,102.64480051741725,3.112705840568312,0.6475686135227706,2.582156932386147,11.165960589318788,0.9521569323861472,8.638795431028802,43.03151417171128,1.0683790756818472,6.187581513636941,1.4900387003425108,500.78430676138527,Severe
288.56667354655576,102.43358049476366,4.311191122548479,4.212564207547947,7.275315025667469,11.039266262576637,0.9906421364484566,9.079082440877416,42.40816643112836,1.1426604566434377,7.008255862980325,1.756146561559849,503.76146561559847,Severe
522.2741704089339,90.50634416316534,12.547794577778172,13.273952302975715,24.57061526183388,10.6091853090851,1.417964206556606,7.489369879365192,37.79710290614976,1.8084172276621517,10.814621562351647,2.0961558575098382,456.2533556353182,Severe
516.8768033408688,83.80972338017801,4.090502872699881,2.0299435177603593,5.1546648864998,10.760967285127425,1.126542812555344,5.073000820771394,38.63493941390339,1.1345052540342333,6.376516582874094,0.6511914455869144,483.5741113229365,Severe
492.0032683626108,84.84032909040698,3.8483619727317713,3.03193592326946,5.877389283885126,10.733874143355118,1.1019034468760986,5.463375780532738,38.75785517031415,1.102077580082931,6.412196482085901,0.7541947941668519,490.4222409768783,Severe
435.6792717769875,89.19399184456566,5.753305898576858,8.646325202896522,13.227009303236537,10.626504576625669,1.129611722161118,7.0773828158851195,38.79941758324168,1.223301284454891,7.790683177515618,1.4157298665966909,498.38837012132143,Severe
310.27650295172265,100.13161465643243,5.719973383337166,8.425890821145165,12.840135157470469,10.849171798551547,1.050534912785129,9.196263959796992,41.22333107316375,1.228593570517794,7.9404999468294,1.9644692618613184,505.8446926186132,Severe
415.9363909483948,91.69654933043972,3.066683299380643,0.6322277664602145,2.6588611676989276,10.951188730443002,1.0288611676989277,6.485963226583431,40.64345564564005,1.0581518443068096,5.983036886136193,0.9224273590279355,493.11388323010726,Severe
517.7585862129255,84.9037689458456,5.472194144662671,3.8669085110662387,8.326702709713729,10.736170241481286,1.1741531363559286,5.467769755617907,38.49805973297671,1.2446041278230844,7.10158213908716,0.8872593010981451,479.1106434666317,Severe
521.9979761417495,90.16366443683881,12.11501773392245,12.698573469651386,23.577061531287868,10.616952301975548,1.4030515802069474,7.365719352549272,37.83997670690503,1.7739317792285658,10.587514690234968,2.022214085192781,457.65141435559866,Severe
436.99519336800404,89.86367417371045,3.0589785462696844,0.6296595154232281,2.6717024228838597,10.915233215925193,1.0417024228838596,6.125551997726342,40.243664567549175,1.0564396769488187,5.948793538976375,0.8274020706594395,491.82975771161404,Severe
306.4149261616709,100.54107056172279,5.46939007478277,7.676456822548099,11.850307929409945,10.882984333716927,1.039881648280968,9.175420616201894,41.43408043618085,1.213308451881389,7.774679568895069,1.9274144288033672,505.4741442880337,Severe
479.29198138324256,94.41122353606092,14.708951682471778,18.523164695908637,31.82677581297703,10.513978303789834,1.4631886919322314,8.931579223715206,37.76054240525413,1.9570585146712398,12.240795860335828,2.724496713020372,460.15792237152067,Severe
373.3171916189242,94.01437892848435,7.862464924953368,14.862592078817109,21.364528310456453,10.507624704229901,1.1602903989084126,8.864415736415037,38.84543559836262,1.3575204952243052,9.31694734569353,2.1481832739383515,507.2084896861686,Severe
518.0008826679144,85.20439098167559,5.851855519015491,4.371670079839692,9.19831582901044,10.729356505401732,1.1872355096286746,5.576244434004426,38.46044790981756,1.2748571160163098,7.300815782053356,0.9521260685755113,477.8841709723118,Severe
325.10512945547293,98.55928578161952,6.682224425502081,11.303750684773325,16.641115706650552,10.71933016069935,1.0914439219714378,9.276303325596292,40.414044152304164,1.2872891054372804,8.577257568077163,2.1067614677267406,507.26761467726743,Severe
377.87839921469435,93.66181233471463,7.70819951001833,14.407929828617657,20.769344291379813,10.516319663980786,1.1580465383275393,8.733710857579167,38.842069807491306,1.3477036051829847,9.205315281795084,2.094611102570002,506.56337976916757,Severe
342.5163175340187,96.71311926351535,7.81206162719253,14.682820171529603,21.10407707451098,10.566875233299346,1.1394776662207544,9.37028239043191,39.4638113856329,1.3562070863167346,9.324913239436093,2.273835360767842,508.93835360767844,Severe
294.52377863126753,101.80192871416091,4.6977562959716614,5.368687036750735,8.802283187599707,10.987104973001975,1.0070765153555419,9.111236660478234,42.083051544053404,1.1662402176840385,7.264060543360175,1.8133096186279722,504.3330961862797,Severe
523.641048489153,92.2022570118513,14.689595664105951,16.121486841295205,29.487686241070232,10.57074666790908,1.4917663976145628,8.101313046887414,37.58492160685813,1.979084794483676,11.938567430338443,2.4620917215055393,449.33440022363476,Severe
402.7771909033411,91.7372162731829,6.8660930391810595,11.926012393659086,17.5203444166222,10.563783846882522,1.1457977169335427,8.020217011378861,38.82369657540031,1.2941150115842492,8.595936417443749,1.8021704917883317,503.0418436183935,Severe
464.1844923036601,86.99063049897302,4.789225755318347,5.804918089765531,9.507412823246424,10.680843639245692,1.115588738259176,6.2605440035969995,38.77838310738876,1.161950729883895,7.093039728394005,1.0809311259378263,494.3567622495131,Severe
519.590544847667,87.17671649828651,8.342743501462483,7.683317275454787,14.916808124678408,10.684652844553796,1.2730665384567117,6.287926714703566,38.21368370193696,1.4733413701811455,8.607950825247002,1.3777049198478615,469.8375120196833,Severe
393.7932200751364,92.43164815923956,7.169941517567027,12.821536727229361,18.69264709141315,10.546657841737131,1.1502173311646113,8.277659540338608,38.830325996746915,1.3134508238451743,8.815812225439412,1.9076887815550947,504.31248270982576,Severe
490.4076377772404,84.96366617353394,3.9023280791119053,3.1909887568007242,6.085600334319024,10.730832417359146,1.1026884084234458,5.509099790665723,38.75903261263517,1.105511786852576,6.451248319066433,0.7729357511097708,490.6479174217407,Severe
372.95279713907024,94.04254544313054,7.874789175594106,14.898915006614626,21.41207751020126,10.506930064648333,1.1604696607359142,8.874857737867007,38.845704491103874,1.358304765719625,9.325865621611737,2.152463150069953,507.26002746157536,Severe
375.5601165564152,95.34263903272766,9.610359061107694,17.126041450908513,25.318963641461306,10.477689388335287,1.221262588901907,9.342853598866757,38.66776529161785,1.4973989189136236,10.226761052608378,2.4402335419597407,501.2853598866758,Severe
511.44380683292,83.3376383477444,3.190860056690075,1.0940984579902038,3.3406273459933455,10.770933342259285,1.0923397826427648,4.9062923389410455,38.74350967396415,1.0602365490620957,5.936404186477546,0.525862310596008,487.67268750979486,Severe
339.0583424945843,97.0797799250075,7.587668620555365,14.01171502413786,20.21770395956898,10.597153772087724,1.1299378526298953,9.351617537754143,39.65253378493033,1.3425195276863717,9.17642396702185,2.24065340045181,508.6065340045181,Severe
517.345653121839,84.3914346382321,4.8251572539050915,3.006669945608205,6.841258361800778,10.747782533131637,1.1518575363872539,5.282902072544312,38.56215958288665,1.1930455528955242,6.762038731230884,0.7767102845867995,481.20085596369495,Severe
325.64114112041534,98.50245067165082,6.717006998458042,11.407776938087082,16.77851008448214,10.714636763609175,1.0929226635203972,9.279196515583386,40.384790786879094,1.2894107780944832,8.600274501752272,2.111904916592686,507.31904916592686,Severe
453.1055959651726,88.46148823279668,3.0530842569337553,0.6276947523112517,2.681526238443741,10.887726532357524,1.0515262384437412,5.849830241012331,39.937816443118194,1.055129834874168,5.922596697483357,0.7547058355163154,490.8473761556259,Severe
490.05722570462416,84.99075189332723,3.9141794282656948,3.2259179149430754,6.131324994145101,10.730164432225024,1.1028607916838646,5.519141115585116,38.7592911875258,1.1062659636169079,6.459824386272267,0.7770514014522687,490.6974776091111,Severe
517.8182731555816,84.97782372396674,5.5657193540214625,3.991250713314969,8.54141456867239,10.734491756029765,1.1773758284228502,5.494491244006133,38.48879449328431,1.252056603227841,7.150661053689656,0.9032384825966322,478.8085160853578,Severe
380.878339980512,93.42992661692882,7.60673797876758,14.108895024694993,20.377887256263286,10.5220384048331,1.1565707342366194,8.647745269283078,38.839856101354925,1.3412469622852097,9.131894028271812,2.059376279899287,506.1390860930281,Severe
520.5786118468662,88.40263089661798,9.890974468711551,9.741697570749315,18.471181874328458,10.656866933440208,1.3264154877947987,6.730278419631872,38.06030547258995,1.596710815525472,9.420410866208288,1.6422267936492099,464.83604801923764,Severe
270.7423901250324,104.32354889402319,3.1545475659880697,0.7533234043783673,2.7064660785887336,11.19533831364671,0.9414687504948717,8.982873642272576,43.3809442836884,1.072107337666555,6.242861420746264,1.585108697373467,502.05108697373464,Severe
522.5382309960751,90.83396939108071,12.961558804873466,13.824053773600616,25.520520501066294,10.601759533293727,1.4322216960760419,7.607588229963847,37.75611262378138,1.8413876721758469,11.031751246491389,2.166849243043708,454.9167159928711,Severe
453.9046554662632,87.78522863601692,5.136901948933417,6.8296146531292194,10.84881079206675,10.66124734469648,1.1206458465299407,6.555120560369041,38.78596876979491,1.1840755785684902,7.344630864864547,1.2016695859023323,495.8106808773579,Severe
511.57198793296595,83.37280392843286,3.0316932439775317,0.6205644146591773,2.717177926704114,10.787901805228481,1.0871779267041135,4.849206190504547,38.82786054861194,1.0503762764394515,5.827525528789031,0.49088334238956,487.28220732958863,Severe
521.8168222551782,89.93890320299386,11.831162431342191,12.321186520348697,22.925396593993057,10.622046618245832,1.3932704929680009,7.284617837526341,37.868097332717,1.7513130149885021,10.438556882491845,1.9737161942996706,458.5683912842499,Severe
522.7803461643397,91.13436650086231,13.340936115776255,14.328437678691762,26.39148147756817,10.59495089526604,1.4452942810892033,7.715981747364644,37.71852894186854,1.8716180250187828,11.230835822420993,2.2316674770672997,453.6911611478872,Severe
519.4536892994445,87.00691709481129,8.128300555822413,7.398214378595199,14.42449761487443,10.688501425774902,1.2656772625121866,6.226657301663547,38.23492787027747,1.4562536695594315,8.495418310341842,1.341066426622925,470.5302566394825,Severe
521.000470025674,88.92603873826589,10.551996339441867,10.620529232337642,19.988732443313058,10.645003655071035,1.3491929822636106,6.919141811269105,37.99482017599212,1.6493837714845996,9.767293125722905,1.755165203723736,462.7006579127865,Severe
462.0441687532299,87.683510089814,3.049813914436397,0.6266046381454657,2.6869768092726716,10.872464934036518,1.0569768092726717,5.696850886413685,39.76812200464416,1.0544030920969771,5.908061841939543,0.7143716113822306,490.30231907273287,Severe
498.8028085139601,84.31474663005487,3.6183935135482708,2.3541561553849957,4.990129155908058,10.746836001963642,1.0985584511061568,5.268529776933626,38.75283767665924,1.0874432235894356,6.245782942531295,0.6743330201594905,489.4605546930201,Severe
518.324461946757,85.60586223540263,6.35888131814675,5.045763245662442,10.362327677985146,10.720256975625507,1.2047066067990266,5.721108948041929,38.410218505452804,1.315259028222749,7.566886032710175,1.0387535920451736,476.24625561259126,Severe
521.0118598844307,88.9401703627975,10.569843440958216,10.64425703708156,20.029705186062007,10.644683355330972,1.349807957764533,6.924240983130918,37.99305212142697,1.6508059023304824,9.776658690122368,1.7582144572491423,462.643003959575,Severe
510.1817596675497,83.43519051149244,3.233543978775529,1.219899617445698,3.505309678112134,10.768527521196289,1.0929606396912805,4.942457262017085,38.744440959536924,1.0629527986493519,5.967291824641201,0.5406852726293203,487.85118391124314,Severe
409.17525164121116,91.24266687289372,6.649703086787226,11.288252188512898,16.68547263665908,10.575980371471992,1.1426502267169052,7.836875706259723,38.818975340075355,1.2803447418864597,8.43934877916603,1.7270241628661096,502.1369401811102,Severe
322.95168723057725,98.7876224646959,6.5424844418546595,10.88582223090728,16.08912985627247,10.738186018012218,1.085503035420808,9.264679851910277,40.53157038624053,1.2787652247342027,8.484786377419535,2.0860975145071583,507.0609751450716,Severe
524.4857298579841,93.2502700037755,16.013151509754547,17.881160514045526,32.526258814210365,10.546992973622494,1.5373734906448084,8.47947185992987,37.45380121439617,2.0845511971161192,12.633125451278229,2.6882268911138416,445.05873525204925,Severe
278.7562360225829,103.47381400456239,3.674577628429575,2.3086073988891904,4.760632887160815,11.125167898566804,0.9635772374378562,9.026129377595806,42.94358073764241,1.1038282102369241,6.586984826206631,1.6620077823925434,502.82007782392543,Severe
505.99209659439174,83.7590379154378,3.375243320199518,1.6375262218971276,4.052011500842507,10.760540831043299,1.095021721021084,5.062515249478137,38.74753258153163,1.071970029467242,6.069830620798925,0.5898935893783783,488.4437447935616,Severe
439.42300882877714,89.65236668553959,3.0580902849929266,0.6293634283309756,2.6731828583451223,10.911087996633658,1.0431828583451221,6.084001109113576,40.1975736768552,1.0562422855539837,5.944845711079675,0.8164468482460971,491.6817141654878,Severe
505.168337448317,83.82271183295201,3.4031038250784453,1.7196387280948362,4.159502394211748,10.758970511677397,1.0954269647284138,5.0861206954301,38.748140447092624,1.0737429706868102,6.089991495238585,0.5995687828908783,488.56025235941894,Severe
518.8755661101573,86.28962814342339,7.222422487569151,6.193845259855037,12.344814870959185,10.704759108263294,1.234462512134472,5.967834996448328,38.32467027761339,1.3840695593109662,8.020043674381228,1.1862932893334226,473.45663948739326,Severe
294.53969296964283,101.80024126362429,4.698789000429027,5.371775605719343,8.806362465650333,10.986965624711056,1.0071204196115853,9.111322560109624,42.08218300333603,1.166303210747057,7.264743922649892,1.8134623290837748,504.3346232908377,Severe
364.53255481085165,94.69340293953755,8.159571691921755,15.738246750191209,22.510820236832664,10.49087868645532,1.1646119518824982,9.116146197155524,38.85191792782375,1.3764272894859297,9.531944606154289,2.251360351194646,508.45093616621824,Severe
448.25256023386555,88.22211731558424,5.328062469030496,7.393016840542611,11.586342835059481,10.650472842654645,1.123426363185898,6.7170856555785665,38.790139544778846,1.1962403389383043,7.482961568498433,1.268054421063318,496.61007941594573,Severe
324.74372954183195,98.59760622346414,6.658772661884504,11.233612138501158,16.548479072915313,10.722494631575659,1.0904468969008199,9.27435262437117,40.43376790913595,1.2858585912055243,8.561738656108416,2.1032935544376343,507.23293554437635,Severe
418.5967795477,94.95620989736192,11.725682185220169,17.705685153957127,28.01894902882195,10.492745068933951,1.321633792893009,9.172222552081884,38.291373276651214,1.6881042064967173,11.062351325834301,2.5581697066492857,484.22225520818847,Severe
361.01856953859084,94.96502263497672,8.278418814031179,16.088521631899166,22.969354042498477,10.48418003048188,1.166340637294999,9.21684212243369,38.8545109559425,1.3839902881656205,9.6179467054262,2.2926327154181005,508.9479332223122,Severe
517.3420377933054,84.38694902813928,4.819492290297399,2.9991383500579936,6.828252939247005,10.747884201538094,1.1516623330468594,5.281283511513542,38.56272079249028,1.1925941451708624,6.75906594702613,0.7757424013573448,481.21915627685695,Severe
509.6785515279479,83.53760116991194,3.032385992774034,0.6207953309246781,2.71602334537661,10.791134632945493,1.0860233453766095,4.881611439763159,38.863806513941554,1.0505302206164522,5.830604412329041,0.49942724421308937,487.39766546233903,Severe
524.8133241334898,93.65672274380118,16.526468524129683,18.563617879891005,33.70471381203642,10.537780536178577,1.555061370537132,8.626133864037051,37.40294855970575,2.1254544193671174,12.902497122138406,2.775929295579946,443.4004965121439,Severe
291.08152678759234,102.16692219260746,4.474383590270778,4.700633362399477,7.919940355653701,11.017245837172334,0.9975800786991272,9.092656675715684,42.270915834430305,1.152614895524835,7.11624644236033,1.7802785346056602,504.0027853460566,Severe
523.9335333252387,92.56514877135913,15.147898674980297,16.730802832780697,30.539842040622393,10.562521560032657,1.5075586047372966,8.232256764280084,37.53951901138027,2.015604273454999,12.179069584645081,2.540394748489096,447.8538808058784,Severe
290.36359735539736,102.24304665201255,4.427796110023988,4.561301489868413,7.735915502996789,11.023532133028187,0.9955994649363248,9.08878156183194,42.31009754147705,1.1497731453434226,7.085417758574099,1.7733894432567818,503.9338944325678,Severe
516.4185776873188,83.24119368854058,3.3724957462711047,1.0753496928170039,3.5062895883524727,10.773853270885299,1.1018017199002248,4.86785592750603,38.70607005528686,1.0772914772692697,5.99973035931384,0.5285168611719475,485.8935887593539,Severe
272.05444049097247,104.18442780448366,3.239688413771875,1.0079590637391755,3.042780296174671,11.183849807383831,0.9450884168516693,8.989955598188049,43.30933784054306,1.077300772004569,6.29920231447381,1.5976988412231978,502.176988412232,Severe
519.0768948482395,86.53942071721944,7.537890352753109,6.613261258649504,13.069054808402331,10.699097445212614,1.2453329051917799,6.057968672215174,38.29341789757363,1.4092073432559908,8.185590701983147,1.240192321575908,472.43754013827066,Severe
441.28280641369577,94.75251051322319,12.840737904888668,18.011234230165222,29.442199271245798,10.50068140857572,1.3745427238381338,9.082277369475172,38.092964785606995,1.788631175292454,11.502818175952463,2.620337700509807,475.22773694751726,Severe
523.0489219443114,91.46759381841996,13.76177533006256,14.88794537780033,27.35762922149323,10.58739814554805,1.4597955605477408,7.836221522875016,37.67683776342525,1.9051522337666507,11.45167822417497,2.3035696543825477,452.3316661986493,Severe
522.2744958980319,90.50674800396975,12.548304596128618,13.274630374752475,24.571786143876036,10.609176155848374,1.4179817807711226,7.48951559889389,37.79705238028302,1.8084578680332208,10.814889202993553,2.0962429963234825,456.2517080527073,Severe
448.61322682932393,94.68669016782019,13.201040185244011,18.10996474826971,29.90208687938619,10.503245837617396,1.3916389174493007,9.05321384033619,38.02885405956512,1.8211139431536714,11.64514398776543,2.640425728002928,472.32138403361887,Severe
337.519423638627,98.52165307490952,3.09537360003465,0.64179120001155,2.61104399994225,11.0850768001617,0.9810439999422499,7.828031734954187,42.13216346846462,1.0645274666743667,6.1105493334873335,1.276274400427351,497.895600005775,Severe
160.31565572909633,97.02117958021547,8.756649766808229,10.201019120545132,18.3956850321521,8.181828070161636,1.1312556295784453,8.430984421496039,34.098368076874834,1.6685735731727411,8.475650333103005,0.7479757828018937,333.11702309540385,Very Poor
213.23791886120156,105.17968231109889,10.517955855349252,15.418473005468536,24.565795040437315,9.932056761919382,1.3638809620272596,8.525142294153891,29.38493574559053,1.757192747438956,9.522464329122668,1.9609507305707106,372.4417816760367,Very Poor
133.12365647486996,93.17329792137608,6.463744392163384,11.379790270101875,15.750230790321888,12.506680551323683,0.9319374485903986,6.951749245992513,31.04571847791049,1.5243941754050445,7.499514150210577,0.47144243951179843,322.03461854828316,Very Poor
206.57937679417444,104.15320062980837,10.29635288545761,14.76202647201594,23.789487781131378,9.711847521398129,1.3346126452491183,8.513295594505596,29.977967592690483,1.7460429124758545,9.390756903621032,1.8083373645132599,367.4940424111605,Very Poor
213.02939813728023,105.14753673011133,10.51101607615438,15.397915546344109,24.541483990050253,9.925160629134542,1.3629643874166162,8.52477129966863,29.40350729305856,1.756843576158711,9.518339743374773,1.9561714486723565,372.286836920428,Very Poor
219.1809724110679,106.26249081959395,10.04354117418253,17.873651129839473,25.512862928921532,12.658773206130187,1.3513587406581458,7.842719731452442,26.204221669579677,1.7193679871379315,9.427753843217602,2.265082594300239,381.27637137152203,Very Poor
124.76680434519307,92.57674102403678,3.395015267714572,18.316028093402977,15.831119861147556,22.734092443844183,0.7347703384528308,4.059964963974852,20.78291761690376,1.3120603644876638,6.453011796403486,0.9769991321722287,334.16797917213347,Very Poor
136.50480138741113,93.41466216800636,7.705338440507295,8.573419538095537,15.717503434846597,8.368715543416378,1.0117103775614242,8.121752204234223,35.19800170383824,1.6103034835276875,7.922924311672174,0.2668964677912199,317.12551522698925,Very Poor
132.83884387212166,93.15296647121014,6.359158034106384,11.616186453387217,15.752987597124049,12.855244311371967,0.9252177320101301,6.853193402815243,30.69594861488626,1.5171575575493708,7.4638479622076135,0.48867248202530733,322.44813956860736,Very Poor
230.71024789900468,107.87321874989367,11.099452520343641,17.14101973007456,26.602861973782442,10.509896215184247,1.4406824083472733,8.556228593854849,27.828792154677867,1.7864504412751518,9.86807083756273,2.3614154149536395,385.4248833158486,Very Poor
184.87968358401508,100.807973199294,9.57416529353394,12.622716058204311,21.259560179235248,8.994201989801022,1.2392293783912751,8.474688081729802,31.910614261643452,1.7097064298633429,8.961532202760738,1.3109817587545054,351.3697282518584,Very Poor
129.40823718207758,92.90807137778897,5.099401070490684,14.463610759945274,15.786193711486243,17.053742396041756,0.8442778282522845,5.666074814366839,26.482922855183013,1.429991507348614,7.03424385764674,0.6962106967890141,327.42905672293637,Very Poor
139.64988339379488,94.97287959310562,3.4798137169218633,20.924897407268755,17.72154103911374,24.771511335366895,0.7765890930493741,3.663221923531868,17.83813013216311,1.3078045357637493,6.6177688993524955,1.4206679268256237,347.92553996706243,Very Poor
203.42188473987625,103.66644125817244,10.191268377528063,14.450738401356716,23.42136154895051,9.607423922323484,1.3207335592961593,8.507677869238922,30.25918431045163,1.740755641636632,9.328301016832716,1.7359678449014018,365.1478159762555,Very Poor
212.25051320268005,105.27869704723983,9.471568050720826,18.139541338583832,24.833915372639424,13.714295499913025,1.3012724455225806,7.478511980404938,25.475187818162006,1.6835037264235762,9.182887511443727,2.1914990249035444,378.37012955501393,Very Poor
229.76989328777512,107.7282535649286,11.068156574098637,17.048312870443134,26.49322774699963,10.47879709878984,1.4365489814847257,8.55455554012477,27.912543256107107,1.7848758024703717,9.849470416681266,2.3398625463132126,384.72613734622746,Very Poor
222.92120632517833,106.79342516625256,10.35222393386777,17.73015536047228,25.8792777074452,12.089128372851587,1.3783893390738262,8.039275564376343,26.597667046519028,1.738723230447925,9.55990343547204,2.3047942141948807,382.8448135018146,Very Poor
144.08305655224353,95.60217817403814,3.845684984905896,20.75481670971942,18.15584012262343,24.096330519746633,0.8086275500295973,3.896192925523862,18.304467672653026,1.330745653107613,6.774401355700254,1.4677367710311369,349.78456154492727,Very Poor
186.87225695118627,101.6761983234598,7.377092048523133,19.113189642308164,22.347715750571243,17.57945283586055,1.1178642766814852,6.144840234140677,22.80558002725273,1.5521744203398289,8.286225352665038,1.922047517593787,367.7279271654689,Very Poor
183.1483921486153,100.54107709418214,9.516546175118751,12.452033009314036,21.057712072585815,8.936945255778381,1.2316193061477596,8.471607814393142,32.06480882067277,1.706807354722956,8.927286877664917,1.2713006677704606,350.08326365831175,Very Poor
192.64780634855208,102.00550798026345,9.832696223845062,13.388552964974993,22.165231425671067,9.251106939418364,1.2733749729606685,8.488508917626937,31.21875947643979,1.722714275413588,9.115187378323007,1.4890266447234857,357.14195971477966,Very Poor
133.72056640299945,93.21590855145429,6.682936362141959,10.884351418684073,15.744453077768911,11.776161020406619,0.9460206229382808,7.158302469761451,31.778765758069483,1.5395606708566099,7.5742633063647204,0.4353317360556904,321.1679616653366,Very Poor
198.37097765888888,102.8877927882306,10.02316911517809,13.952783982697364,22.832485516693062,9.440381888038605,1.2985317699291818,8.498691430685621,30.7090348521492,1.7322978171158787,9.228392964681317,1.6202013717735906,361.3946563451712,Very Poor
210.9794063355701,105.09826066023305,9.366663174554098,18.188307929666745,24.709390449362594,13.90788752544449,1.2920861806906832,7.411713091689042,25.34147663005328,1.67692590716123,9.137976883376673,2.1780031543480405,377.83709937341,Very Poor
131.60482934352373,93.83086665645489,2.8158527072412074,21.23354955230949,16.933401375730643,25.99678857161001,0.7184476424719327,3.240440264394671,16.991849018202576,1.2661723859675567,6.33352180764056,1.3352502401748148,344.55190024219854,Very Poor
173.85045230910376,99.10770552080689,9.20710139553061,11.53537583204351,19.97368224723617,8.629446669772557,1.1907492409191374,8.455065168943461,32.89291418994795,1.6912378060644333,8.743371584136117,1.0581924705069305,343.1742764410923,Very Poor
230.96321338257673,107.91221594061074,11.107871465793762,17.1659588703702,26.632354757529093,10.518262211291914,1.4417943445387986,8.556678663265705,27.806262209463867,1.7868740360147806,9.873074550424594,2.3672133679523077,385.61285348155883,Very Poor
130.80169215292736,93.00754366245943,5.611093246719244,13.307034704285334,15.772705944073298,15.348382803767663,0.8771542613213352,6.148262499379584,28.194183345700267,1.4653968968075917,7.2087418485517025,0.6119121504581148,325.40589161099473,Very Poor
131.27373063641633,93.0412402995143,5.784431032247255,12.915239907342283,15.768136908540436,14.770685373581225,0.8882912854326902,6.311605519679457,28.773879728932336,1.4773906150813585,7.267853745758124,0.5833556783777174,324.7205362810652,Very Poor
128.108897990797,92.81531758192018,4.622269256148691,15.542070149199336,15.798770497366757,18.643919760809226,0.813621912668532,5.216454719138469,24.88724314659282,1.3969774444122651,6.8715316903175925,0.7748156085422256,329.3155746050134,Very Poor
135.7757354349215,93.36261753255943,7.437617307318425,9.17854868922425,15.724560334568213,9.260972301968412,0.9945091844899812,7.869468039186391,34.302657551657994,1.5917791217584412,7.831625671523746,0.31100209105133025,318.1840501852319,Very Poor
202.1645794194376,103.84697678946513,8.63917255201461,18.526492759604018,23.84583941849951,15.250402652660602,1.2283815964466849,6.948478522309845,24.414221014946193,1.6313102789371325,8.826532249294903,2.0844124688537717,374.1406605345607,Very Poor
189.5884946242101,101.53388410062391,9.730879255939175,13.086944210989632,21.808551858856106,9.149930329801192,1.2599274488976269,8.48306587217285,31.49123192828856,1.7175914091038578,9.054673520039321,1.4189074121090544,354.86868778983694,Very Poor
180.36449325060877,100.11191089043922,9.423895222783212,12.177576414659704,20.733142384215405,8.84487701383489,1.2193823879147638,8.466654776060738,32.31275209248895,1.7021456715865766,8.872220745616437,1.2074938798412687,348.01464176654343,Very Poor
130.78437911656115,93.71440196060394,2.748140674769724,21.265026497134073,16.853025363132062,26.12174472234387,0.7125182644933489,3.1973241702047215,16.905543627625413,1.2619266585261015,6.304533737523039,1.326539178700105,344.20784991504615,Very Poor
199.4347046711782,103.45946512596757,8.413875073236959,18.631225641630387,23.578405222069385,15.666167837821096,1.20865284425102,6.805018830417912,24.127058066320405,1.6171835181056688,8.730080571893875,2.055428252665079,372.9959057775283,Very Poor
174.14465690423754,99.86948778860118,6.326678946861146,19.601489786864548,21.100847009355178,19.51789085157624,1.0258821564278409,5.475982594271584,21.46672916578302,1.4863106799112935,7.836534986980556,1.7869132915421369,362.39069302729445,Very Poor
125.74797986421305,92.64678259163772,3.7553138400346775,17.501646476890315,15.821622699438954,21.53329506031276,0.7579196701175492,4.39948849505739,21.987870008682695,1.3369904139727453,6.575881326008531,0.9176418714934633,332.74340491584314,Very Poor
213.382878165639,105.20202925567621,10.52278024664293,15.432764126847925,24.582695581006995,9.936850811129453,1.3645181457830284,8.52540020186456,29.372025189015304,1.7574354841078204,9.525331656023628,1.9642731887257912,372.5494960728453,Very Poor
181.17058749925678,100.23617848104712,9.450722849268828,12.257046930852944,20.82712344052036,8.871535913109906,1.2229256593373925,8.468088957350849,32.24095866437807,1.7034954892713876,8.888165467018265,1.2259695094021177,348.61362336417824,Very Poor
134.66977109025927,93.28366786972208,7.031494889163568,10.096505785943304,15.735265373597008,10.614490674171506,0.9684156518572968,7.48676289390702,32.9444557248798,1.5636783943078578,7.693129229088729,0.3779085849812903,319.78980603955097,Very Poor
124.56978973605648,92.56267706524784,3.322669310215537,18.47955141084725,15.833026838610463,22.975205906810487,0.730122080886995,3.9917905196759262,20.540969851297433,1.3070545486475331,6.428340275477128,0.9889177413153974,334.45402579156956,Very Poor
226.50115231625423,107.22434404624202,10.959369590431066,16.726057088635425,26.112131206730215,10.370694309988105,1.4221808893022163,8.548739883765183,28.20366817151938,1.7794022435437016,9.784814001859974,2.264943208504414,382.2972455725175,Very Poor
136.5219132663314,93.41588370564253,7.7116221129238784,8.559216575071563,15.717337802624742,8.347773419365724,1.0121141061021932,8.127673556165501,35.21901629198595,1.6107382681100542,7.92506717854241,0.2658612664046329,317.1006703937112,Very Poor
173.5120168534692,99.0555322684626,9.19583792353775,11.5020104527439,19.934224675537905,8.618254037226192,1.1892616125427216,8.454463033648246,32.923056374431994,1.6906710904924653,8.736677256442247,1.0504355511156203,342.9227964060315,Very Poor
126.4927436379661,92.69994782170599,4.028799387928265,16.883488039147316,15.814413854683934,20.62182675159987,0.7754912292079116,4.657204695049369,22.902492186975905,1.355913631454674,6.669145755026608,0.8725865917745858,331.66207820259007,Very Poor
144.18937906407987,95.61727088605916,3.854459817476256,20.750737598362388,18.166256086042086,24.08013739628976,0.8093959407735964,3.9017803594524487,18.315652026815684,1.3312958588255381,6.778157932670917,1.4688656413834318,349.82914718069014,Very Poor
192.6655512387746,102.00824353476871,9.833286791620129,13.390302382723776,22.16730027001517,9.251693792930693,1.27345297247813,8.488540488860195,31.217179057645506,1.7227439895154781,9.115538376151585,1.489433356493107,357.15514534749343,Very Poor
126.39603986884669,92.69304458833872,3.9932886874712286,16.9637527525362,15.815349886326953,20.740176252464096,0.7732096520780526,4.623741563811437,22.783733172267862,1.353456548391749,6.657035845645048,0.8784367895434549,331.80248294904294,Very Poor
188.6155194670294,101.38389012819826,9.698497665150743,12.99102138544654,21.69511446219474,9.117752396816462,1.2556506350199095,8.481334780841392,31.57788832376326,1.7159621466742512,9.035427857589593,1.3966068826038134,354.145702586699,Very Poor
181.25984466112126,100.87950418057137,6.9138977794019585,19.32851238362936,21.79789163436038,18.434234043849575,1.0773034812233067,5.849898153586761,22.215195115583686,1.5231308877895282,8.087928130425055,1.8624582008095494,365.37439952777214,Very Poor
186.29058515478116,101.59362874565105,7.329086480029671,19.13550574441864,22.29073184332171,17.668042571447945,1.1136605458188145,6.114272364040516,22.744392389140522,1.5491643414505092,8.265673779558648,1.915871666079493,367.48400697961023,Very Poor
165.61567879706433,98.65878077856259,5.622779522420103,19.92870789768579,20.26529936823489,20.816870654301496,0.9642433960173279,5.027769879681557,20.56954276425222,1.4421742835679632,7.5351899360847145,1.6963575818032348,358.81412297878325,Very Poor
132.28244499321028,93.11324773696238,6.154842172340376,12.078000888878096,15.758373188208491,13.53618498411107,0.9120903537418035,6.66065852154645,30.012651746047712,1.5030203809527114,7.394171877552648,0.5223324263030682,323.2559782312736,Very Poor
140.93193988490938,95.15487030307735,3.5856222692310116,20.875710728898014,17.847138650395298,24.57625166099747,0.7858544906029318,3.7305962341373684,17.97299314099823,1.314439017962593,6.663066398503222,1.4342800540956653,348.463161800417,Very Poor
166.2792849020026,97.94053340247513,8.955125337397888,10.788956188140915,19.09097366623034,8.37905536672243,1.1574693841846269,8.441594750741396,33.56722747759244,1.6785597654036672,8.593612228830821,0.8846617889626973,337.5483958978774,Very Poor
166.88898890519175,98.83952992042828,5.727866232807135,19.879856778262628,20.39004013364566,20.622943070916993,0.9734455836295978,5.094684552565841,20.703485717275257,1.4487635043273663,7.5801784088558115,1.7098768450854585,359.3480770748038,Very Poor
220.82104714383956,106.34869831950556,10.770329983437046,16.16607183772861,25.44989811807821,10.182843631339958,1.3972133940388551,8.538633992825252,28.70955718268891,1.7698908167767067,9.672460273174849,2.1347555546311736,378.0765499446636,Very Poor
186.51080504227536,101.05942708814983,9.62845065446819,12.783523636820867,21.44972965118731,9.048145933370906,1.2463991430429686,8.477590129326916,31.765341173105565,1.7124377687782737,8.99379614369336,1.3483669601526218,352.58175989535897,Very Poor
230.26069387275848,107.80391544474864,11.084490910678932,17.096699490124387,26.55044929086896,10.49502870369353,1.4387063466934438,8.555428759375918,27.868830927711414,1.7856976558832167,9.859178560120498,2.3511116649015285,385.0908347981774,Very Poor
194.79492704393874,102.33650837631835,9.904154557820254,13.600231425995846,22.4155603063263,9.322115849909434,1.2828128661272031,8.492329017241964,31.027529783946427,1.7263096632865536,9.157657897572415,1.5382385162347028,358.73741308340817,Very Poor
211.44122175265107,104.9027032591999,10.458159970417901,15.241341799162461,24.35632140580359,9.872636951736027,1.3559833923193454,8.521945658795927,29.544955550862788,1.7541841494549888,9.486925265437055,1.9197705456651581,371.10671632065123,Very Poor
123.69580077296125,92.50028704852356,3.001730834354193,19.204967537505844,15.841486501895112,24.0448245833632,0.7095016516306648,3.6893575572497506,19.467650072057683,1.2848479325253312,6.31889338173199,1.0417906368444492,335.7229752842668,Very Poor
194.1531390736669,102.70973539134583,7.977985692642923,18.833855299636262,23.060992746510195,16.47056045692814,1.1704830714638668,6.527463322126142,23.57147581797406,1.5898520758630157,8.543472793823348,1.9993516728913598,370.78111649234785,Very Poor
126.49614561539876,92.70019067308957,4.030048631909889,16.88066437729758,15.814380925682771,20.61766329101531,0.7755714936482466,4.658381906840949,22.906670053998475,1.356000070082727,6.669571773979155,0.8723807855173165,331.6571388524156,Very Poor
140.31893731590753,93.93848295827648,8.091138887122826,8.229600099590256,16.06430415174474,7.5205027934931215,1.0433579662237693,8.395406795852479,35.879342160561244,1.6350887490376262,8.080110848006962,0.28965225245251164,318.25813238544674,Very Poor
182.25001185596636,101.02006056948987,6.99561661016853,19.290524170408144,21.89489409509735,18.28342967182953,1.084459400458001,5.9019331712316365,22.319353495555347,1.528254879340297,8.122912624461339,1.8729712179568163,365.7896195327482,Very Poor
188.34416578164257,101.34205820998007,9.689466741869424,12.964269405160367,21.66347783158031,9.108778271794773,1.2544578715676598,8.480851995634529,31.602055983236227,1.7155077605972036,9.030060422054468,1.3903874731742254,353.94406876500915,Very Poor
160.6495255572042,97.9538245147673,5.212921229515872,20.11923661763046,19.778786497306406,21.573225363477196,0.9283531022603088,4.766789842361998,20.047139599566716,1.4164750608777519,7.359726277717066,1.6436298662836635,356.73159976078335,Very Poor
132.60612917462464,93.97300334732583,2.898490318212687,21.19513423045248,17.031494453402736,25.84428867763345,0.7256840170543002,3.293060321542997,17.097178470457035,1.271353987520363,6.368899638932135,1.3458814571538484,344.9717886438915,Very Poor
218.39987951857591,106.15161298305267,9.979077315728293,17.90361811268847,25.436342586669912,12.777735158974922,1.3457137973772884,7.801671934015098,26.122056384047198,1.7153259289862066,9.40015634273341,2.2567894060234237,380.9488252799167,Very Poor
195.8324465481978,102.94811674323543,8.116579501881063,18.76942790723367,23.225507343854495,16.214798692204354,1.1826193942187742,6.615713866603185,23.748126738073267,1.5985422822801099,8.602805927291785,2.017181579160915,371.4853228744227,Very Poor
156.79299626533765,97.40638178605927,4.894640573290268,20.267194111875874,19.400978756186717,22.160582206911904,0.9004820393908235,4.564122483965371,19.641460795577544,1.3965180035144167,7.223467748132915,1.6026834899692346,355.11438993996137,Very Poor
146.09836551415668,94.82944033514943,8.283484064207412,8.799377322274788,16.738117130588233,7.711638252482838,1.0687620462160734,8.405689399658888,35.36460711119337,1.6447664937965993,8.19442920797233,0.42211638384095396,322.552631622241,Very Poor
178.90322423417066,100.54497678056438,6.719405104979288,19.41892519444206,21.5670235732619,18.793151876540925,1.0602722308144026,5.726053629008433,21.967295804076304,1.51093567144735,8.004664239537078,1.8374369810730111,364.38616647935424,Very Poor
167.11217028146928,98.0689311171747,8.982844599634456,10.871067964954898,19.188078251549637,8.406600293976378,1.1611304188196452,8.443076598093667,33.493047942487664,1.6799544452646267,8.610086884688403,0.9037514695595783,338.1672850861781,Very Poor
178.09651807837704,100.43046308553693,6.6528273753121665,19.449874841746777,21.487994008748927,18.91601477874825,1.0544421809732816,5.683659809793369,21.88243618972221,1.5067610678574115,7.976161773647155,1.828871846121241,364.0478796367213,Very Poor
138.344058678831,94.78751493201464,3.372043565124792,20.974995964320367,17.593614956223806,24.97039095603457,0.7671519230001169,3.594598551198381,17.700766879223924,1.3010470559753924,6.571631623556128,1.4068034424322706,347.37795108766113,Very Poor
173.32967397888004,99.02742226801573,9.18976936946979,11.484033792580323,19.91296565279669,8.61222365016495,1.1884601054016706,8.454138614091153,32.93929643578996,1.6903657544387316,8.733070474307517,1.046256263880139,342.78730353218714,Very Poor
121.0408503329191,92.33128683794382,1.9440039755487306,21.63884139515032,15.898493367732438,27.605702933771152,0.6421019697507537,2.6852846936196784,15.880595337483193,1.211505114142515,5.960276296559241,1.2230880790165395,340.1219661460314,Very Poor
218.06918807654858,106.10467061293619,9.951785240079179,17.91630523974698,25.403946155250743,12.828100102902532,1.3433238966988252,7.784293520439607,26.087270051949567,1.7136146420806404,9.388472383860924,2.2532783173723487,380.8101520306726,Very Poor
223.35733377914917,106.85533440780036,10.388217678953692,17.713423133026932,25.922003255666112,12.02270532110924,1.3815412237786475,8.062194824760784,26.64354447944476,1.7409801355452046,9.5753126495845,2.3094247608599887,383.02770063900795,Very Poor
194.3499207595064,102.2679061516225,9.889344301572269,13.556359534846155,22.363677836325497,9.30739873992716,1.2808567945472809,8.491537273983424,31.067163520006286,1.725564493160869,9.148855575462763,1.5280390001393929,358.40674384013556,Very Poor
122.29031590324736,92.50865119575897,2.0471227882319596,21.5909050822273,16.02089818538237,27.415406919446532,0.6511318333478797,2.750946294344459,16.01203001873025,1.2179709423972471,6.004422296367412,1.2363541749184899,340.6459211942597,Very Poor
172.68892039773976,99.66284282234155,6.206536524617174,19.65733977774553,20.95823470705909,19.739602327003766,1.0153615767502606,5.399481095134611,21.31359628380935,1.4787774253273471,7.785101041890163,1.7714571312750742,361.7802396385954,Very Poor
225.57219008271525,107.08113511165249,10.928452793961638,16.634473370792023,26.00382519645681,10.33997195877949,1.4180975388251218,8.547087099048264,28.286404629995744,1.7778466814571894,9.766438924713048,2.243651452445279,381.60696489662774,Very Poor
124.65300629243069,92.56861750907854,3.353227356022644,18.41048116562921,15.832221354701215,22.87336253503491,0.7320854479157877,4.020586569431552,20.643165622283306,1.3091689439093097,6.438761223553027,0.9838834668825956,334.3332032051823,Very Poor
147.6541977662754,96.10910944380302,4.140412467327333,20.617808258431616,18.50568960986531,23.552438830564586,0.8344361187605557,4.083862641357621,18.680125728625868,1.3492258628162004,6.9005765806071615,1.505653063364273,351.28209577993346,Very Poor
182.06755720782883,100.37445544396985,9.480574902364161,12.34547659756931,20.931699500734833,8.901200217443632,1.2268683833311158,8.469684821824499,32.161071566314774,1.7049974793642346,8.905907724990021,1.2465279987979607,349.2801314678791,Very Poor
163.98469033404552,97.58679841570373,8.878758924775141,10.562738701692401,18.823451076099083,8.303169246002971,1.1473832542155848,8.437512269563452,33.77159168244137,1.6747174301773655,8.548224643970132,0.8320698255526922,335.843359641206,Very Poor
127.73721991025994,93.28185107755385,2.496657603228983,21.38193214120166,16.55450816037343,26.585832941933106,0.6904965036341055,3.037190625191212,16.585004664007535,1.24615799025652,6.196871795544516,1.2941862213883772,342.93004403802837,Very Poor
218.71352976836005,106.02380317622128,10.700189687738199,15.958297754243345,25.204186516164636,10.113144469576323,1.3879495813993847,8.534884354375942,28.89725967212199,1.7663617452950038,9.630773116297231,2.0864513887253637,376.5105244746579,Very Poor
135.66974535608458,94.40789033382678,3.151331589434174,21.077597207073843,17.33162387589051,25.377694029011746,0.7478247121558574,3.454058709380247,17.419448588046368,1.2872078185807374,6.477143037206414,1.3784091450190992,346.25649564361146,Very Poor
132.10884580431707,93.10085529637593,6.09109461779822,12.222089265866297,15.760053519135468,13.748641825690612,0.9079945471072992,6.600586690907054,29.79945975968762,1.498609512269399,7.372432596184895,0.5328344945966689,323.50802787032006,Very Poor
217.96630627014324,105.90861110789335,10.675321338974939,15.884631136208785,25.117069093138625,10.088432525522267,1.384665082506124,8.533554914347718,28.96380987588782,1.7651105076213807,9.615992871277559,2.069325073067647,375.9552877569877,Very Poor
208.90583096842053,104.5118470974865,10.373779617787308,14.991384905520896,24.060724824575665,9.788787293147136,1.3448388174436068,8.51743475944146,29.770765865606922,1.749938597121374,9.43677467849623,1.8616595480988063,369.2227524726097,Very Poor
140.19161419369493,93.91885480976585,8.08690144569283,8.217047678750458,16.04945978145224,7.516292002638157,1.0427983041481095,8.395180265964711,35.89068198023711,1.634875544437375,8.077592368666492,0.2867340144865712,318.1635228440852,Very Poor
149.9676085583102,95.42592332876933,8.41225636018238,9.180834878276107,17.189225110827586,7.8396006598038745,1.0857697079486162,8.412573453217298,35.01999948894589,1.6512456030280442,8.270963685768773,0.5107991914463561,325.4277363436946,Very Poor
126.60404446821036,92.70789307153589,4.069670291714271,16.79110767671832,15.8133365326731,20.485612849855073,0.778117201609319,4.695718956936678,23.039177417100447,1.3587416017331126,6.68308360854177,0.8658533292068745,331.500479900965,Very Poor
194.88099580423494,102.34977674721486,9.907019012637019,13.608716697811543,22.42559490590452,9.3249622892871,1.2831911903482853,8.492482148474307,31.01986421460974,1.7264537867993468,9.159360356567284,1.5402112068160596,358.8013678922101,Very Poor
222.80975113782145,106.65527717697655,10.836516050426711,16.36213245126403,25.681757484828164,10.24861343375736,1.405954950056358,8.542172241689478,28.532436607191414,1.773220933354803,9.71179727525361,2.180336525293867,379.55428917619383,Very Poor
132.93930805673082,93.16013814319071,6.396049600989482,11.532800572392802,15.75201516702499,12.73229268072204,0.9275880303765895,6.887957778856646,30.819325683704527,1.5197101865594038,7.476428776614205,0.4825947939061809,322.30227505374836,Very Poor
123.7631525112076,92.50509497660164,3.0264631423490655,19.149065187309855,15.840834579443847,23.962397138431367,0.7110907126056236,3.71266378488248,19.55036273306195,1.2865592289599024,6.327327628445233,1.037716121524042,335.625186916577,Very Poor
130.07234297107138,92.95547880858223,5.343268108554337,13.912398937501564,15.779765585276987,16.24098618845894,0.8599463858873462,5.895880326347744,27.29849136798238,1.4468653386479111,7.117407740478991,0.6560349079811636,326.46483779154795,Very Poor
134.6469360665622,93.28203778333597,7.023109614279042,10.115458993754785,15.735486402259532,10.642436985689454,0.9678768944923932,7.478861119221766,32.916412713321996,1.563098194068731,7.690269670767317,0.37929001412206886,319.82296033892965,Very Poor
145.80347360843697,94.78397976192859,8.273669765304339,8.770304776467569,16.703736221852306,7.701885678730098,1.0674658180590637,8.40516473588105,35.3908711626604,1.6442726925939288,8.188596181265785,0.4153574798794031,322.333507338556,Very Poor
128.4309031268234,92.83830403446169,4.740513126425773,15.274803938292981,15.795653690242483,18.24983846003404,0.8212191300339459,5.327880573831205,25.28268805048487,1.40515906311348,6.911855382487866,0.7553355640155235,328.84805353637256,Very Poor
133.4249327170818,93.19480463437124,6.574376381892707,11.129729166463273,15.747314625847968,12.137968005652478,0.9390455994955775,7.056002125935137,31.415706845539034,1.5320491071490834,7.537242028091911,0.4532164115498012,321.59719387719525,Very Poor
126.41858106651964,92.69465369984835,4.0015660661690395,16.94504342210227,15.815131701715478,20.712589535650796,0.7737414770685215,4.631541663671649,22.811415344848683,1.3540292829968692,6.659858609055998,0.8770731357217397,331.7697552573218,Very Poor
129.44527686815292,92.91071546911195,5.113002455516524,14.43286759642723,15.78583519062889,17.00841191514015,0.8451517228420831,5.678891935017219,26.52841018895971,1.4309326245991663,7.038882221238748,0.6939699414305561,327.37527859433334,Very Poor
131.4101258667931,93.05097692213042,5.83451687909462,12.80203104099206,15.766816688524688,14.603760055340334,0.8915093217210712,6.358803385242377,28.941382643430114,1.480856192622692,7.284934092211839,0.5751043032793047,324.5225032787033,Very Poor
131.47504155001974,93.05561095154407,5.858354640569866,12.748150631199577,15.766188345553347,14.524313940901418,0.8930409077137147,6.3812666464678145,29.021103657918992,1.4825055929224618,7.293063279403562,0.571177159708424,324.42825183300215,Very Poor
129.35250785800224,92.90409311992998,5.078936642351701,14.509866436068311,15.78673313628068,17.12194591848848,0.8429629803158425,5.646790377965689,26.41448333438872,1.4285755172632149,7.027265049368702,0.6995821017542502,327.50997044210203,Very Poor
177.00973923556114,99.59474159016028,9.312245638608942,11.846840853992525,20.342017740284156,8.733929628303224,1.2046362164200488,8.460686087598592,32.61153761491758,1.696528082445733,8.80586297389022,1.1306031284759694,345.52183658529395,Very Poor
203.33306304226184,104.01284558353306,8.735607897402943,18.481663355801874,23.960310779836142,15.072440345008836,1.2368262050698795,7.009884380076037,24.537136984906024,1.6373570357290494,8.867817002563855,2.0968187457199465,374.6306563435609,Very Poor
183.26175316772503,101.16367945127146,7.079115960041546,19.25170825641312,21.9940100801358,18.129339520226033,1.0917712354198543,5.955101946448076,22.425781315555657,1.5334905142512536,8.158659373163733,1.8837132964810206,366.21388649967054,Very Poor
130.44543073494236,92.9821118128997,5.4802700883908075,13.602733836454385,15.776154330454279,15.784388156812843,0.868748819517696,6.024982686259542,27.75666932361341,1.4563448825575187,7.164128349747771,0.6334645653392409,325.92314956814175,Very Poor
191.21401373803837,101.78447433135851,9.784978165222,13.247199470563281,21.998068163702225,9.203688994371547,1.2670725878595093,8.48595795222885,31.346457803132324,1.7203133668036226,9.086826645367791,1.4561642081245842,356.0765565191075,Very Poor
127.01111150697481,92.73695169862252,4.219149839524326,16.45323957194831,15.809396379847794,19.987429777005417,0.7877213241210028,4.8365794204413755,23.539084306811173,1.3690845028995415,6.734059335719169,0.8412273740487106,330.90945697716904,Very Poor
169.5230449764618,98.44059186293336,9.0630809317127,11.108749175073468,19.46915772933317,8.486331995035261,1.1717276702262056,8.447365961758226,33.27832744374997,1.6839914934195068,8.657774516017925,0.9590085661795006,339.95872520490616,Very Poor
221.582480272013,106.60339008857714,10.241738423591364,17.78151619227645,25.748128420652236,12.293018930734638,1.36871439168746,7.968923169184123,26.456842812339694,1.731795490344107,9.512603692694249,2.290580402602565,382.28342766581557,Very Poor
130.79288782451275,93.00691516230641,5.607860199321987,13.31434235013218,15.772791164433029,15.359157853001022,0.8769465366944934,6.1452158715192375,28.183371012559526,1.4651731933633005,7.207639310147695,0.6124447777064271,325.41867466495427,Very Poor
205.44289833552153,104.31234129655735,8.909733311951946,18.400718568498014,24.167002352998093,14.751108363781654,1.2520739440736297,7.120759914313185,24.759076297071722,1.6482751698305005,8.942361504359969,2.119219744997061,375.51540169316127,Very Poor
185.22243247053376,100.86081141068512,9.58557232084037,12.656506686262983,21.299520645962808,9.00553727479735,1.2407359669034452,8.475297891365681,31.88008790869448,1.7102803683441696,8.968311851065502,1.3188375417108211,351.62441345272526,Very Poor
131.8193396044265,93.08018879208852,5.984784718624852,12.46238116317414,15.762855757004946,14.10294977631289,0.9011640923004436,6.5004066870731725,29.443925829997447,1.491253637862016,7.336178643748508,0.550348481280914,323.92836355074195,Very Poor
226.49425376025602,107.22328056398295,10.9591399995564,16.72537697981802,26.111326916685,10.370466163081204,1.4221505659791474,8.54872761003918,28.20428257980347,1.77939069180158,9.784677546906163,2.2647850940341256,382.2921194869511,Very Poor
231.98554857993292,108.08012828253688,11.100307141009809,17.382397761476522,26.76727269278786,10.708611578698656,1.4438971658613995,8.5156226011403,27.55116985864926,1.7856300693822367,9.880163921989064,2.4010341078704514,386.6458849326985,Very Poor
133.55524885381192,93.20410729869921,6.622229917884954,11.021565984615886,15.746053247634006,11.978482497724446,0.942120208892114,7.101096397084339,31.575744206435676,1.535360224960738,7.5535611087350665,0.4453327977125282,321.40798714510066,Very Poor
131.24065177078782,93.03887895278461,5.77228410457847,12.94269556592807,15.76845709114785,14.811168462006185,0.8875108403271176,6.300158991464391,28.73325656061663,1.4765501357368958,7.263711383274701,0.5853568196740576,324.7685636721774,Very Poor
128.81349600736843,92.86561556495431,4.88100549090904,14.957249532904115,15.791950431870601,17.781607729639234,0.8302458223154078,5.460272060625981,25.75253895641738,1.4148801163396698,6.959766287674087,0.732190199191262,328.2925647805903,Very Poor
123.2159864301685,92.46603532895335,2.8255376667345926,19.603216344711925,15.846130802853782,24.632038385825233,0.698181168043903,3.523323797977244,18.87840438792623,1.2726566425088186,6.258807738079177,1.0708175178361463,336.4196204280675,Very Poor
224.43233747518926,106.90541529052368,10.890517353962343,16.522098576831844,25.870931862622797,10.302275106453145,1.4130871976931396,8.545059103828176,28.387923684836625,1.775937980073577,9.743892389619129,2.217526102257085,380.7599786576498,Very Poor
142.50866349405266,95.3786896519484,3.715749797644423,20.815219012986915,18.001603543582245,24.33611361667132,0.7972494417396738,3.813455817094665,18.13885298532192,1.3225983656901368,6.718775048505073,1.4510207847780392,349.12435032316625,Very Poor
136.3600478209292,93.40432888255877,7.65218331960316,8.6935658739777,15.718904558297117,8.545870089691611,1.0082951391507797,8.0716620408781,35.0202341660534,1.6066255344700702,7.904797277031061,0.2756534893569753,317.3356837445674,Very Poor
134.67345100347893,93.28393056165186,7.032846194259963,10.093451435708948,15.735229754352291,10.609987065917789,0.9685024737662908,7.4880362819055994,32.948974916553084,1.5637718948252362,7.693590053067235,0.37768596470181837,319.7844631528436,Very Poor
227.89623008909032,107.43940941090843,11.005799180359048,16.86359379842209,26.27478077647793,10.416831889916539,1.4283130992927047,8.551221968761332,28.079417916712103,1.7817383235400779,9.81240894681717,2.296918303454817,383.33388107090957,Very Poor
122.79461731849071,92.58023787952523,2.0887429532123396,21.571557329858045,16.070302446083403,27.338600842017875,0.6547764099569725,2.7774482156130467,16.065078856040376,1.2205806392284493,6.02224022645631,1.2417085528997496,340.85739662713297,Very Poor
154.71455929797148,97.11134313375024,4.723106473110601,20.34693428817561,19.19736314321669,22.477132162594813,0.8854612154831986,4.454896986661777,19.42282435869989,1.3857623518274755,7.150032609028971,1.5806158597839584,354.2428112687782,Very Poor
120.79536601027844,92.2932384689733,1.9366589039558466,21.61234593702237,15.869560885562942,27.594479468364618,0.6410703414403263,2.685698341124784,15.905712644201596,1.2111526753972743,5.955681043029424,1.2172555347683944,339.93413283444147,Very Poor
135.57096764696055,93.34800011030934,7.362424296252306,9.348507191996434,15.726542357924158,9.511574380035562,0.9896780025598682,7.7986107042113995,34.05118833837262,1.5865763104490886,7.805983244356223,0.3233897370259792,318.48135368862347,Very Poor
185.30790266765837,101.45413482728806,7.247985364702354,19.17320680343566,22.194462627506148,17.817707008057383,1.1065587184225847,6.062630680875337,22.64102134592873,1.5440790823272827,8.230953734510415,1.9054381171887353,367.071925636866,Very Poor
223.5717003146264,106.8857642041908,10.405909421041168,17.705198863732214,25.94300383167914,11.990056884629974,1.3830904465992806,8.073460161073783,26.66609427827842,1.7420894555896083,9.582886627818706,2.3117007795717828,383.11759381502,Very Poor
137.7864156112912,93.54806909423672,8.006854020344386,7.979926060265443,15.769042071269325,7.436748020216433,1.0322260026869943,8.390901001087594,36.104896945556376,1.6308480010236168,8.030017012091474,0.23160701401075587,316.37630045423,Very Poor
139.66233258059162,93.83726068981805,8.069286421834446,8.164867325056758,15.987751804791113,7.49878776509335,1.0404717915630401,8.394238582299327,35.93782155666316,1.633989253928777,8.06712306203368,0.27460291315013796,317.7702314308949,Very Poor
129.1679226788523,92.89091644047464,5.0111549098991786,14.663073251430522,15.788519804681405,17.34784780440521,0.8386079760890741,5.5829169826397536,26.187799781046678,1.4238855127113104,7.004150026934316,0.7107487792587844,327.77797070221084,Very Poor
132.69947247715794,93.1430173940137,6.307979306494178,11.731865554349238,15.754336624540516,13.025811965341479,0.9219294776824926,6.804965672676557,30.524790761422043,1.5136163605811457,7.446394920007076,0.4971039033782243,322.65049368107736,Very Poor
215.71331375980284,105.56128949954889,10.60033948462766,15.662515077104583,24.85439681092835,10.013922255164594,1.3747618187244082,8.52954645043607,29.16446886346497,1.7613378357045364,9.571428184259837,2.017686626205842,374.28116459388804,Very Poor
164.1814077715673,97.61712440057757,8.885305878739759,10.582132508719665,18.84638600288079,8.30967502415649,1.1482479462486475,8.437862263957786,33.75407137481907,1.6750468366661513,8.552115758118914,0.8365785768679477,335.9895337706047,Very Poor
188.4027597468912,101.35109106302153,9.691416807902815,12.970046015863058,21.670309194980305,9.110716073261917,1.2547154274588623,8.480956244447635,31.59683741029781,1.7156058771271856,9.031219423564881,1.391730443178354,353.98760797518867,Very Poor
179.41048821911176,100.6169840075488,6.76126977183069,19.39946378174357,21.616718064291998,18.715894594037852,1.0639382178576062,5.752711238495434,22.020656282149602,1.513560699206681,8.02258684285941,1.84282281388957,364.5988842460586,Very Poor
152.7034365159642,95.84767891031034,8.503307463325653,9.450552297021275,17.50819029605276,7.930079114499706,1.0977953253448975,8.417440965020555,34.776337574559335,1.6558267906075799,8.32507896405204,0.573504196441252,327.46063833211366,Very Poor
213.2348391277192,105.17920753899847,10.51785335872472,15.418169383392096,24.565435979935028,9.93195490992771,1.363867424737227,8.525136814774593,29.385210036871896,1.7571875903760865,9.522403411317523,1.9608801432726848,372.4394932293884,Very Poor
121.279058080685,92.327767001525,2.114276016319298,21.210878592438092,15.864879050640678,27.002519965380657,0.6524823140633487,2.85307393959578,16.499720449964045,1.2234424920682216,6.016252282336236,1.1879940665042343,339.23185759610163,Very Poor
164.89849064714872,97.7276699867347,8.909171117299142,10.652827649357832,18.929989385758624,8.333390166875876,1.1513999588885657,8.439138078597754,33.690205594900725,1.6762476033861202,8.566299814998546,0.8530140713475214,336.5223740025909,Very Poor
156.34288690717645,96.40873703969345,8.624432028935857,9.809355255526972,17.932507170548885,8.05044189038909,1.1137929094820942,8.423916177647515,34.4521960483509,1.661921108374131,8.397068092669423,0.6569201708709203,330.1649918410207,Very Poor
162.48158159760948,97.35507898412126,8.828733955838807,10.414551529560242,18.648206373598843,8.253458899512777,1.140776182846635,8.434837978771258,33.90546353327413,1.6722004506082417,8.518492822809858,0.797618667700311,334.72644995740734,Very Poor
128.52174441681615,92.84478877264628,4.773871059290622,15.19940511804492,15.79477440370898,18.13866366895399,0.8233623909593646,5.3593150674040135,25.394247529423332,1.4074671902639309,6.923231152015088,0.7498400231811166,328.7161605563468,Very Poor
125.58948651899733,92.63546848713956,3.6971133194382215,17.63319691224178,15.823156815303111,21.72726483488711,0.7541802626986667,4.344643852913777,21.79322905841778,1.3329633598293333,6.556033702016,0.9272300956444445,332.9735222954667,Very Poor
146.77727347828665,95.98462813204443,4.068039611653741,20.651451856204204,18.41978107415763,23.685996089629256,0.8280986038313006,4.0377787365016795,18.58787967798893,1.3446878891631535,6.869593174286359,1.496342393283022,350.9143634321866,Very Poor
145.6205766597935,94.75578434535592,8.267582771095167,8.752273491734742,16.682412600628986,7.695836967503374,1.0666618754276638,8.404839330530246,35.40716057169186,1.643966428734348,8.184978439424487,0.4111654933013892,322.19760275086696,Very Poor
177.4741314287556,100.34211394567721,6.60146159632396,19.47375298765481,21.42702144082563,19.010805464945946,1.0499442046510712,5.650952302956554,21.8169656454767,1.5035402946884213,7.954171667183014,1.8222637080676232,363.78688594888933,Very Poor
225.2101674801572,107.11834818530782,10.54113266587664,17.642338328295185,26.103517477981136,11.740515177674133,1.3949316172281168,8.159564475893342,26.838449095209256,1.7505683185090217,9.640776795337459,2.329097067285752,383.8046740860759,Very Poor
202.19263853915842,103.47694050949036,10.150357828932744,14.329550549857377,23.278045979343013,9.566770672775935,1.315330279293004,8.505490827332883,30.368665055277468,1.7386972492544777,9.303986256818519,1.7077935991706639,364.2344043566745,Very Poor
166.2675824257107,98.75131991785383,5.676581347589436,19.903697319498963,20.32916358881427,20.71758447531333,0.9689546909781019,5.062028555383977,20.638118279792373,1.4455478034164186,7.558222933670721,1.7032791139061003,359.08749441477875,Very Poor
126.85337985935858,92.72569196818168,4.1612290227650695,16.584157793684223,15.810923122958416,20.180467359054802,0.7839998877888595,4.781998354236606,23.34537877465089,1.3650768022341564,6.714307096725485,0.8507695184901038,331.1384684437625,Very Poor
189.42469525446504,101.50863276921267,9.725427848343264,13.070795701696081,21.78945478947923,9.144513207787645,1.259207451667978,8.482774444722754,31.505820443584536,1.717317124444944,9.051433532505902,1.415153140840172,354.7469739724439,Very Poor
171.3425625414918,99.47172439360399,6.095421159072083,19.70899340713406,20.826337765039078,19.944655223204276,1.0056314744700958,5.328727635344277,21.171969239509174,1.4718101915958712,7.737531652964913,1.7571622896535977,361.2156534569068,Very Poor
189.7294951783918,101.55562076376464,9.735571896046947,13.100845050554167,21.824990855963208,9.154593456449168,1.2605472315533706,8.483316736581127,31.478673951144803,1.7178275167822363,9.057462541990168,1.4221391359568603,354.9734605721174,Very Poor
156.55534567565405,96.44148971012437,8.63150287021015,9.830300955150822,17.95727735035883,8.057468260963546,1.1147267941786991,8.42429417859614,34.433273765569695,1.6622768739728377,8.401270573804146,0.6617897125032165,330.32286282544675,Very Poor
202.69081139991806,103.55373890026995,10.16693752225787,14.37866398102803,23.336127043381346,9.583246091300273,1.3175200501095299,8.506377163139572,30.324296127542617,1.7395314476607733,9.313840225492886,1.7192116898568348,364.60457989946815,Very Poor
145.67579802923586,94.76429727860433,8.269420593751649,8.757717607905827,16.6888507592432,7.697663231526795,1.066904606721916,8.404937578911252,35.40224237332499,1.644058897798825,8.186070730248622,0.4124311636214184,322.2386358982286,Very Poor
150.54470710238505,95.51488891280096,8.431462779545624,9.237729365823832,17.256507976144107,7.858686284076784,1.0883064048456486,8.413600211485145,34.968601178008406,1.652211963750723,8.282378821805418,0.5240262538380246,325.85655891438347,Very Poor
232.52616239364195,108.15686959031802,11.144924180417451,17.36165686748162,26.82023432443066,10.626275053002608,1.447804171474393,8.544032802449598,27.608038495905053,1.7884276783396889,9.899264838319255,2.406774029696948,386.8725877275265,Very Poor
219.75070513100036,106.34336561950586,10.090561406689448,17.85179307580923,25.56867721572434,12.5720018148985,1.3554761880452382,7.872660182205498,26.264153403769576,1.722316282797825,9.447883585998943,2.2711316836713995,381.515284985341,Very Poor
129.45856269661223,92.91166388275877,5.117881159615014,14.421840278431961,15.785706592168303,16.992152247279776,0.845465181589762,5.683489329983177,26.544726118646587,1.4312701955582052,7.0405459638225825,0.6931662010518922,327.3559888252454,Very Poor
188.68189882873838,101.9330809275984,7.526442399766507,19.043761911459896,22.52499865399311,17.303840890376833,1.1309425236552293,6.23994007941889,22.995941177648337,1.5615390910123863,8.350163448981121,1.941261238456448,368.4867884096244,Very Poor
213.17435694429548,105.169883598006,10.51584045089335,15.412206618684078,24.558384472626393,9.92995466189402,1.3636015689859142,8.525029206494299,29.390596780785405,1.757086311994634,9.521207060436614,1.9594938954265526,372.3945509476188,Very Poor
122.51373860437509,92.41590511513385,2.567664448188557,20.186086288443654,15.852928119981849,25.491474170205187,0.6816127075442401,3.2803197106488544,18.01599477730275,1.254813685047643,6.170867447734813,1.113300749886564,337.4392179972775,Very Poor
137.48046628135575,94.66492611113821,3.3007709948477935,21.008128078070754,17.509012489019327,25.101917742480882,0.7609107573866717,3.5492152605030816,17.609923246405998,1.2965780731904561,6.54111925833484,1.3976343225804189,347.01580937922665,Very Poor
133.0809589073203,93.17024994014749,6.44806537008072,11.415229509471587,15.750644075912206,12.558935348149433,0.9309300649640001,6.9369742861386685,30.993282868638975,1.5233093007304614,7.494167267885846,0.47402547445128185,322.0966113868308,Very Poor
127.50280738223071,92.77205158566439,4.399706038121016,16.04512902091922,15.804637073130253,19.3856749339064,0.7993221342450076,5.006724635593445,24.14292134659911,1.381577683033085,6.795632866377348,0.8114817070640831,330.195560969538,Very Poor
136.17146624916225,93.39086691917795,7.5829340672967245,8.850089719388622,15.720729909264008,8.77666290256792,1.0038458461689823,8.00640574381174,34.78864276212908,1.6018339881819808,7.881181798896906,0.28706193290004534,317.6094863896011,Very Poor
120.89993575415933,92.30070321778028,1.9750580779036389,21.525552416995396,15.868548716233182,27.46650330873301,0.6435375041816177,2.7218833946637258,16.034131627914974,1.213809619887896,5.9687759837332015,1.2109294764573906,339.7823074349774,Very Poor
209.85339712923317,104.938421202053,9.273733257007555,18.23150778322892,24.599080125615455,14.079380897608761,1.283948533856878,7.352539338786433,25.223028659472334,1.6710989501691225,9.09819283218918,2.1660478460366477,377.36491492749786,Very Poor
127.01864850945162,92.7374897302573,4.221917510730268,16.446983814296658,15.809323426405792,19.978205726182317,0.7878991481358821,4.839187505992939,23.548340274765145,1.3692760056847961,6.735003170875067,0.8407714150361996,330.8985139608688,Very Poor
225.80224242399692,107.11660000947644,10.936109167015282,16.65715357021508,26.030646578789383,10.347580178543488,1.4191087579076787,8.547496402010252,28.265915405251558,1.7782319077743538,9.770989410584555,2.2489242376614675,381.7779090748695,Very Poor
163.88144957571546,97.57088280743369,8.875322968610938,10.55256049192297,18.811414424630776,8.299754899625963,1.1469294486844637,8.437328586372283,33.78078664689337,1.6745445518797957,8.546182519080086,0.8297035538547033,335.76664489665933,Very Poor
121.54500446472638,92.34675167987763,2.211934488862012,20.990141484812714,15.862304856965745,26.677045352606505,0.6587569111459942,2.9451013634745817,16.82632127247098,1.2301997504649167,6.049555913005662,1.1719053560359123,338.8457285448619,Very Poor
124.36156561664912,92.54781291153334,3.246207095768911,18.652378689629412,15.835042317080227,23.230037965831123,0.7252093521169483,3.919737164381907,20.285256020446276,1.3017639176644056,6.402265022774571,1.001514481751415,334.75634756203397,Very Poor
140.0343853651467,95.02746048500612,3.5115467936081997,20.910145814863213,17.759209058791136,24.71295094411979,0.7793678813862316,3.6834281745245727,17.878576940177368,1.3097942854370546,6.631354086777132,1.4247503442587846,348.0867783026579,Very Poor
124.87420318362936,92.58440772877694,3.4344533166745466,18.2268864077801,15.830080307962449,22.60265393800229,0.7373042493415277,4.097128990342407,20.914810927264135,1.3147891915985683,6.466461015735801,0.9705019247653135,334.01204619436754,Very Poor
133.9663487740996,93.23345381448503,6.77319038468146,10.680350563784245,15.742074059052879,11.4753638414982,0.9518194810586111,7.24335238885963,32.08060375766616,1.5458055949861964,7.6050418610033965,0.42046286908048436,320.81110885793163,Very Poor
140.3491295962713,95.0721391138176,3.5375227405916254,20.89807050977903,17.790043209913087,24.66501479114605,0.7816425318788343,3.6999685342794244,17.91168574179192,1.3114230475181776,6.642474600296524,1.4280921147355712,348.21876419543855,Very Poor
215.01900351239283,105.45425454461063,10.577232142013703,15.594065024455684,24.773448447180076,9.990960241749464,1.3717099055489794,8.528311152246015,29.226306437567107,1.760175202113897,9.557694574970407,2.0017730789339647,373.76524593804174,Very Poor
124.64598456245444,92.5681162603567,3.3506488986145486,18.416309243988202,15.8322893206296,22.881955977105054,0.7319197809653499,4.018156787491799,20.634542445119493,1.3089905333472998,6.437881914354549,0.9843082539350002,334.34339809444003,Very Poor
126.80397094170547,92.72216489481019,4.143085518218524,16.62516749424083,15.811401370195227,20.240935744059186,0.7828341601491309,4.764901015520586,23.284701156480402,1.3638214032375255,6.708119773099233,0.8537585637201772,331.2102055292843,Very Poor
222.50363590223878,106.73415013565864,10.317761706778272,17.746175639011184,25.838370112478426,12.152725153004852,1.375371565674638,8.01733150842422,26.553741678153063,1.7365623556682594,9.545149876631562,2.300360695250394,382.6697081317383,Very Poor
167.49258343843007,98.12757565722737,8.995505131702853,10.90857180523298,19.232429926782952,8.419181200056922,1.1628025645645277,8.443753418990404,33.459167084656826,1.680591453167439,8.617611540540375,0.9124705152293231,338.4499573430511,Very Poor
127.55529064910772,92.77579812256184,4.418978477924005,16.001567591908177,15.804129068127208,19.321444051333994,0.8005603964399279,5.024885814452276,24.207374481360347,1.382911196166076,6.802205181104233,0.8083066757950567,330.1193602190814,Very Poor
156.2813703322078,97.33375537103343,4.852415913391525,20.28682287269367,19.350856943679887,22.23850382253045,0.8967845286321228,4.53723564647309,19.587641472312008,1.393870403218063,7.205391028868156,1.5972513445336125,354.8998430193948,Very Poor
128.22071037947313,92.82329934953287,4.663328009885168,15.44926519017718,15.797688223792154,18.507079795720436,0.8162599545066254,5.255145999430505,25.024556606370496,1.3998184125455964,6.885533604689011,0.7680513987009607,329.15323356882305,Very Poor
205.4819135614264,103.98401556001895,10.259828206439938,14.653830724737173,23.661536547088332,9.67555255734283,1.3297886310392368,8.511343017325405,30.075711309181177,1.7442051927768523,9.369048839676566,1.7831835761331638,366.67855429472814,Very Poor
135.62150287067962,93.35160758544477,7.380981392923491,9.306562650591385,15.726053208753253,9.449727581739339,0.9908703036639476,7.8160977870712305,34.11324913943111,1.5878603270227125,7.812311611754798,0.32033255470782684,318.40798131298783,Very Poor
162.88069892809966,98.27054443206697,5.397060716318002,20.0336366399819,19.997365044883423,21.23341335918397,0.9444777492127115,4.884041904768976,20.281842794096136,1.4280211043745341,7.438557885039923,1.6673191624236132,357.66722742345365,Very Poor
129.6725809534489,92.92694165305927,5.196471045821823,14.244203830531234,15.78363503009366,16.730229117466976,0.8505146141467069,5.757547674151701,26.80755555686705,1.4367080460041457,7.067346798163291,0.6802189380853669,327.0452545140488,Very Poor
169.92450321752506,99.27042778542848,5.978388247342136,19.763397895830142,20.687416535763962,20.16062839112105,0.9953831870645546,5.254206138037317,21.022799722828516,1.4644719117252367,7.687428914537823,1.7421061637121236,360.62099974325196,Very Poor
192.45881318508032,101.97637277044723,9.82640634148148,13.369920671935706,22.14319705789424,9.244856616063357,1.2725442337805728,8.488172666054043,31.23559183458887,1.72239780334498,9.111449052012578,1.4846949332844153,357.0015252343349,Very Poor
171.23488227124773,98.70448891528497,9.120052596782498,11.27751429612929,19.66873771325693,8.54294534774613,1.1792522297637262,8.450411616809127,33.12586553502545,1.6868579922909432,8.691635033936768,0.9982437694822869,341.2307340791061,Very Poor
188.95268508861568,101.9715196266941,7.548790480636107,19.033373073866457,22.55152642998751,17.26259962113964,1.1328994907367833,6.254170370913154,23.02442592072429,1.5629403760831289,8.359730843602053,1.9441362888602127,368.6003408205294,Very Poor
180.36058632345055,100.75185250183885,6.839681687115609,19.363012837340854,21.70979512697615,18.571192821722867,1.0708045585474208,5.802640555363345,22.120599685523572,1.518477338219141,8.05615561956517,1.852910400828927,364.99730154534416,Very Poor
136.1787860721798,93.39138944737884,7.585621987787741,8.84401422200201,15.720659057982532,8.767704643666226,1.0040185461675815,8.008938677124528,34.797632018466416,1.6020199727958568,7.882098437351009,0.28661911239081694,317.5988586973796,Very Poor
124.53578971198688,92.56024996129126,3.3101841229135136,18.507771636511794,15.833355937452032,23.01681634159137,0.7293199024606706,3.980025236089835,20.499215435773365,1.3061906641884145,6.4240825592143285,0.9909746090752036,334.5033906178049,Very Poor
180.96074837088878,100.20382965466449,9.44373919224936,12.236359494021688,20.802658679766626,8.864596178461628,1.2220032895423683,8.46771561719572,32.25964763332011,1.7031441103018545,8.884014802940657,1.2211600097566346,348.457698946448,Very Poor
127.8831602060454,92.799203208901,4.539375828838207,15.729433876168006,15.800955497098169,18.920185664349766,0.8082959758232127,5.138340978740452,24.610021305669783,1.3912418201173058,6.8432632562924365,0.7884718568635574,329.6433245647254,Very Poor
126.25144494113337,92.68272262737673,3.9401918204887796,17.083767417280715,15.816749474254003,20.917136650990443,0.7697981565058689,4.57370629541941,22.60616045402343,1.3497826300832434,6.638928676838843,0.8871842140875157,332.01242113810036,Very Poor
125.20402276854225,92.60795201856503,3.5555667395675403,17.953134157023612,15.826887861889487,22.199009037652168,0.7450858366443724,4.211258937450796,21.319852522771182,1.3231693625400933,6.507763286804746,0.9505491368093014,333.53317928342324,Very Poor
132.2171520503772,93.10858677673595,6.130865876938264,12.132194426426196,15.759005182815466,13.616092802230463,0.910549866887302,6.638064714347096,29.932467430287765,1.501361395109402,7.385995447324911,0.5262823925966615,323.3507774223199,Very Poor
139.4371835800584,94.94268639149473,3.462259529938794,20.933057732028452,17.700703744727345,24.803905926912947,0.7750519155946404,3.6520441763610267,17.815755660321987,1.3067038407961622,6.6102538095737975,1.418409604392126,347.836345719689,Very Poor
219.22675125105496,106.26898922559141,10.047319317204304,17.871894803894218,25.517347686800353,12.651801000575407,1.351689583452485,7.8451254895495515,26.209037270252836,1.7196048869165943,9.429371296878816,2.2655686472943914,381.2955684225516,Very Poor
184.61772750289893,100.76759001693041,9.56544713196461,12.596890560725356,21.22901919814018,8.985538659436532,1.2380779230896655,8.474222016488675,31.93394493930225,1.7092677802246345,8.956350653903495,1.3049777418246846,351.17507747468153,Very Poor
149.7270610795358,96.40335690377779,4.31148657196383,20.538281917897894,18.708759195693283,23.236737753143508,0.8494166619773732,4.192795233391022,18.898175857670655,1.3599526715393537,6.97381479188938,1.527661515744536,352.15133717646484,Very Poor
178.0654363534565,99.75748799043866,9.347380299361504,11.950918999995398,20.465099539272693,8.768843316346652,1.2092766433118967,8.462564355626245,32.51751372718038,1.6982958641188177,8.826744894903536,1.154799640126319,346.3062897027254,Very Poor
137.24185894122112,93.46727728679014,7.975994178657729,7.96165730952487,15.710369181452187,7.466678379860653,1.029100120210299,8.376801763084384,36.10316010325401,1.629030898688014,8.015223714962355,0.2223073840761567,316.05537721782775,Very Poor
133.18722357424173,93.17783568164582,6.487086938635654,11.327029193067352,15.749615500793789,12.428884881614618,0.9334372168151408,6.973745846622066,31.1237833367881,1.5260093104163055,7.507474458480363,0.46759687996117727,321.94232511906824,Very Poor
125.59361297564563,92.63576305573272,3.6986286002522037,17.629771928260254,15.823116873798954,21.722214730955173,0.754277620115051,4.346071761687415,21.798296636757783,1.3330682062777472,6.55655044522604,0.926980461243459,332.967531069843,Very Poor
145.56765707119183,95.81292044970256,3.968209563780553,20.697859337918228,18.301280109222752,23.870222999596322,0.8193567293688916,3.974211278991076,18.460636838591647,1.3384282753505643,6.826855121359026,1.4834993925296063,350.4071188646147,Very Poor
136.79178462027247,94.56716625007616,3.243933866323344,21.03454966214158,17.441545281322195,25.206805286687622,0.7559336682942603,3.513023834880486,17.537478949616457,1.2930142316181124,6.51678682277194,1.3903223028026788,346.7270153207781,Very Poor
213.28576412265778,105.18705814261381,10.519548193721107,15.423189932343657,24.57137323209218,9.933639085584495,1.3640912708688253,8.525227419161192,29.38067448787213,1.757272865092886,9.523410718909714,1.9620473409588755,372.4773338849681,Very Poor
205.50882305646633,103.98816393115384,10.260723781471093,14.656483654546445,23.66467387597106,9.67644249982662,1.329906914533918,8.511390893978016,30.073314660277042,1.7442502531557782,9.369581115402632,1.7838003400697149,366.6985498378766,Very Poor
176.1154450776271,100.14924546025203,6.4893287559604795,19.52587960533729,21.29391672869687,19.217736014676174,1.0401250045759987,5.579550959200781,21.674041733272873,1.4965092625359002,7.9061666890382165,1.8078379696857265,363.21712989515055,Very Poor
148.25047648831816,96.19375250650555,4.189623550293922,20.594931754998502,18.564104495375922,23.46162443205219,0.8387454135933056,4.115198130943914,18.742849908969227,1.3523115307211324,6.9216442442339385,1.5119840026864613,351.5321412825745,Very Poor
147.11362673760306,94.98595313286125,8.31727297776638,8.899469009609845,16.856484582489777,7.745214657151498,1.0732247329125408,8.407495725226505,35.274184578367326,1.646466564919063,8.214511298106434,0.44538610732967754,323.3070381828343,Very Poor
128.41196325995963,92.83695200524818,4.733558196488509,15.290524142368639,15.795837016237535,18.273017740533348,0.8207722729210081,5.321326669508118,25.259428564862727,1.4046778323764701,6.909483602426889,0.7564813514845947,328.87555243563025,Very Poor
131.0180795213442,93.02299055264284,5.690553097069522,13.127431879440882,15.770611450489106,15.083560271216403,0.8822595894328029,6.223140645014443,28.45992221919461,1.4708949424660953,7.235839359297184,0.5988215655569157,325.091717573366,Very Poor
128.30421362472615,92.82926025875238,4.693991331039788,15.379956991455373,15.79687996491493,18.40488556393165,0.8182300855198545,5.2840412542912,25.12710445141807,1.4019400920983047,6.895990453913074,0.7629997807183216,329.0319947372397,Very Poor
165.1384016981128,98.59103025532633,5.583389683329259,19.947018849911803,20.218542564643812,20.88956087627779,0.9607941236212649,5.002688133492901,20.519336688265078,1.4397044341979428,7.518326826592851,1.6912901322337102,358.6139800125919,Very Poor
184.83634839995526,100.80129264187693,9.572723055069154,12.618443766902967,21.254507809267416,8.992768822018405,1.2390388940657373,8.47461098093137,31.914473836906133,1.7096338644059952,8.960675023295817,1.309988519057059,351.33752733016036,Very Poor
188.86368387613155,101.42214718467208,9.706756826018822,13.015487201602923,21.724047497437002,9.125959613276564,1.2567414675873914,8.481776308309183,31.55578597816976,1.716377701938054,9.040336604143262,1.4022947952771123,354.3301052350114,Very Poor
175.26094658206773,100.02794753855012,6.418806708459372,19.558662827418885,21.210205152311772,19.347877782334976,1.0339495604164424,5.53464556895413,21.584154712728214,1.4920873395574525,7.875975628702607,1.7987654035747733,362.8588016537936,Very Poor
186.99430375225793,101.69352313256981,7.387164611959188,19.108507261467622,22.359672155601285,17.56086487284937,1.1187463065607504,6.151254006966445,22.818418462162036,1.552805997290414,8.290537498741447,1.923343339268263,367.7791066769818,Very Poor
146.3174676145487,95.91935768868193,4.030091679466233,20.669092516572455,18.374735853031268,23.756025408812043,0.8247755957154215,4.013615134276336,18.53951144874669,1.342308451253018,6.85334735683095,1.4914604430880885,350.72154691188246,Very Poor
137.0782832145827,93.45560037466471,7.91592735102947,8.097426152203571,15.711952491570887,7.666868152994041,1.0252408017959627,8.320198426340786,35.9022776319437,1.624874709626421,7.994739640301647,0.23220307231804452,316.29287373563307,Very Poor
130.6422578509224,92.99616238742217,5.552547196315729,13.439366139464285,15.774249167807163,15.543504154618258,0.8733926534700386,6.093092250893899,27.998386834466107,1.4613459345061952,7.1887763914948195,0.621557298794773,325.63737517107455,Very Poor
130.09785298124876,92.9572998498411,5.352635668250452,13.891225474728799,15.779518664428325,16.209766133656238,0.8605482554559598,5.904707746687411,27.329819450656366,1.447513505875649,7.120602278958556,0.6544916526770261,326.42779966424865,Very Poor
205.7109105907336,104.01931777081639,10.267449457650788,14.67640688398441,23.688234892525088,9.68312587615613,1.3307952113878398,8.511750442704603,30.055316074022578,1.7445886519572724,9.37357845124528,1.7884321736651652,366.8487143060396,Very Poor
127.3780446002308,92.76314534956276,4.353891755801628,16.148682884744918,15.805844698364371,19.538364049445313,0.7963785477368427,4.963552033473693,23.98970389502027,1.3784076667935228,6.780009214910934,0.8190293647773265,330.37670475465586,Very Poor
140.1623873791585,95.04563064955757,3.5221108427660255,20.905234959579037,17.771748870656317,24.69345599070097,0.7802929494746466,3.6901549042045287,17.892041820130967,1.3104566798707347,6.635876641876051,1.4261093949071968,348.1404550929733,Very Poor
141.19040337940714,94.07282827607187,8.120142153286391,8.315515435206859,16.165906788556732,7.549323649177673,1.0471885862831083,8.396957284924115,35.80172650173988,1.6365480328697555,8.097348638273987,0.3096261999047796,318.905689585954,Very Poor
131.6180740288387,93.06582137652931,5.910877758926242,12.629432808489614,15.764803881148568,14.349265722721931,0.8964155397003681,6.430761248938732,29.19675757927557,1.4861398119850118,7.310974787640415,0.5625242571785434,324.22058217228505,Very Poor
159.00338642851526,96.81887998003171,8.71297612603536,10.071646260142478,18.242689950954055,8.138429106374758,1.1254874128725945,8.4286496671151,34.21524313441481,1.666376157284798,8.449693357926675,0.7178986528356716,332.14191979512907,Very Poor
177.75468020427715,99.70958178345371,9.337038022497136,11.92028244400095,20.42886904736418,8.758566085248725,1.2079106822166028,8.462011466611482,32.54519070080169,1.6977754979872772,8.820598069974713,1.1476771287008576,346.0753772318543,Very Poor
132.52052343965624,93.13024305255864,6.242267227992342,11.880394338046962,15.756068738636117,13.24481614130394,0.9177074495744668,6.743042593758847,30.30502878554276,1.509069561080195,7.423985693895247,0.5079296164757261,322.91031079541744,Very Poor
196.03849764423614,102.5282173762386,9.945541836825441,13.722831478898005,22.560545931520572,9.363242831562388,1.288279110524115,8.494541544735952,30.91677326057091,1.7283920421044248,9.182255997358517,1.5667410763043133,359.66146868383845,Very Poor
122.20707968182579,92.39401415756531,2.455055878323204,20.440615049325473,15.855896385414873,25.86677423089317,0.6743775605512438,3.1742042214182415,17.63939610048782,1.2470219882859548,6.132465513695063,1.1318524088429647,337.8844578122312,Very Poor
136.34214303955437,94.50333864881613,3.206824795823322,21.05180036518483,17.397495811690817,25.275286565977932,0.7526841172558801,3.4893943835026344,17.4901799289467,1.2906873926029758,6.500900128806525,1.3855482710302436,346.5384611247239,Very Poor
135.6138652121474,93.35106236844125,7.378176759693569,9.312901953377963,15.726127136482543,9.459074819011384,0.9906901048238043,7.81345487074913,34.103869558777504,1.5876662667333277,7.811355171757114,0.32079460301588647,318.4190704723813,Very Poor
133.04806325845897,93.16790167241268,6.4359857216482705,11.442533097032245,15.750962485096586,12.599194209399585,0.9301539425770717,6.925591157797053,30.952884703370657,1.5224734766214618,7.490047849062919,0.4760155318536622,322.1443727644879,Very Poor
206.65843324826238,104.16538798269917,10.298983963678435,14.769820420707816,23.798704828735147,9.714462051957186,1.3349601461462082,8.513436249630608,29.97092656260897,1.7461752937699841,9.392320657657937,1.8101493334766576,367.5527866104305,Very Poor
193.9376055974804,102.20434359446244,9.875622038723053,13.5157105675381,22.315606764583272,9.293762780617875,1.279044420208705,8.490803693894,31.10388567624743,1.7248740648414114,9.140699890939173,1.518588762516819,358.1003662733763,Very Poor
122.43957533964254,92.41061094378574,2.5404308718469615,20.24764224683026,15.853645973723967,25.58223780272421,0.6798629390478279,3.2546564393681416,17.92491708377155,1.2529293189745838,6.161580214946163,1.1177873357748003,337.5468960585952,Very Poor
135.93694613297015,93.37412561626768,7.496815670122731,9.044742834582557,15.722999916438281,9.0636769346651,0.9983127036816912,7.92525298733147,34.50063560189315,1.5958752193495134,7.851813581079745,0.3012494777392535,317.9499874657421,Very Poor
209.30268612886766,104.86024657664423,9.228282893397802,18.252636060366427,24.545129315622475,14.163255244291838,1.2799685560705103,7.323598512660872,25.165097871692982,1.6682490895319704,9.078735163011384,2.1602007181776632,377.13397794483205,Very Poor
121.13056365713965,92.31716667364942,2.0597472110609596,21.334129862313613,15.866316383233977,27.184252705146093,0.6489788158671786,2.8016892993852864,16.31735887718904,1.2196694940108077,5.99765679191041,1.1969773952123623,339.4474574850967,Very Poor
126.51290000236429,92.70138669103387,4.0362010293013455,16.866758134758737,15.81421875375812,20.597158678292217,0.775966787714584,4.664179553147232,22.927245616938606,1.3564257713849366,6.671669873254331,0.8713672109882461,331.6328130637179,Very Poor
210.97261917706098,104.83046342729574,10.442564405892767,15.195143617455933,24.301687887309882,9.857139472522372,1.35392360077829,8.521111933648356,29.58669085089703,1.753399466963158,9.477656203502304,1.909030204058226,370.7585134649014,Very Poor
126.93941666147857,92.7318337362701,4.192822694202961,16.51274672743581,15.810090340844733,20.075172470555863,0.7860297941909646,4.811770314800814,23.451038005324566,1.3672628552825772,6.725081215321273,0.845564630279578,331.0135511267099,Very Poor
121.88927304574013,92.37132741645333,2.338353743959018,20.70439647988176,15.858972553701244,26.255717258601162,0.6668794003532154,3.0642312051804916,17.24910724915454,1.2389470465342318,6.092667586490143,1.1510784606327813,338.34588305518673,Very Poor
129.41614501998328,93.52017815192661,2.635219855771282,21.317519418398213,16.718985299066883,26.330129412106402,0.7026300630459177,3.1254210757289567,16.761615362112803,1.2548462179834965,6.256191419335598,1.312012067931657,343.634090077973,Very Poor
221.1460000449132,106.54143077011571,10.205715564020762,17.79826195402278,25.705368312751133,12.359495710504389,1.3655599574980344,7.945985369954842,26.410928270249165,1.7295367596899505,9.497182014434834,2.285946110398347,382.1003925955649,Very Poor
214.9464739523658,105.66139454480853,9.694066595818912,18.036109582484183,25.098027159145047,13.303695482094179,1.3207561019041425,7.6201894323646915,25.75878326104919,1.6974549865486455,9.278140942642475,2.2201231620567032,379.50066270307985,Very Poor
122.22635714283307,92.39539028605826,2.4621347765878214,20.424614640068384,15.855709791720914,25.843181790713075,0.6748323826802719,3.1808749459773216,17.663070175409025,1.2475117967326006,6.134879569610674,1.130686198255713,337.8564687581371,Very Poor
149.01457020535986,95.27900281658766,8.380538286269434,9.086877564986812,17.078112109761477,7.808082070632519,1.0815805283752082,8.410877832913775,35.104880246492804,1.6496497250953173,8.252112377688437,0.488955612242157,324.7195655110471,Very Poor
147.1903483574167,96.04326501040775,4.102130820004501,20.63560405124115,18.46024825985399,23.62308398946196,0.8310838880220157,4.059486543765028,18.63133214787601,1.346825500065147,6.884187896996521,1.5007281811681468,351.0875836259688,Very Poor
123.4860540363713,92.48531420223341,2.924709497929449,19.379058597760782,15.843516718341233,24.30152007526973,0.704552999043243,3.6167773193008976,19.210066360455983,1.2795186143542616,6.2926274564602895,1.05447948963271,336.02750775118506,Very Poor
155.08296003566323,96.2145065549484,8.582500396791303,9.685142684834616,17.785614597564503,8.008773979201422,1.1082547693875306,8.421674549514002,34.56440931550503,1.6598113407190593,8.372146462243888,0.6280427260921243,329.2287824440826,Very Poor
217.30224488918813,105.80623932200672,10.653220709027925,15.819163232403476,25.03964738948776,10.066470893247875,1.3817461313810466,8.532373434130424,29.022953385588792,1.7639985262403988,9.60285759121471,2.0541048279154577,375.46184601917696,Very Poor
126.24038020118614,92.68193276693283,3.9361287248154793,17.09295121837424,15.81685657397521,20.930678071990584,0.7695371009354262,4.569877480386251,22.59257217689526,1.3495014933150742,6.637543074195723,0.887853587345061,332.0284860962815,Very Poor
155.65667311423547,97.24507824096615,4.800859442422181,20.310789664603742,19.28965801922114,22.333646412740904,0.8922698538769693,4.504406715228827,19.52192787309811,1.3906376731464718,7.1833192856207395,1.590618674214313,354.63788041014516,Very Poor
124.50884961309868,92.558326832635,3.3002914187240737,18.530132081566013,15.833616700659661,23.049786589656012,0.728684292142074,3.970702951417084,20.466131103805385,1.3055061607683873,6.4207089352156235,0.9926043791228873,334.5425050989493,Very Poor
164.69719634353947,98.52840019473335,5.546976857403107,19.963945893315312,20.17531955613904,20.956757302068,0.9576055410266504,4.979502020551816,20.47292509716569,1.4374212515993299,7.502738200574736,1.6866056713848323,358.42896349166983,Very Poor
173.5226594807392,99.05717293721914,9.196192120866046,11.503059678791871,19.935465480015015,8.618606006898334,1.1893083933219306,8.454481968725544,32.92210850673898,1.6906889117416877,8.736887769948687,1.050679479464352,342.930704585374,Very Poor
161.71694576637375,97.23720262834836,8.80328610713834,10.339168279636219,18.559058878465763,8.228171100175206,1.1374151462258186,8.433477559186642,33.97356453718639,1.6709200557050736,8.503368158016183,0.7800932624631975,334.1582747191265,Very Poor
213.18684930970784,105.17180942262686,10.516256209365473,15.413438205101496,24.5598409346954,9.930367805532985,1.3636564804822322,8.525051432576142,29.389484169276674,1.757107230659898,9.521454162170045,1.959780219657354,372.40383360532974,Very Poor
124.25783313954943,92.5404079313169,3.2081153755030307,18.738477273162836,15.836046382194318,23.35698944869418,0.7227619434013479,3.8838418365531036,20.157865259095807,1.299128246739913,6.389274930361001,1.0077898887144925,334.9069573291478,Very Poor
130.7295169194992,93.00239140744156,5.584589697601944,13.366940584662492,15.773404554923179,15.43671341309929,0.8754513973747542,6.123287161496395,28.105547094121818,1.4635630433266584,7.199703570681388,0.616278468269861,325.51068323847664,Very Poor
122.63883846992051,92.42483541406571,2.6136025113380246,20.08225264323596,15.85171723199109,25.338372519873435,0.6845642470217183,3.323608956318534,18.16962619113046,1.2579922660233889,6.186533311115274,1.1057326999443122,337.2575847986635,Very Poor
130.42823922311405,92.98088459063972,5.47395717388398,13.617002895273771,15.77632073347258,15.805427738439386,0.8683432121605852,6.01903377835525,27.735556940666356,1.4559080746344764,7.161975510698491,0.6345045842036277,325.94811002088704,Very Poor
123.00604513566782,92.45104859407671,2.7484448864793514,19.777468889209768,15.848162902498073,24.88897198460012,0.6932279251609468,3.4506762356938863,18.620581745556976,1.267322380942558,6.232517448931179,1.083518140612957,336.724435374711,Very Poor
122.02346736837104,92.38090692647779,2.387631392983197,20.59301438027521,15.857673637087757,26.091485489283343,0.6700455095985909,3.1106674741126668,17.41390729449076,1.2423567026446363,6.109472320177137,1.1429602317984848,338.1510455631636,Very Poor
181.7776466875626,100.32976280175612,9.470926388973826,12.31689515224322,20.89789936263158,8.89161238652745,1.2255940513739016,8.4691690207942,32.1868919590669,1.7045120195710102,8.900173231182556,1.2398832678782008,349.0647086846357,Very Poor
178.93779149577665,100.54988367860284,6.7222579526760695,19.417599005783018,21.57040998058197,18.787887215980486,1.0605220477478503,5.727870199055356,21.970932028329823,1.5111145527083374,8.005885566767269,1.8378039960740025,364.40066202981353,Very Poor
135.93205660324665,93.37377657542838,7.495020180381558,9.048801173832787,15.723047244009713,9.06966091447794,0.9981973427263275,7.923561026652803,34.49463091626781,1.5957509844745064,7.851201280624353,0.30154527506069884,317.95708660145675,Very Poor
193.374368816249,102.11751494153164,9.856876952754284,13.460182671366464,22.24994001688136,9.275135588271553,1.2765686541373582,8.489801598103217,31.154049412597814,1.7239309158618508,9.129558943618111,1.505679410859082,357.6818439136963,Very Poor
136.73704454087596,93.43124092911275,7.79062071162233,8.380656315739973,15.71525546723895,8.084488139024758,1.017189798605059,8.202117046207533,35.4832125940582,1.6162043984977559,7.952007392596082,0.2528466702434383,316.78832008584254,Very Poor
135.837748621392,93.36704436619738,7.460389239676312,9.127077369298352,15.723960085939341,9.185078365955224,0.9959722905228603,7.890926927668618,34.37881409644631,1.593354774409234,7.839391388159797,0.30725053712087114,318.0940128909009,Very Poor
160.99803660544586,97.12637550181284,8.779360087967744,10.26829309077237,18.475242572314674,8.2043955591126,1.1342551059580037,8.432198495268716,34.037592972136636,1.6697162308411442,8.489147976811017,0.7636159096381626,333.6240774357578,Very Poor
168.08901058541937,99.00987561040348,5.826904424653188,19.833817402593652,20.507601144074812,20.44017745634271,0.9821181171858467,5.157747790400787,20.829719261260657,1.4549734666269027,7.622577461797473,1.7226179746310588,359.8512981576973,Very Poor
153.0947974802429,95.90801116571406,8.516332349420956,9.489135450171513,17.55381835614763,7.943022083072397,1.0995155933197491,8.418137263962755,34.74148166868794,1.6564821307884756,8.33282016993887,0.5824741651672627,327.75144553738613,Very Poor
229.03282371956163,107.66098256047668,10.856617767718996,17.49568038906036,26.47800682049239,11.158317265409377,1.422557880200258,8.360451746147556,27.240564700692644,1.770350087056975,9.775838525423485,2.3696837993065523,385.40767946841004,Very Poor
132.1313484811755,93.10246165806335,6.099357851224163,12.203411907941431,15.759835707381242,13.721102252015681,0.9085254632582246,6.608373461120628,29.827094626005024,1.4991812681242418,7.375250535755192,0.5314731711327574,323.4753561071862,Very Poor
145.3520410982345,95.78231329294175,3.950414705198689,20.706131542448176,18.28015713114396,23.903061727811718,0.817798476887669,3.9628802825535434,18.437955608031626,1.337312489623269,6.819236998117493,1.4812101080201558,350.3167017453339,Very Poor
125.33851596356428,92.61755286370271,3.604954137860568,17.841503991524384,15.825586052379293,22.03441149770687,0.7482589973254731,4.2577986274402715,21.485019604377186,1.3265866125043555,6.524605447342895,0.9424128273705819,333.337907856894,Very Poor
133.64179305123946,93.21028528738431,6.654009910527741,10.949733777192652,15.745215554252976,11.872566640860594,0.9441620865083722,7.131043935456125,31.68202655415373,1.5375591700859392,7.564398766852129,0.44009721408109703,321.28233313794635,Very Poor
124.26561336516048,92.54096332552265,3.2109723609512435,18.732019638838374,15.835971074505403,23.34746773277699,0.7229455058930783,3.8865340864318143,20.167419922126893,1.299325929423315,6.390249223586339,1.0073192156587738,334.8956611758106,Very Poor
183.60515464602906,100.61149165814766,9.531747689946336,12.497063911727825,21.11096517798811,8.952051163594472,1.2336270533891387,8.472420473990843,32.024128037281976,1.7075722108149098,8.936321740251124,1.2817696355290806,350.4226685491163,Very Poor
230.0886706617233,107.81086233251266,10.943757170065496,17.45517234256415,26.581443646196664,10.99750974129535,1.4301884657030324,8.415938349371434,27.351632111899697,1.7758139630959988,9.813143610103715,2.38089416566248,385.85044183708953,Very Poor
181.38651422305318,100.89748520064933,6.924351860842629,19.323652648473157,21.810300911573197,18.414942025450415,1.0782189197062193,5.856554860579793,22.228519831279417,1.5237863869501325,8.092403607452628,1.8638031042597545,365.4275175632004,Very Poor
183.21278574519658,101.15672841904066,7.075074662232943,19.253586913772793,21.98921295041273,18.13679735304688,1.0914173488009387,5.952528622762382,22.420630299213663,1.5332371139562277,8.15692926080459,1.8831933889791572,366.19335233783227,Very Poor
217.20963656519348,105.98265540464158,9.880846165489288,17.949282323069845,25.31973955644026,12.95901145460517,1.3371119344914946,7.739122585376424,25.996851490931753,1.7091665703766257,9.358102790847306,2.2441521012899734,380.4497048408645,Very Poor
172.85938590191554,99.6870407717655,6.220605099863658,19.650799791414734,20.974934486108427,19.71364010219755,1.0165935276637366,5.408439355480751,21.331528013772164,1.479659563018478,7.791123913022712,1.7732670344689463,361.85172321011805,Very Poor
134.23082873544632,93.25233381172575,6.870310370487544,10.460830595866705,15.739514059427018,11.151683888803458,0.9580594801466461,7.334872375484144,32.40540371019722,1.5525255940040803,7.638161856162967,0.40446287141885606,320.42710891405255,Very Poor
204.20361063071311,103.78695221967979,10.217285000582603,14.527806511159788,23.51250154292145,9.633276918817932,1.3241697170580795,8.5090686949997,30.18956120913272,1.7420646541173637,9.343763726761358,1.7538849532314154,365.7286902645801,Very Poor
125.87325739122014,92.65572557299697,3.8013171424504684,17.397665371594655,15.820410091797022,21.379975981586,0.7608754012447583,4.442839218256454,22.1417196032528,1.3401735090328164,6.591569437376025,0.9100630737313891,332.56151376955336,Very Poor
175.24374593197348,99.32249584069042,9.253471607155161,11.672736647610572,20.13612380619764,8.675525244846009,1.1968736084921912,8.457544079627793,32.76882283745584,1.6935708984732156,8.77093123821486,1.0901266728521393,344.20958619748944,Very Poor
127.80482060521646,92.79361090829737,4.510608655394069,15.794456218779796,15.80171377514612,19.01606044503756,0.8064476730813323,5.111232538526207,24.513814778336013,1.3892513402414346,6.833453034047071,0.7932110946632506,329.757066271918,Very Poor
213.69917220919643,105.25078918515399,10.533306830196176,15.463946647939618,24.619571725907363,9.947311189754691,1.365908449271193,8.525962943752626,29.343854992147968,1.7579651235318832,9.531588021720369,1.97152262834265,372.78452356727314,Very Poor
126.52536709428547,92.70227665887822,4.0407790842294515,16.85641037304315,15.814098080152107,20.58190100923199,0.7762609296292399,4.668493634562185,22.942556080701458,1.3567425396007198,6.67323108803212,0.870613000950667,331.614712022816,Very Poor
180.35057666829022,100.75043160949765,6.838855586917241,19.363396862297932,21.708814523713656,18.572717311494344,1.0707322189624828,5.802114530480276,22.11954674267614,1.518425539504,8.055801959372138,1.8528041241547588,364.99310406325515,Very Poor
173.11354443727197,98.994103710738,9.182576361177654,11.462726201979088,19.88776750425128,8.605075880918674,1.187510085438558,8.453754082201321,32.958545649804456,1.6900038420718315,8.72879538447351,1.0413025883581957,342.6267049193753,Very Poor
173.37171427790818,99.03390320579369,9.191168512859738,11.488178424886396,19.917867054483487,8.613613993910935,1.1886448979248712,8.45421341106483,32.93555218728416,1.690436151590427,8.73390204066192,1.0472198248939708,342.81854226825203,Very Poor
123.45158363627773,92.48285352031505,2.912051583315539,19.407669238370808,15.843850370126773,24.343706172903893,0.7037397228159902,3.6048492679678557,19.167734290165644,1.27864277841722,6.288310836484871,1.0565648132923329,336.07755551901596,Very Poor
130.46060807798926,92.98319525299621,5.4858433777008315,13.590136549908499,15.776007423322548,15.765813586344677,0.869106905651289,6.030234616218905,27.775308165951706,1.456730513778311,7.1660289607645336,0.6325463957659256,325.9011134983822,Very Poor
125.61055854752266,92.63697272148075,3.704851202871297,17.615707001088268,15.822952851324644,21.701476139359745,0.754677424896179,4.3519355651439575,21.819106988185723,1.333498765272808,6.558672485987411,0.9259553207790284,332.9429276986967,Very Poor
205.5083565399181,103.98809201290418,10.260708255331654,14.656437662020183,23.664619485658687,9.676427071335857,1.329904863911728,8.51139006396427,30.073356209788564,1.7442494719663726,9.369571887602776,1.7837896475397237,366.6982031850778,Very Poor
128.5579830207067,92.84737567842916,4.78717827802115,15.16932685758646,15.794423636823165,18.094313580829017,0.8242173852435335,5.371854983571826,25.438751078060847,1.4083879533391899,6.927769198600293,0.7476477301447858,328.66354552347485,Very Poor
128.4454441175177,92.83934204831645,4.7458527400685115,15.262734828049426,15.79551294260116,18.232042680134104,0.8215622024096737,5.332912302008548,25.300545407477887,1.4055285256719563,6.913676305097499,0.7544558912572469,328.82694139017394,Very Poor
178.90966274471936,100.54589074115351,6.71993647741483,19.41867817806662,21.567654326704307,18.79217127897609,1.0603187618060554,5.726391983997119,21.967973088510362,1.5109689899352001,8.00489172438516,1.8375053414187728,364.3888664257835,Very Poor
177.12490077611443,100.29253989425393,6.572639473403447,19.48715137993137,21.392808801942685,19.06399396637872,1.0474203214547884,5.632599621442844,21.780229123397476,1.5017330696836755,7.9418326826678545,1.8185557809027137,363.6404384054013,Very Poor
147.04886801809573,96.02318156823611,4.090454400137274,20.641032008584833,18.446388033892678,23.644631717800728,0.8300614123363451,4.052051504519842,18.616449446229023,1.3460933569815805,6.879189126977687,1.4992260255311738,351.02825478988666,Very Poor
221.28783579654618,106.56156466383878,10.217421316185332,17.792820361124658,25.719263356942157,12.337893852185555,1.3665850017416343,7.953439086738552,26.42584835868379,1.730270741987837,9.50219334184799,2.2874520395957347,382.1598704714282,Very Poor
195.35461610832118,102.88028767205023,8.07714399537804,18.787760088635075,23.178696331810904,16.28757318906993,1.1791661228385095,6.59060304138126,23.697862454649414,1.5960695694399203,8.585923267210491,2.0121082545405264,371.28494786840736,Very Poor
224.36758298486012,106.99874148188013,10.471593884814025,17.674664464356724,26.020973065433296,11.868842420132388,1.3888422753188496,8.115285187195093,26.749815340752146,1.7462080489937444,9.6110066793366,2.320150997073372,383.45134190121723,Very Poor
160.85732360758107,97.10468316839005,8.774677018023107,10.254420600559012,18.4588371008734,8.199741942438056,1.1336365872860705,8.431948142472933,34.050125338560804,1.6694806046804078,8.486364642787319,0.7603907765630828,333.519518326931,Very Poor
132.77885034147346,93.14868381143005,6.337127741847782,11.665981446762508,15.753568296755248,12.928666520991657,0.9238022766590832,6.832433390999888,30.62227234917792,1.515633221017474,7.45633516072898,0.4923018547202994,322.5352445132872,Very Poor
132.24599966749946,93.92188217978156,2.8687687091753205,21.2089507622212,16.996214100188652,25.899137095608353,0.7230813680467038,3.274134886166772,17.059295468235355,1.269490362305047,6.356175577117218,1.3420578123155278,344.82077073851246,Very Poor
128.57565794612188,92.84863740934203,4.793668707378087,15.15465656256551,15.794252554665487,18.072682380517513,0.8246343980028754,5.37797117070884,25.460457126816337,1.4088370440030966,6.929982574015262,0.7465784666592937,328.637883199823,Very Poor
124.04360627733442,92.52511526964638,3.1294488870792456,18.91628686478958,15.838119963437778,23.619167877164223,0.7177075891204128,3.8097113070993878,19.894779638831743,1.293685095975829,6.3624479730237296,1.0207497714861211,335.21799451566693,Very Poor
230.46863530383695,107.86479914064995,10.975115779447641,17.440594826851367,26.618667163063257,10.93964039403554,1.4329344628489284,8.435906155778012,27.39160162591218,1.7777802326572574,9.826568485039207,2.384928408382994,386.0097774739502,Very Poor
152.58817447892469,95.82991010020471,8.499471426928107,9.439188943919106,17.494752105653806,7.926267204117237,1.0972886790282403,8.417235893892384,34.78660319397542,1.6556337824869487,8.322799055627081,0.5708623977901106,327.37499097858347,Very Poor
135.65733937790844,94.40612927821667,3.150307719893407,21.07807316804955,17.330408515073472,25.379583483396708,0.747735054390666,3.4534067535321267,17.418143569464135,1.2871436191933163,6.476704710354367,1.378277425586287,346.2512932794584,Very Poor
127.49398370838088,92.77142170453052,4.396465886864608,16.052452723594328,15.804722480741624,19.39647365876919,0.7991139531922895,5.003671313486912,24.132085255906347,1.3813534880532348,6.7945279054052286,0.8120155046351553,330.2083721112437,Very Poor
189.99709397702992,101.59687382817008,9.7444778529247,13.127226847342982,21.856189711189046,9.163443401019514,1.2617234900089227,8.483792841194088,31.454840714343018,1.7182756152414944,9.062755705040152,1.4282724836179541,355.17230426341314,Very Poor
124.94677796363582,92.5895885055711,3.461103583742857,18.166648901325864,15.82937782975307,22.513834349403954,0.7390165399768887,4.122242586327701,21.003937850079076,1.3166331968981877,6.47554932756964,0.9661114359566957,333.9066744629607,Very Poor
214.0913933242906,105.31125404151544,10.54636034297482,15.502614600887675,24.665300069414936,9.96028260496869,1.3676324981287498,8.526660773052113,29.308922478391285,1.7586219040490476,9.539346241579373,1.9805123116713386,373.07596992176485,Very Poor
185.58127784858152,100.91613105923187,9.597515055557187,12.691884221178839,21.341357773241217,9.017404897975066,1.2423133092245342,8.475936339448026,31.84812794880765,1.7108812606569654,8.975409891510404,1.327062255242214,351.8910594165284,Very Poor
175.97306998962483,99.43492852901281,9.277744244552663,11.744638611222038,20.221154366137316,8.699645224146671,1.2000794285258234,8.458841673450928,32.70386681725058,1.6947921632479326,8.785357428366204,1.1068427344560792,344.75152244127014,Very Poor
131.67184630533598,93.0696599298425,5.930623537410121,12.584801493695739,15.764283399343391,14.283457304479942,0.8976842141004855,6.449368473473788,29.262793708307324,1.4875060767235997,7.317708520994884,0.5592712458961909,324.14250990150856,Very Poor
191.69032812230245,101.85790301665637,9.800830386487931,13.294157937332173,22.053600787885394,9.219441516132662,1.2691662774606702,8.486805398019795,31.30403566383261,1.7211109628421601,9.096248248573016,1.4670813039020656,356.4304897612085,Very Poor
122.6102782240518,92.42279663063407,2.6031148711430374,20.10595782008526,15.85199367720216,25.37332556124816,0.6838904118197339,3.313726040022763,18.13455220497589,1.2572665973443287,6.182956801197049,1.107460482513503,337.2990515803241,Very Poor
129.95260779646904,92.94693147004438,5.299300019635032,14.011779856772216,15.780924546434662,16.387522339832504,0.8571214180655128,5.854447464960854,27.15144817110233,1.4438230656090136,7.102413680501567,0.6632784152166339,326.6386819651992,Very Poor
132.66504048201267,93.1405594536464,6.2953354946047755,11.760444318619848,15.754669904590319,13.067951061638452,0.9211171075610975,6.793050910896098,30.482505855103284,1.5127415004504128,7.442083109362748,0.49918690368949337,322.7004856885478,Very Poor
214.22784513104784,105.33228946918194,10.550901596198138,15.516066992511467,24.68120873636706,9.96479529685098,1.3682322862903202,8.526903544450844,29.29676962778423,1.758850394777265,9.54204528830644,1.983639778513812,373.1773626824113,Very Poor
231.75303511584258,108.03397495820367,11.134157526618308,17.243825126020273,26.724438630983634,10.544382950979198,1.445266088421286,8.558083892932427,27.735918065559183,1.7881966051128708,9.888697397895786,2.38531603248242,386.19974351883644,Very Poor
165.22363516400412,98.60312933136426,5.590424029862938,19.943748829361013,20.226892524096765,20.87657965516104,0.9614101042366465,5.00716730117759,20.52830262833341,1.4401455067373519,7.5213382873791605,1.6921950914093942,358.64972209768194,Very Poor
155.7354682666249,96.31509730578111,8.604216526298977,9.749471596772441,17.861689340556794,8.030353529278228,1.1111229374357139,8.422835474676361,34.506294767671605,1.660903976165986,8.385053218460712,0.6429981737719368,329.7136394236564,Very Poor
124.93626437636965,92.88424934179196,2.2654938033674092,21.48939206978596,16.280110482267474,27.012423867731712,0.6702540519705515,2.8899955137117885,16.290364534238027,1.2316633952381726,6.097908698522696,1.2644473109196992,341.7554820279209,Very Poor
142.59165072109153,94.28884474224677,8.16677707266427,8.453660385062085,16.329275657069175,7.595665267175816,1.0533479152575451,8.399450346651864,35.676926764662596,1.638894443907636,8.125065618658953,0.3417427009857712,319.9469094840136,Very Poor
217.01754638899388,105.95538778594658,9.86499289880615,17.95665194974417,25.300921300420708,12.988267158635571,1.335723702490052,7.729027910699267,25.976645002910757,1.7081725277089261,9.351315878840254,2.242112599954521,380.36915310744746,Very Poor
130.5623351442387,92.99045707623725,5.523198688779722,13.505702469512721,15.775022769323764,15.64131639637335,0.8715069997733265,6.065435996675454,27.900236142047504,1.4593152305251207,7.178767921873809,0.626392308273522,325.7534153985645,Very Poor
168.2372503387547,98.24237360010316,9.020288394319623,10.981986375626052,19.31924928072975,8.443808593097486,1.1660758256648558,8.445078310388157,33.39284457998114,1.681838409777088,8.63234121549185,0.9295382338238911,339.00329433858275,Very Poor
122.18687049712928,92.39257151764141,2.4476348407486204,20.457388794881204,15.856091997607944,25.891506947554433,0.6739007558306362,3.1672110855159983,17.61457780349209,1.2465085062791468,6.129934780947223,1.1330749850496507,337.91379964119164,Very Poor
172.32384395725774,98.87236338556156,9.156294335783146,11.384871900338752,19.7956977674919,8.578959151281364,1.1840388745373966,8.452349068265137,33.028878994492274,1.6886814760142463,8.713174935418284,1.0232027029449966,342.0399049813218,Very Poor
162.51431420912198,97.36012504762289,8.829823330036714,10.417778543693657,18.652022608996536,8.254541422300633,1.140920062457679,8.43489621575668,33.902548258297976,1.6722552618886395,8.519140281059556,0.7983688971007552,334.7507724630838,Very Poor
134.7695574180676,93.29079115265093,7.068137539483983,10.013682530194357,15.7342995047253,10.492368628704948,0.9707699572320846,7.521292706070574,33.06700033797773,1.566213800096091,7.705625157616448,0.37187190453311647,319.6449257087948,Very Poor
219.06916620660365,106.24661968546631,10.034313770619946,17.87794062554965,25.50190975150346,12.675801506542435,1.350550719373206,7.836844119886647,26.192460470876668,1.718789403995629,9.423803516935674,2.263895501301377,381.2294861858527,Very Poor
149.0857685501157,95.28997876235692,8.382907838716566,9.093896805254731,17.086412994749228,7.810436720234072,1.0818934881323767,8.4110045071012,35.09853908569875,1.6497689478599529,8.253520696595695,0.49058747383310664,324.77247061285414,Very Poor
126.65244043345639,92.71134783493518,4.087441828861483,16.750938732787553,15.81286809017828,20.42638415191634,0.7792590301904412,4.712465776126471,23.09861105863066,1.3599712632820136,6.689144083318496,0.8629255636142532,331.4302135267421,Very Poor
204.54205321248457,103.83912657059025,10.22854870974046,14.561172593004759,23.551959945442995,9.64446978703769,1.325657376758174,8.509670842973547,30.159418389971286,1.7426313816221615,9.350458195411782,1.7616420359533356,365.9801755948342,Very Poor
135.80261477852122,93.36453632417756,7.447487701489645,9.15623867142703,15.724300159433552,9.228076408379653,0.9951433613807186,7.878769300250539,34.33566727186817,1.5924620814869275,7.834991687328428,0.30937599645969605,318.1450239150327,Very Poor
196.97593944818266,102.67273352246708,9.976740841917538,13.815251173227427,22.669840559421818,9.394245616496674,1.2923997338381654,8.496209416077352,30.833281583421932,1.7299618033669202,9.200798802271745,1.5882271835847197,360.3580502440708,Very Poor
200.73801734933326,103.25269592418293,10.101946574263524,14.186143625648555,23.108454351350836,9.518663891406522,1.3089363399970693,8.50290280428453,30.498218444345095,1.7362614628560264,9.27521352998681,1.6744537728418614,363.15352414236173,Very Poor
153.99099448256487,96.04616900814422,8.546158686075941,9.577488937998545,17.65830432795157,7.9726608327043955,1.1034549208024829,8.419731753658148,34.66166339040684,1.6579828269723744,8.350547143611173,0.6030149441843753,328.41737946899116,Very Poor
126.75136877758484,92.7184098703902,4.1237694180241995,16.668827608683358,15.811910526048786,20.30531213729332,0.7815930927560854,4.746698693755918,23.220102007560335,1.362484869121938,6.701532569243837,0.8569407878049095,331.28657890731785,Very Poor
136.71420932813666,93.42961082923178,7.782235367319388,8.39960968045766,15.715476497731286,8.112434681899304,1.0166510367799937,8.194215206106573,35.455169350343255,1.6156241934553777,7.949147810601504,0.2542281108205291,316.8214746596927,Very Poor
213.84975709583318,105.50571319945313,9.60355418572856,18.07818562176943,24.990586482086442,13.470727572931185,1.3128301503178523,7.562555043669321,25.643416632404296,1.691779613807845,9.239391845998389,2.2084788628126475,379.04076180856674,Very Poor
126.45602615488748,92.69732673095992,4.015316319429343,16.913963772228897,15.814769256818996,20.666762909051794,0.7746249365036975,4.644499068720896,22.857400541089895,1.3549807008501358,6.664547739904241,0.8748078551187244,331.71538852284937,Very Poor
207.48137336040622,104.60170726413332,9.077969339612398,18.32251155023424,24.366703064750716,14.44064468895312,1.2668059637930855,7.227885341655894,24.973509028543802,1.6588240234567775,9.014384711877307,2.140863082609595,376.370222590463,Very Poor
192.17209516584086,102.42852189586482,7.814489474340005,18.909858947063565,22.86691831656792,16.77227726194769,1.156166105320584,6.423356000417582,23.3630844218885,1.5796004210937515,8.473478737122857,1.978318105347525,369.95037895070055,Very Poor
217.25850367876683,105.98959219779782,9.884879184766174,17.947407514108697,25.324526859322447,12.9515688990315,1.3374650961795245,7.741690637651111,26.001991955501968,1.7094194515853385,9.359829359099898,2.244670943769919,380.4701969388119,Very Poor
133.65149102041175,93.21097758040447,6.657571112758581,10.941684404110752,15.745121684012954,11.860697922387793,0.9443908952184261,7.134399796536917,31.69393634085654,1.5378055794659973,7.565613213082415,0.43951052508095867,321.268252601943,Very Poor
123.60274251651066,92.69495301068599,2.1554377969104532,21.540553240355138,16.14947102811641,27.215521816944708,0.6606167151889154,2.819916607978656,16.150087743305324,1.2247625861846554,6.050792829812475,1.2502887544133447,341.1962785356531,Very Poor
208.1453634782425,104.69596210687757,9.132768666789286,18.29703726841147,24.43175134717258,14.339517714368313,1.271604607578305,7.262779183501502,25.043355954750883,1.6622600893770578,9.037844748160602,2.147912941997757,376.64866241503745,Very Poor
220.02621326284194,106.38247459860649,10.113299185236329,17.841223081457706,25.595667573394046,12.530041395461174,1.3574672800044785,7.887138616328863,26.29313485339852,1.7237420029661699,9.45761781335523,2.274056868154728,381.63081748174136,Very Poor
184.16224356585212,101.29150602366798,7.153433734690684,19.21716053414379,22.082227287232833,17.992193097170812,1.098279062172914,6.002424291603042,22.52050634940575,1.5381504395806052,8.19047541506758,1.893274177760207,366.5915011384283,Very Poor
120.99187832864413,92.30726657155476,2.0088204146926705,21.4492395239566,15.867658769958677,27.353980726650292,0.6457067482257235,2.7536989739772775,16.147043561492787,1.2161457288584714,5.98028966365961,1.2053673122417348,339.64881549380164,Very Poor
173.5470159379227,99.7846513523586,6.277355437417783,19.624418553416596,21.042298670578084,19.608912722516585,1.0215630166819896,5.444575516366567,21.403861687260072,1.4832179625624122,7.815419192667505,1.7805678887056393,362.14007627660925,Very Poor
141.16056811912304,95.1873245786514,3.604491034099645,20.86693930306719,17.869536384260982,24.541431140315574,0.7875067824454824,3.7426110476591257,17.997043166706465,1.3156221405165183,6.67114426973347,1.4367074951976841,348.5590355246144,Very Poor
175.0839593902108,100.00282382136201,6.404199896140702,19.56545302125351,21.1928664713108,19.37483327274359,1.0326704773917803,5.5253445825155385,21.56553694870258,1.4911714529472007,7.869722333915371,1.7968862569089121,362.7845832560663,Very Poor
129.22092505172816,92.89470003394067,5.030617971203265,14.619080961300035,15.788006775058893,17.282981621508725,0.8398584857939495,5.601257791644592,26.252890414403005,1.425232215470407,7.010787347675578,0.7075423441180784,327.7010162588339,Very Poor
133.01008518809985,93.16519059418982,6.422039751468,11.474055125182709,15.751330088923414,12.645673118254097,0.9292579082491796,6.912449320987967,30.906244967841907,1.5215085165760394,7.485291974553338,0.4783130557713344,322.199513338512,Very Poor
132.30192195274975,93.11463810672987,6.16199432868669,12.06183489463239,15.758184663494255,13.512348390554905,0.9125498827327527,6.6673982800803735,30.036570819166357,1.5035152583275797,7.3966109160430715,0.5211541468390956,323.2276995241383,Very Poor
130.6258477793419,92.99499094855557,5.546521235366328,13.452986598150574,15.774408006975516,15.563587381966915,0.8730054829971776,6.087413750625272,27.978234114981294,1.460928981689268,7.1867214097542504,0.6225500435969805,325.6612010463275,Very Poor
208.3939701120628,104.73125235976909,9.1532862556797,18.287499362224573,24.45610627971493,14.301654444924056,1.2734012829297898,7.275843896859831,25.06950756264472,1.6635465976534298,9.046628494323418,2.150552502082037,376.7529139477779,Very Poor
171.19507426964057,98.69835210875777,9.118727746493533,11.273589739612916,19.664096571049672,8.54162882984892,1.1790772495368818,8.450340791479215,33.12941096771699,1.6867913331569073,8.690847622915967,0.9973313725851687,341.2011540883776,Very Poor
168.01457698473183,98.99930959874271,5.820761394617857,19.836673081420887,20.500309201395034,20.451513837175476,0.9815801869881582,5.15383617451883,20.82188938838319,1.4545882820409035,7.619947580830996,1.7218276821184055,359.8200849240042,Very Poor
135.57551774292702,94.39451451900402,3.143554952909306,21.081212292161077,17.322392798156127,25.39204507609061,0.7471437310115177,3.449106883528196,17.409536529167646,1.2867202024526916,6.473813796056309,1.3774086912391432,346.2169819228905,Very Poor
122.39353986056254,92.40732468454107,2.5235261314951387,20.285851972963208,15.854091568197822,25.63857765401208,0.6787768025178096,3.238726436927874,17.868382284901372,1.251759633480718,6.155815336440682,1.1205723012363857,337.61373522967324,Very Poor
198.22214580089008,103.2873397545696,8.313802182889303,18.677746012278487,23.459615996554007,15.850842890603198,1.19988970466382,6.741296741320864,23.999505701217828,1.6109086774135997,8.687238556134231,2.042554010555489,372.4874273076538,Very Poor
132.0430291470438,93.09615695060567,6.066926008624073,12.276717489567995,15.760690582968722,13.829190584107911,0.9064417040137378,6.577811658868153,29.71863228584327,1.496937219707102,7.364190582842147,0.5368161435545186,323.60358744530845,Very Poor
154.23211065663958,96.08333950782104,8.554183274600877,9.601259888912033,17.68641562234395,7.980634952119111,1.104514772117097,8.420160741095016,34.640188784008345,1.6583865798541322,8.355316474526935,0.6085413117534344,328.59654481027115,Very Poor
187.889173395493,101.27191652658935,9.674324138123158,12.919413012930864,21.610431100217603,9.093730904550057,1.252457905035134,8.480042485371364,31.642579114645258,1.714745868584813,9.021060572658103,1.3799590762546274,353.6059791845108,Very Poor
212.1013003353474,105.2575159558831,9.459253462722728,18.145265957869434,24.81929762385898,13.737020907170056,1.3001940870059903,7.470670583290473,25.45949171086497,1.6827315684734252,9.17761553647373,2.189914769798924,378.3075581349155,Very Poor
128.98344015553693,92.87774708914299,4.943410873811805,14.816194861829,15.790305479438238,17.573624056472354,0.8342553938692923,5.519079110082953,25.961242296273415,1.4191981164746224,6.981047859767782,0.7219092464889942,328.04582191573587,Very Poor
143.6986094619461,94.45949364075841,8.203617771731958,8.562792267205989,16.45833395506101,7.632274263733644,1.0582136679645981,8.401419817985671,35.578337346717305,1.6407480639865135,8.146961505840691,0.3671141258154051,320.76945339401544,Very Poor
194.10854518895434,102.23069566335215,9.88131108007195,13.532563010779173,22.335536299371547,9.299416041832504,1.2797958030283707,8.491107825035293,31.08866122911563,1.7251603059155698,9.144081113627669,1.5225066872193618,358.2273857500341,Very Poor
184.81277061977855,100.79765788832378,9.571938362856052,12.61611930129057,21.251758918935984,8.991989064976455,1.238935255471554,8.474569031976582,31.91657375223113,1.7095943830367824,8.960208649621993,1.3094481178159603,351.32000747257223,Very Poor
132.65494867438184,93.13983904632612,6.291629670508035,11.7688205800049,15.754767586938833,13.080301773578658,0.9208790068365954,6.789558766936732,30.470112407135602,1.5124850842855642,7.440819343978852,0.4997974183677042,322.7151380408249,Very Poor
220.8846559271782,106.5043324036528,10.184146746309763,17.808288539553303,25.679765543187155,12.399298923296472,1.3636712285957737,7.9322512795421085,26.38343677178293,1.7281843365253688,9.487948228690449,2.2831713111468774,381.99079968395233,Very Poor
217.13672218693688,105.97230504991226,9.874828517390847,17.952079716239933,25.31259644550827,12.970116454933864,1.3365849836850363,7.735290807289956,25.989181429193305,1.7087892475769395,9.355526586904622,2.243377938994066,380.4191286829589,Very Poor
162.4749873417376,97.3540624128079,8.82851449237808,10.413901420818087,18.647437561349626,8.253240816325388,1.1407471971065388,8.434826246447885,33.906050839579414,1.6721894084215385,8.518362386979424,0.79746752776981,334.72154998705776,Very Poor
132.87478155757933,93.15553189582236,6.372354752238746,11.586357957048504,15.752639742939342,12.811262497892947,0.926065626585356,6.865629189918554,30.74008261457109,1.5180706747842294,7.468348325722274,0.4864983933708822,322.39596144090115,Very Poor
207.2402364717634,104.255078840702,10.318346959499818,14.82717872908437,23.866536204033956,9.733703267930636,1.3375175229528062,8.51447137833804,29.91910923731338,1.74714953255345,9.403828853287628,1.8234842268253466,367.9851050705934,Very Poor
148.85189243574388,96.27912480953502,4.23925861019478,20.57185815958513,18.623022652966345,23.370027624213524,0.8430918350548942,4.146803590707811,18.806114488021237,1.3554237831257268,6.942893415823927,1.5183694860683015,351.78434104639507,Very Poor
191.70763094110274,102.362590188017,7.77615708605639,18.927678327562976,22.821416735664776,16.843016058488367,1.1528094313195325,6.398947593175366,23.314226166984305,1.5771968767473197,8.457068330895492,1.9733866953953627,369.7556089778,Very Poor
177.43178687650254,100.3361030443001,6.5979668862209895,19.475377555594566,21.42287312548178,19.017254621860292,1.049638181388,5.6487270226855815,21.81251130686978,1.5033211669198026,7.952675553452446,1.821814118335457,363.76912904350127,Very Poor
127.8034439286945,92.7935126337483,4.510103124451038,15.795598868621376,15.801727100508703,19.01774527056927,0.8064151925100338,5.110756156813828,24.512124122958166,1.3892163611646517,6.833280637168641,0.7932943781794006,329.7590650763056,Very Poor
134.60390810133723,93.27896621655039,7.007309266492256,10.151172465193781,15.735902885891473,10.695096134903078,0.9668617156395354,7.463971829379853,32.8635713525194,1.5620049245348842,7.684881413779072,0.38189303682170417,319.8854328837209,Very Poor
166.07307869361466,98.72370968964498,5.660528889328475,19.911159543339195,20.310108887008287,20.747207768558155,0.9675490162547097,5.051807044123754,20.617657903262995,1.444541270898434,7.551350746134137,1.701213986843339,359.0059305728041,Very Poor
146.4262528586366,95.93479999090746,4.039069762155498,20.664918921376362,18.38539307983431,23.739457206487096,0.8255617845779409,4.019331989091447,18.55095486441225,1.3428714013027232,6.857190946825489,1.4926154612935183,350.7671652779793,Very Poor
192.50445450993183,101.98340884281838,9.827925330628814,13.374420319032525,22.148518296605346,9.246366051819829,1.2727448549887113,8.488253869876385,31.23152686677635,1.72247423047189,9.112351847449201,1.4857410295839948,357.0354397719012,Very Poor
193.16809611501517,102.56990639891052,7.896689766808443,18.871646919213372,22.96449228535748,16.62058439790053,1.163364184985388,6.475697592054241,23.46785647034287,1.5847546015944753,8.508669348817453,1.9888930618921132,370.3680453016213,Very Poor
228.19293403326577,107.54175839105335,10.78730139014729,17.527903137553153,26.395726406899165,11.286234083263324,1.4164880136237086,8.31631407437487,27.15221442052287,1.766003762841668,9.746163622160353,2.3607663410027326,385.05547733372134,Very Poor
141.4142927896982,95.22334134800231,3.6254310162804098,20.85720504108046,17.894392709055015,24.502788384010096,0.7893404457499602,3.7559447227990934,18.023733154804976,1.3169351339937987,6.680108845888695,1.4394013956079663,348.6654332719113,Very Poor
222.7050334584617,106.76273895721026,10.334383114657127,17.738448930483717,25.858100172857867,12.122051917059766,1.3768270619321377,8.02791530219789,26.574927234790003,1.7376045628649874,9.552265636112672,2.302499016912647,382.7541628528524,Very Poor
133.49439734910146,93.19976339213187,6.599884568000355,11.072073101653235,15.746642251914324,12.052954726417271,0.9406845109588367,7.080039494062937,31.50101428837021,1.5338140887249008,7.54594086585844,0.44901407446452146,321.4963377871485,Very Poor
143.80125934658346,94.47531815986576,8.207034063026011,8.572912224435543,16.47030171764458,7.635669068918929,1.0586648762487185,8.401602449910197,35.569195007436676,1.6409199528566545,8.148991943119233,0.3694668547254606,320.84572908014053,Very Poor
214.56981327799554,105.6079267420852,9.662980664003022,18.050560339976975,25.061127317919265,13.361061628699288,1.3180339824694538,7.600395255240843,25.719161300388716,1.695505814607757,9.264832803183996,2.216123998936605,379.34271256304237,Very Poor
183.82936413628016,101.24425306395626,7.125961083695497,19.229931604336148,22.049616507997467,18.042891275818146,1.0958733489506327,5.984930895455836,22.4854898569481,1.5364278301127987,8.178714150425316,1.8897398583348801,366.4519103712096,Very Poor
130.21922704912228,93.63417739428566,2.701498485049795,21.28670881235523,16.797659823334783,26.207818471372974,0.7084339213935497,3.167624440750626,16.846093744728336,1.2590020671706899,6.284565837924021,1.3205387240226223,343.97085716728003,Very Poor
125.3530618056549,92.61859122387615,3.6102955329900333,17.829430854592545,15.825445257779505,22.016609780496147,0.7486021841624568,4.2628320343827,21.502882919225314,1.3269561983287996,6.526426977477655,0.9415328611219056,333.31678866692573,Very Poor
195.60416593261036,102.46126074502722,9.931086841085305,13.680011963214962,22.509907990468648,9.348878747745147,1.2863699601433423,8.493768793391354,30.95545628376228,1.7276647467212731,9.17366482064504,1.556786220747427,359.338731357565,Very Poor
142.1237355411305,94.2167108793391,8.151204385356305,8.407529971715848,16.27472228077649,7.58019052129746,1.0512911452357385,8.39861784450018,35.718600842961585,1.6381109124707574,8.115810153560822,0.3310181144434936,319.59921740889865,Very Poor
127.30661413655045,92.75804626020143,4.32766169442597,16.207970601725815,15.806536100311671,19.62578318315694,0.7946932554903012,4.938834413857751,23.9019822729567,1.3765927366818627,6.771064202217753,0.8233506269479457,330.4804150467507,Very Poor
141.66699321363808,94.1462994247712,8.136003541803968,8.362501057796656,16.22147152694849,7.56508528053476,1.049283486653354,8.397805220788262,35.75927982995228,1.6373460901536587,8.106775689940093,0.3205496089782036,319.2598275056861,Very Poor
150.1793720575963,95.45856881641438,8.419304062199439,9.20171203330777,17.213914230472245,7.846604036651014,1.086700536516907,8.412950217161606,35.00113912914553,1.651600204387393,8.275152414326081,0.5156527975524432,325.5850906969057,Very Poor
183.50278470164204,100.59571029466444,9.528340715345072,12.486971553003329,21.09903005312708,8.948665616506425,1.2331770756116134,8.472238340128511,32.03324544415517,1.707400790709186,8.93429684025226,1.2794233228319838,350.3466008772013,Very Poor
163.07001729957423,97.44579230583703,8.84831768720718,10.472563714934477,18.716811017449054,8.272919462759337,1.143362713404722,8.435884907806674,33.85305549744242,1.6731857955827512,8.530132210321248,0.8111055770389067,335.16369678984586,Very Poor
181.24802247532213,100.24811586668231,9.453299963071945,12.264681022684819,20.836151442962727,8.87409681865011,1.2232660328585587,8.468226727585607,32.234062048508726,1.703625155374689,8.889697147863515,1.2277443141910565,348.6711626975183,Very Poor
152.76042603254092,95.85646442134303,8.505204131695239,9.456170729738727,17.514834599712252,7.931963854137408,1.0980458287144657,8.41754235924157,34.771261899142615,1.6559222204626534,8.326206229215094,0.5748103925825703,327.5029853303025,Very Poor
138.51135567245035,94.81126310446722,3.385850642132098,20.968577539333186,17.61000432979572,24.94491130149244,0.7683609751488648,3.603390300773844,17.71836530494459,1.301912797020175,6.5775425451722285,1.4085797042310484,347.44810596542794,Very Poor
151.95572999799407,95.73241237959657,8.478423039179708,9.37683805945687,17.421016558635834,7.905351196165999,1.094508703287886,8.416110665616525,34.84293079766688,1.6545747441096708,8.310289164795487,0.5563668100011199,326.9050426986664,Very Poor
228.55282968072842,107.54063088641685,11.027651474460663,16.928326065855174,26.351332523739558,10.438546748206193,1.4311992513438612,8.552390173162992,28.020938978723194,1.7828378100357567,9.825396631047376,2.311967524864419,383.821778203367,Very Poor
215.4943464498069,105.73916623854771,9.739282696830065,18.015090205797918,25.151699893102066,13.220253444876843,1.3247155658845786,7.648981090197739,25.816415458986647,1.700290158287723,9.297498322102385,2.225940152348949,379.7304093784879,Very Poor
126.9763129335405,92.73446758993211,4.206371416006706,16.482122598416474,15.809733208144799,20.030017504807958,0.7869003051470537,4.824537808823453,23.496349216628687,1.3682003286199038,6.7297016196266695,0.8433325509049907,330.9599812217198,Very Poor
182.59337484632033,100.45551555715645,9.498074641667175,12.397315447957482,20.993003618922117,8.918589895493168,1.2291796696541553,8.470620342479064,32.11424050295985,1.7058779693920592,8.916308513443699,1.2585797060538093,349.67084891772623,Very Poor
199.92413440317353,103.12722762698844,10.074859732099338,14.105905244143324,23.013565225027243,9.491747406740224,1.305358832541422,8.50145476555248,30.570705559696425,1.7348986028729227,9.2591147464364,1.6557996268231294,362.5487550248594,Very Poor
160.15062125992324,97.88300396364542,5.171746490491524,20.13837730712286,19.729910969253723,21.649209449438885,0.9247475305187172,4.740571549080549,19.99465849977244,1.413893293457847,7.342099038091507,1.6383327917497204,356.52238757330827,Very Poor
176.72242376047518,99.55044900043747,9.302683490929471,11.818515246715606,20.308520153759222,8.724427619917337,1.2033732912548358,8.460174903603148,32.63712688433654,1.6960469680970802,8.800179810646762,1.1240178758287875,345.30834209307943,Very Poor
199.75805560913787,103.50536549555125,8.440561334622815,18.618820136337504,23.610082535584706,15.61692086680957,1.210989695248052,6.822011487667933,24.161072230832758,1.6188568188195926,8.741505176768253,2.0588614041298543,373.1315008353808,Very Poor
165.77409858930525,98.68126881295366,5.63585396101957,19.922630050553064,20.280819080215664,20.792743014637402,0.9653882928027948,5.03609511680057,20.586207373018457,1.4429940862044703,7.540787209258108,1.698039590660896,358.88055526139675,Very Poor
129.6814645940585,92.92757581494186,5.199733217539935,14.236830355082718,15.78354904204178,16.719357003157683,0.8507242100231589,5.76062174700633,26.81846529094904,1.4369337646403249,7.0684592685844585,0.6796815127611311,327.03235630626716,Very Poor
122.00517927340985,92.37960142423616,2.380915800943606,20.608193609728783,15.85785065434086,26.113867108222543,0.6696140300441527,3.1043391073142383,17.39144823050333,1.2418920323552411,6.107182159465117,1.1440665896303779,338.1775981511291,Very Poor
135.99453886237484,93.37823689398682,7.517964361440731,8.99694052076329,15.722442455052635,8.993192910717301,0.9996715158092068,7.945182231868366,34.57136351519717,1.597338555486838,7.859025737756559,0.29776534407895705,317.866368257895,Very Poor
137.5035287742931,93.5044592239177,7.9974392621899755,7.952037059694831,15.736060811571171,7.427392474377459,1.0309825440628269,8.390397696406383,36.130091785774624,1.6303743025001245,8.02442144828272,0.2251232654704544,316.16609673443025,Very Poor
229.20974743025027,107.68609726637474,10.87121934091555,17.48889263070953,26.49533928251381,11.131371443305031,1.4238365044477401,8.369749396539738,27.25917578696155,1.7712656451601103,9.782089577300063,2.3715622719664333,385.48187124573303,Very Poor
121.33884798402379,92.3735882532639,1.9685978216650604,21.627408580198942,15.927686927771065,27.56031731720837,0.6442555930322917,2.700944991308887,15.911942520803358,1.2130472147638631,5.970805121491204,1.226252044084478,340.2469294722441,Very Poor
222.9793925683867,106.68142912121753,10.84216188767629,16.378856912550525,25.701535669406883,10.254223762596567,1.406700626674227,8.542474063177664,28.51732777857697,1.7735050006378008,9.715152820034023,2.184224696229899,379.6803440330241,Very Poor
156.00998208719878,97.29523121883773,4.830018150487051,20.297234805719533,19.324270193767333,22.279836775263355,0.8948232110156229,4.52297371960743,19.559093404782956,1.3924660029494582,7.195802364965267,1.594369902603199,354.78603817004233,Very Poor
155.68003943890847,96.30655239073911,8.602371799222698,9.74400702788611,17.85522699476128,8.028520404259034,1.1108792942369603,8.42273685719115,34.511231442960636,1.660811159709318,8.38395682406632,0.6417277485212931,329.67245212100994,Very Poor
124.9979680915577,92.89300831849289,2.2705862316819108,21.487024778785702,16.28615533230999,27.003026272993488,0.6706999835310647,2.8932381518493466,16.29685531584105,1.2319827042568117,6.100088808374094,1.2651024449407,341.7813570690865,Very Poor
133.80892412682937,93.22221599937438,6.715382301866566,10.811013973375735,15.743597830593304,11.668025705640753,0.9481052879288239,7.188877556289417,31.887275243474676,1.5418056946925796,7.585328066699142,0.4299864412081439,321.03967458899547,Very Poor
203.26303021018097,103.64195222392429,10.185981539177137,14.435077389637936,23.402840989444435,9.602170334528225,1.320035297627169,8.507395239515759,30.2733324218876,1.7404896371913026,9.32515883932226,1.7323269090559528,365.0297765036405,Very Poor
183.01972122863344,100.52124116899813,9.51226387762485,12.439347712964178,21.04271056501284,8.932689890973121,1.231053719686301,8.471378886539693,32.07626867968948,1.7065918932138289,8.924741738588354,1.2683515383642832,349.98765261363656,Very Poor
122.1832371520819,92.39231214999738,2.4463006360034543,20.460404493250838,15.85612716610205,25.895953564028023,0.6738150326262516,3.1659538118516903,17.610115800802326,1.246416188982117,6.12947978855472,1.1332947881378164,337.9190749153076,Very Poor
228.14178247988053,107.53449731669254,10.783079835286356,17.5298655900831,26.390715307183157,11.294024563422905,1.4161183423331836,8.31362597079315,27.14683364951634,1.7657390599422795,9.744356340295564,2.3602232436746773,385.03402727118475,Very Poor
205.750621755032,104.3560233058758,8.935129828997553,18.388912620033572,24.19714870512358,14.704241493947215,1.2542978552960018,7.136931318140064,24.791446560419587,1.6498676000884953,8.9532339592249,2.122486972595361,375.644443455447,Very Poor
131.31183333957534,93.04396027469443,5.79842276897897,12.883614433213927,15.767768098346519,14.724053934687884,0.8891902602803621,6.324790484111977,28.820672522285513,1.4783587418403898,7.272625227641922,0.5810506146657382,324.6652147519777,Very Poor
205.8227375679943,104.3662603025231,8.94108157123436,18.386145864182946,24.20421358401657,14.693258116651831,1.2548190348864683,7.140721130223826,24.79903261890304,1.650240790412533,8.955781948333845,2.1232526561912315,375.6746847403259,Very Poor
151.67249885506664,96.67951603126437,4.472044204223468,20.463644315874497,18.899345444580938,22.940443830692477,0.8634763032887578,4.295031390581213,19.102821747869697,1.3700200690215796,7.042550816078371,1.5483170381649651,352.9671435241625,Very Poor
161.4090845371943,98.06164556554927,5.275607886947246,20.090095793094793,19.853197253911436,21.45754306700654,0.9338424203705157,4.8067059950399225,20.12703967428195,1.4204056837220977,7.386562944033632,1.6516944200505108,357.05011574989413,Very Poor
136.9589345069752,93.44708062421239,7.872101177092528,8.196486301530562,15.713107711971203,7.81293133235884,1.0224249520701953,8.278899297029533,35.75570904365376,1.621842256075595,7.979793976372575,0.2394231998200118,316.46615679568026,Very Poor
146.51358770262783,94.89345103987135,8.29730307581744,8.840312884968645,16.786527127234685,7.725370352070161,1.0705871986928694,8.406428151851877,35.32762604553257,1.645461789978236,8.202642394117913,0.43163325032710564,322.8611693028422,Very Poor
171.04116697835505,98.67462574140418,9.113605557207421,11.25841646191632,19.646152801034802,8.536538855589765,1.1784007339707914,8.450066963750082,33.14311846168706,1.6865336129412538,8.687803302868561,0.9938038271334124,341.0867907426814,Very Poor
132.20818624538296,93.10794674951917,6.127573533543533,12.139636098810993,15.759091966166892,13.627065472226413,0.9103383324682006,6.63496220953361,29.92145679257557,1.5011335888119084,7.384872687715834,0.5268247885430752,323.3637949250338,Very Poor
227.90002067376028,107.4399937679172,11.005925334825303,16.863967501274953,26.27522271382197,10.416957250958477,1.4283297612033417,8.55122871286802,28.07908031466562,1.7817446709346065,9.812483925415037,2.297005183417425,383.3366977272316,Very Poor
168.81938626224377,98.33211574717792,9.039662462730876,11.039377483938631,19.387119444912564,8.463060812021876,1.1686346648889836,8.446114031026493,33.34099762332083,1.6828132056719938,8.643855992000425,0.9428807526354144,339.43586001694723,Very Poor
227.87993774145198,107.49732788603231,10.761469701181573,17.53991138215343,26.3650634939431,11.33390402171141,1.4142259954548189,8.29986557188751,27.119289489397918,1.764384046128142,9.735104866668003,2.357443129124981,384.9242244276253,Very Poor
176.62139802152308,99.53487485983291,9.29932125283562,11.80855540934325,20.296741747354968,8.721086527975018,1.2029292220726289,8.459995161315112,32.64612457181411,1.695877798884811,8.79818149932683,1.1217023722358512,345.2332732551349,Very Poor
120.76068665217676,92.29076287051232,1.9239242576353828,21.641130014043252,15.869896559930533,27.636921296216833,0.6402521351693244,2.673697982483424,15.863123958813553,1.2102715301823492,5.9513382558987225,1.2193534995658348,339.98448398958004,Very Poor
190.3873188563225,101.65703094456966,9.757464928970231,13.165697997138233,21.90168531721018,9.176348797341488,1.2634387642036153,8.48448711884432,31.4200859919696,1.7189290530299488,9.07047443891627,1.4372164133474234,355.46226728203976,Very Poor
173.78739003455587,99.81877297867402,6.297193592252333,19.615196492250266,21.06584709653304,19.572303284351637,1.02330019564588,5.457207595499054,21.42914729217892,1.4844618684871733,7.82391206760208,1.7831200405167866,362.24087554982265,Very Poor
132.10850922196263,93.10083126932341,6.090971021011084,12.22236863125666,15.760056777040894,13.749053747108036,0.9079866059628209,6.60047022078804,29.799046412936573,1.498600960267653,7.372390447033434,0.5328548565055875,323.5085165561341,Very Poor
221.31406759695332,106.42470241447538,10.786738199459043,16.214677307831508,25.507378472318788,10.199148651034772,1.399380516909685,8.5395111616063,28.665647145472814,1.7707163873941658,9.682212326093582,2.146055552457643,378.442896906161,Very Poor
150.8968669029558,96.56941338709875,4.408031039010895,20.49340178727061,18.823360087388068,23.05857407179287,0.8578708261187918,4.254270575110722,19.021230913506862,1.3660062705541967,7.015146261025205,1.540081830964645,352.64188744146077,Very Poor
123.93366192929648,92.51726685278705,3.0890760986587766,19.00754133878115,15.839184155554298,23.753721667896695,0.7151136208363958,3.7716664389338064,19.759760264048296,1.2908915916699648,6.348679987516255,1.0274009722143695,335.37762333314487,Very Poor
221.814802869822,106.50189582702751,10.803403172433637,16.264043359850582,25.565758283305254,10.215708812858582,1.4015815510761405,8.540402056387963,28.62105000081439,1.7715548766004345,9.692116979842632,2.1575323734684475,378.8149764914428,Very Poor
185.55884109740416,101.48975608368755,7.26869539749276,19.163579436841204,22.21904599615897,17.779488601599848,1.108372245618285,6.075817934187281,22.667418241777256,1.5453776573563027,8.23981986746717,1.90810243492069,367.1771549926659,Very Poor
213.27491261699177,105.18538527313751,10.51918704470993,15.4221201135747,24.570108074864347,9.933280207950748,1.3640435719428208,8.525208112453047,29.38164095896808,1.7572546940734557,9.523196073742694,1.9617986251304234,372.4692704950959,Very Poor
161.63908242711295,97.22519920618916,8.8006947369777,10.331491956707524,18.549980933940745,8.225596027940103,1.1370728897895075,8.433339026819564,33.98049930450308,1.6707896723007647,8.501828004052783,0.7783086396167176,334.1004170834643,Very Poor
121.65720962010623,92.35476148528285,2.253137470904103,20.897010527050362,15.861218781656563,26.53972470570181,0.6614042197121253,2.9839285557778368,16.96411707732344,1.2330506981515195,6.0636070123182035,1.165117385353525,338.6828172484846,Very Poor
181.81749578114764,100.95866397107476,6.959920913415556,19.307117845655473,21.852522338303007,18.349302703567183,1.0813336151207136,5.879203695137041,22.27385595342372,1.5260166626790295,8.107631007256822,1.8683790148069743,365.6082468033007,Very Poor
174.2755327139434,99.88806589470771,6.337480171341687,19.596468677106028,21.113668354738564,19.497958213534854,1.0268279933823532,5.482860346940815,21.48049634812092,1.486987945878722,7.841159078758171,1.788302854475309,362.44557492465503,Very Poor
160.58921139785787,97.94526278854318,5.207943481711145,20.121550597691034,19.772877776128475,21.582411326182786,0.927917212993084,4.763620227813908,20.040794989121558,1.416162942637023,7.357595263521745,1.6429894857552716,356.70630742058637,Very Poor
199.40349033485046,103.04696507202875,10.057532174409467,14.054576441175211,22.952864283937565,9.4745288274006,1.3030702871861557,8.500528449575349,30.617075847728128,1.7340267760709165,9.2488162923377,1.6438664974706696,362.1618818814692,Very Poor
197.98317781435443,102.82800951549389,10.010262746725768,13.91455191011218,22.787272641045615,9.427556691714914,1.2968271552279316,8.498001467592259,30.743573592881674,1.731648440086831,9.220722198525692,1.6113130236885005,361.1064952885313,Very Poor
190.85270588703577,101.72877506767176,9.772953476931175,13.211579167513102,21.95594394119915,9.191739933051105,1.2654844214814758,8.485315122980598,31.378637079030096,1.7197083510405622,9.079679896666642,1.4478830548676955,355.8080807742495,Very Poor
174.66741594124522,99.94369457195943,6.3698224255578,19.58143389947043,21.15205948460807,19.438273642781443,1.02966012591371,5.50345449584167,21.521719610521778,1.48901589262957,7.855005060022583,1.792463641774463,362.60990854067205,Very Poor
219.94061579912935,106.37032385228541,10.106234797840349,17.84450706694989,25.587281954625627,12.54307805414759,1.3568486687838577,7.8826403199221255,26.284130623409485,1.7232990467835032,9.454593491832194,2.2731480442627046,381.5949227565942,Very Poor
182.1631665767353,100.38919459628792,9.483756878221017,12.35490245057924,20.942846422447214,8.904362180873715,1.227288644293342,8.469854927452067,32.152556278723,1.705157578778416,8.907798899320039,1.248719359529569,349.3511755829221,Very Poor
179.42062305503686,99.96640374255043,9.392482274359153,12.084522963667684,20.623098281874523,8.81366163112419,1.2152335079342278,8.464975467497188,32.396816303523146,1.7005651458797058,8.853550785704025,1.185860434228474,347.3132834841195,Very Poor
127.436144483241,92.76729283062458,4.375226679568835,16.10045963036501,15.805282328050904,19.46725935293616,0.7977493253759218,4.983656772180186,24.06105462854157,1.3798838888663774,6.7872848808414314,0.8155145503181492,330.2923492076356,Very Poor
168.67229672269718,99.09267434741356,5.875043225240442,19.811439365563903,20.564743201420548,20.35134185352926,0.9863335148588928,5.188400496936888,20.89107671627944,1.4579918995285899,7.643186072643476,1.728810966274176,360.0958953066271,Very Poor
142.7202601487474,95.40872625773173,3.733212940541697,20.80710101142386,18.022332766178145,24.303887038373325,0.7987786466852729,3.8245755913287134,18.161111412863416,1.3236933519474794,6.726251161572446,1.453267394512932,349.2130819681578,Very Poor
181.38573759411577,100.269346046691,9.457883260589096,12.278257960612983,20.85220739715803,8.87865129039671,1.2238713740400693,8.468471746635267,32.221796683140504,1.703855761539074,8.89242118318031,1.2309007360660755,348.7734941829641,Very Poor
194.9083120230271,102.81693383553142,8.040310369495009,18.804882747153673,23.134973822384346,16.355546161375155,1.1759406918152386,6.56714898122439,23.650914514199584,1.5937600015467142,8.570154493318945,2.0073696583458442,371.09779322878546,Very Poor
203.44887435488334,104.02928525148282,8.745165843885356,18.477220202301943,23.971656320633645,15.054802058905617,1.2376631711942854,7.015970467079432,24.54931949182793,1.6379563448057846,8.871908836949839,2.0980483626187647,374.67922104460666,Very Poor
174.52955824479173,99.92412537182938,6.35844498362173,19.586722872478546,21.138554153531523,19.45926963562995,1.0286638309982272,5.4962098328142694,21.507217984529753,1.4883024962703355,7.850134284880221,1.7909999492443092,362.5520988356996,Very Poor
192.04763023662773,101.91298475547384,9.812721759837531,13.329383326311177,22.095257988864812,9.231258100970628,1.270736836204957,8.487441100368674,31.272213152132895,1.7217092709352217,9.103315762922307,1.4752706459258471,356.6959889775046,Very Poor
221.04537685475705,106.38328101591388,10.77779590160259,16.188187859464275,25.47605230938769,10.19026259404534,1.3981994587022286,8.539033114236616,28.689577634390556,1.7702664604579919,9.67689756416003,2.1398971775187645,378.2432418282339,Very Poor
167.54408189784616,98.93252179688376,5.781931277258002,19.854723838680062,20.454216802626256,20.52317114564388,0.9781799280625927,5.129110834924285,20.772396730688847,1.4521535287361775,7.603324092750453,1.7168322399931917,359.6227859493109,Very Poor
181.4186393724974,100.2744181889784,9.45897826483037,12.281501652422037,20.856043355412048,8.879739407818857,1.2240159972417468,8.46853028459785,32.218866341601746,1.703910856092094,8.893071987587861,1.2316548427605367,348.7979423908667,Very Poor
231.7474543993464,108.04633029526768,11.080657148411438,17.39153235263036,26.743947620492712,10.744873781255862,1.4421764638068395,8.503110335583067,27.526124084299553,1.7843979617382306,9.871751600833438,2.398506162876715,386.54604172706354,Very Poor
120.77662164238514,92.29377900009233,1.9221970930769323,21.648978648623697,15.872608008863212,27.64594547255965,0.6401923940964666,2.67139901386196,15.852800402959678,1.210137763674013,5.950940593360503,1.2202826530553026,340.01116360806657,Very Poor
134.2141328046968,93.25114196669946,6.864179438869295,10.474688319392632,15.739675665532276,11.172116960737094,0.9576655652650783,7.329094957221148,32.384899935592536,1.5521013779777766,7.636071077176184,0.40547290957672244,320.4513498298413,Very Poor
163.78467278220288,98.39886548862285,5.471665981757463,19.998955273345178,20.08592351131859,21.09573639907028,0.9510107508349779,4.931547311627185,20.37693426215357,1.432699056153441,7.470497004082114,1.6769170290044737,358.04630282622713,Very Poor
136.16571120279943,93.3904560931218,7.580820750211285,8.85486644268553,15.72078561449196,8.783706132327136,1.0037100646758486,8.004414281912446,34.78157516133263,1.601687761958606,7.8804611125102735,0.2874100905747471,317.6178421737939,Very Poor
226.13866161582916,107.16846243433976,10.947305535723043,16.690320171858826,26.069869077973173,10.35870612983799,1.420587523586062,8.54809495002293,28.23595279591098,1.7787952470804047,9.77764385613728,2.2566349444130385,382.02789089192953,Very Poor
231.923666816797,108.06027956265223,11.139836321061376,17.26064721521955,26.744332269378532,10.550026029733946,1.4460161178760307,8.558387476283157,27.720721040178518,1.7884823306194404,9.892072530442139,2.3892269003535893,386.32653421237666,Very Poor
142.3139405276242,94.24603290394458,8.157534598407587,8.426281734905492,16.296897932786326,7.586480921688042,1.052127211110436,8.398956252116129,35.70166055583378,1.6384294137563564,8.119572449996962,0.3353776007901306,319.7405523543832,Very Poor
130.67394546157433,93.69872566286267,2.7390265481759677,21.26926333436144,16.842206648537527,26.138563980825538,0.7117201625970307,3.1915206885142107,16.89392681113456,1.2613551781558985,6.300631906029928,1.3253666586302055,344.16154029884007,Very Poor
121.3714746610995,92.33436419238339,2.1482124133620033,21.1341722716101,15.863984516286997,26.889417278037342,0.6546627415504418,2.8850535427398123,16.613214496087096,1.2257906447466296,6.0278253205369605,1.1824032267937392,339.09767744304975,Very Poor
183.12310578113903,100.53717894459632,9.515704619403685,12.449540098988276,21.054763981181466,8.936108992866554,1.231508157279732,8.471562825565606,32.06706090845115,1.7067650122970408,8.926786707758794,1.2707211058157455,350.06447420681184,Very Poor
127.68008336453227,92.78470649547175,4.464803752130121,15.897988883158934,15.802921153156372,19.168718302208838,0.8035046891813422,5.068068774659686,24.36062869328525,1.3860819729645222,6.817832581039432,0.8007572072273277,329.9381729734559,Very Poor
163.23969008564333,97.47194908384643,8.853964567999434,10.48929126747002,18.736592857708708,8.278530828578052,1.1441085278489818,8.43618678508173,33.83794387620277,1.6734699153710406,8.533488375320417,0.8149944666411189,335.2897749458993,Very Poor
175.336359538872,99.33677316596112,9.256553881042521,11.681867157050487,20.14692145748858,8.678588133363009,1.1972807012697668,8.45770885527586,32.76057436236734,1.6937259814361016,8.772763155713951,1.0922493709066419,344.2784042622701,Very Poor
131.0276614792891,93.74893642162286,2.7682188497807285,21.25569285902085,16.876858699523503,26.084692349647888,0.7142764614402584,3.2101090838063233,16.931135160963763,1.2631856143646294,6.313129367041263,1.3291222087826018,344.30986875023723,Very Poor
131.7197962329162,93.07308285268246,5.948231284561478,12.54500276372595,15.763819274212548,14.224774483248977,0.8988155191069154,6.465960946901426,29.321679584283032,1.4887244051920627,7.323713139875166,0.556370463828422,324.0728911318821,Very Poor
187.20670876067868,101.16670769277653,9.651611029397783,12.852130785197208,21.53086379480859,9.071160645565094,1.2494580604864998,8.478828262577869,31.70336167919021,1.7136030706615237,9.007561272189248,1.3643170296796054,353.09886260605117,Very Poor
132.85445297276218,93.15408073247788,6.3648898696107965,11.603230805426668,15.752836510850457,12.83614134065463,0.9255860048020117,6.858594737096171,30.71511768584829,1.5175541590175508,7.465802640872215,0.48772819281535484,322.4254766275685,Very Poor
120.80531536457045,92.29394870721072,1.940312417600884,21.604087912770325,15.869464582073123,27.58230309587053,0.6413050811967619,2.689141190885841,15.917931149472478,1.2114054720580512,5.9569269694289675,1.2166536379570208,339.91968731096847,Very Poor
188.1784562573273,101.31651240890038,9.683951762410265,12.947932579215314,21.64415806077055,9.103297977741018,1.2537294780541859,8.4805571696886,31.616814623235424,1.7152302773539756,9.026782651243836,1.386589421282541,353.82093557582664,Very Poor
132.3705424522008,93.11953660578324,6.187192539918865,12.004879464960982,15.757520460232781,13.428368190682267,0.914168878182596,6.691143546678074,30.12084160796589,1.5052587918889493,7.405204045738394,0.5170028764548822,323.1280690349172,Very Poor
123.18285528743287,92.46367025040357,2.8133715423301586,19.630715393612885,15.846451491470704,24.672585452827164,0.6973994895401585,3.5118591799223244,18.837717019654402,1.2718148348894014,6.254658829097764,1.0728218216919014,336.46772372060565,Very Poor
164.4588807293682,97.65989966659961,8.894540457555111,10.609487770493441,18.878736068290547,8.318851523859795,1.1494676076016184,8.43835593641018,33.729358712643396,1.6755114695625213,8.557604234207282,0.8429382396370104,336.1957146183688,Very Poor
193.569320468694,102.14756871275628,9.863365139617446,13.47940239471583,22.27266907400577,9.281582968928028,1.2774255844777758,8.490148450860053,31.136686371652686,1.7242573655153433,9.133415130149992,1.5101476904912596,357.82670594743354,Very Poor
132.69679887663233,93.14282653807781,6.306997530620585,11.734084658959734,15.754362503311484,13.029084012445729,0.9218663981782583,6.804040506614456,30.521507392355495,1.513548428807355,7.446060113407678,0.49726564569677356,322.6543754967226,Very Poor
135.79790535701105,93.3642001404279,7.445758349489234,9.160147519770629,15.724345743670796,9.233839965376081,0.9950322498024384,7.877139663769097,34.329883771767946,1.5923424228641643,7.834401941259095,0.30966089794246565,318.1518615506192,Very Poor
121.49551419445194,92.34321879911998,2.193761110727362,21.031218708537164,15.862783891644748,26.737613299832862,0.657589264115926,2.9279758737002486,16.76554374757256,1.2289422844325357,6.043358401846069,1.1748993227796767,338.91758374671224,Very Poor
133.01912845995523,94.03162949498473,2.932575287781815,21.179289325679804,17.071954233496683,25.7813880905475,0.7286687549300833,3.3147641562199883,17.140622988426767,1.2734912072338869,6.383491690769296,1.350266442428147,345.14497713791843,Very Poor
130.80635377686792,93.00787643416238,5.612805046920039,13.303165528213684,15.772660822486458,15.342677743131402,0.8772642451892612,6.149875596109164,28.199908147030772,1.4655153409730504,7.209325609081462,0.611630140540356,325.3991233729686,Very Poor
149.17000859971463,95.30296521898269,8.385711432204003,9.102201789736387,17.09623438828698,7.813222681058066,1.0822637740646797,8.411154384740467,35.091036387403754,1.649910009167497,8.255186983291058,0.49251825048011544,324.8350665680768,Very Poor
141.44448009819695,94.11199677494967,8.128598081761028,8.340564128990216,16.195529129188007,7.557726395712217,1.0483054070250415,8.397409331414899,35.779097586230705,1.6369734883904918,8.102374331612687,0.3154496223448593,319.0944854732808,Very Poor
156.58212026919972,96.44561728482796,8.63239395558404,9.832940585409329,17.96039895132271,8.05835374202691,1.114844484699779,8.424341815235625,34.43088913144019,1.6623217084570585,8.401800181149005,0.6624033845059907,330.34275812781976,Very Poor
162.0257923605533,97.28481445809471,8.813564832093768,10.369616578089085,18.595066738844206,8.238385179061732,1.1387727136727617,8.43402705077231,33.946057634868566,1.67143722425629,8.509477211527427,0.7871720070079719,334.3877682637288,Very Poor
166.86484201667867,98.83610221703567,5.72587338199748,19.880783184584956,20.387674565873766,20.626620688573297,0.9732710745316713,5.0934155913475845,20.700945640405436,1.4486385471955177,7.5793252532659485,1.709620467521838,359.33795123825746,Very Poor
230.84960413017558,107.9188784949241,11.006557264490755,17.42597878515565,26.655989055579298,10.881618107583005,1.435687717214866,8.45592673382168,27.431676772794162,1.7797516987464475,9.840028839717123,2.3889733129452972,386.1695342087638,Very Poor
148.3447876395349,95.17574905212297,8.35824724954182,9.020845626001242,17.00002338361506,7.785931229104451,1.0786364291847688,8.409686173717645,35.16453330389909,1.6485281634989595,8.238863931331458,0.4736042378920087,324.2218725526633,Very Poor
127.34880168031047,92.76105783319821,4.3431534300958585,16.17295468518696,15.806127751430752,19.574152571525666,0.7956886058875428,4.953432886350628,23.95379153722338,1.3776646524942768,6.77634721586465,0.820798446442198,330.41916271461275,Very Poor
222.03938224100432,106.66824831775855,10.279446696371252,17.76398694114634,25.79288915958447,12.223431880318131,1.372016413411969,7.9929341666623435,26.50490557299644,1.7341599009616568,9.528746910014071,2.295431520938572,382.47502645723773,Very Poor
120.92877344078518,92.30276180642024,1.9856475974329113,21.501616962639282,15.868269585570136,27.431210725524245,0.64421788517279,2.7318623158675868,16.069546330788814,1.2145423378783893,5.972387236686347,1.209184909813359,339.7404378355206,Very Poor
133.0376221624316,93.16715633101448,6.432151634964299,11.451199269899476,15.75106354833702,12.611972392861984,0.9299076009285134,6.92197814695153,30.940062304740568,1.522208185615322,7.488740343389802,0.47664717710637583,322.159532250553,Very Poor
128.03367677484277,93.32393377487286,2.52112428771677,21.370558439223554,16.583550776122177,26.540681990127,0.6926389916811442,3.0527699518542457,16.61618976780332,1.2476921175000786,6.207346181552261,1.297333827284644,343.05436124569604,Very Poor
194.45900840954468,102.28472311745257,9.89297484816695,13.567114172871909,22.376396166220072,9.311006452895459,1.2813363007012952,8.491731359807668,31.057447811980897,1.725747162171922,9.151013353155829,1.5305392822281827,358.4878032137904,Very Poor
214.65350841054618,105.61980744835644,9.66988805137002,18.047349338282046,25.069326573410038,13.348314698714999,1.3186388455794287,7.604793580818316,25.727965418989463,1.6959389264642823,9.267789911721652,2.217012624987062,379.37780955831255,Very Poor
146.59219546582653,95.95835590525786,4.052765061196426,20.658552458038418,18.40164976993911,23.714183827608323,0.8267610486020653,4.028052563291562,18.568410818541174,1.343730133566911,6.863054015387876,1.4943773430079728,350.8367522028359,Very Poor
213.84841338949002,105.50552245741244,9.603443289193278,18.078237173672314,24.99045484490186,13.470932221996836,1.3128204393780059,7.562484429551179,25.643275284279866,1.6917726602953622,9.239344370292473,2.2084645961232434,379.04019833427935,Very Poor
219.34243155111767,106.28541029602322,10.056866451176287,17.867456676750482,25.528680392855748,12.634182667937381,1.3525256027516532,7.851204691613875,26.2212059956074,1.7202035180197024,9.433458502341416,2.2667968731783548,381.34407818435517,Very Poor
126.01163562912689,93.03690063222172,2.3542445536172703,21.4481349642644,16.385460021482984,26.848642753486832,0.6780257392897285,2.9465081536006186,16.403485760772714,1.2372283071457315,6.13590361430534,1.2758649750058975,342.2064317859472,Very Poor
130.93098219204964,93.01677307844032,5.658569988248115,13.199723189659943,15.7714544978386,15.190153070467979,0.8802046615184127,6.1930017022700525,28.352960586727633,1.468681943173675,7.224932434213113,0.6040906114912495,325.21817467579,Very Poor
121.35717892566193,92.33334368616342,2.1429628601795447,21.14603781850686,15.86412289001174,26.906912905859606,0.6543254555963793,2.8801066820802297,16.595658329760255,1.2254274137191776,6.0260351104730905,1.1832680625733865,339.1184335017613,Very Poor
228.74717362805677,107.57059097374439,11.034119436286975,16.94748587730293,26.37399072963425,10.444974031027309,1.4320535104529968,8.552735944707166,28.0036300620119,1.783163242077332,9.829240797038485,2.316421875933483,383.9661886718161,Very Poor
213.3511343845877,105.434932620082,9.562402686094185,18.09731550808595,24.94173853981775,13.546668772797002,1.3092266135931123,7.53635154822646,25.590965153410856,1.6891993035605002,9.221774555344105,2.2031847779948195,378.8316677023164,Very Poor
156.31645639474044,96.40466250857693,8.623552394926998,9.806749547236578,17.929425685373193,8.049567788669595,1.1136767314054525,8.423869153187923,34.45455003747524,1.6618768500592198,8.396545291324536,0.6563143851855737,330.1453522137789,Very Poor
191.33550960940886,102.3097667548688,7.7454457877144165,18.94195493111654,22.784961594497762,16.899690854455663,1.150120117626884,6.379391966447342,23.275081712124646,1.575271195337769,8.443920575064766,1.9694357283654222,369.5995623808192,Very Poor
212.16023959885732,105.01354714067156,10.48208960674376,15.312227702995667,24.440150383372796,9.896416087204491,1.3591439103246474,8.523224916083786,29.48091743604107,1.7553881563141513,9.501147596460914,1.9362503895499479,371.6409943644047,Very Poor
128.71315613883922,92.85845276732186,4.8441595742742996,15.0405322308001,15.792921658668222,17.90440721786341,0.8278784569962071,5.425550702611037,25.62931455646924,1.4123306459959153,6.947201040979868,0.7382603666763922,328.4382488002334,Very Poor
175.7604623792809,99.40215291310108,9.270668449671515,11.723678237706189,20.196366833126003,8.692613931120123,1.1991448895792567,8.458463407686843,32.7228023563822,1.6944361484111454,8.781152003106655,1.1019697813775533,344.59354085744576,Very Poor
187.44675990719864,101.20371400767175,9.659600172735653,12.875796738103727,21.55885091958339,9.079099542718447,1.2505132303613127,8.479255355146247,31.681981927679118,1.7140050401376428,9.012309536625907,1.3698189868839872,353.27723656107906,Very Poor
125.05165757223875,92.59707537418281,3.4996165434657707,18.079598191705045,15.828362661127755,22.385478966340603,0.7414910135010957,4.1585348646827365,21.132737369416002,1.3192980145396414,6.488683071659661,0.9597666320484727,333.7543991691633,Very Poor
183.59806083172793,100.61039807484408,9.531511600679172,12.496364552955283,21.110138123133954,8.951816559165467,1.233595871787815,8.472407852866498,32.02475983591832,1.7075603321096438,8.936181423045168,1.2816070457507505,350.41739737365447,Very Poor
185.89714513000274,100.96482519900513,9.608027436037768,12.723024669017539,21.3781841627235,9.02785116285514,1.2437017368351768,8.476498322052334,31.81999576079201,1.7114101854610198,8.981657815758295,1.334301913497708,352.1257697983275,Very Poor
137.21943037408516,93.46567621545194,7.9677581591468165,7.980273155931743,15.710586275870925,7.494127255429969,1.0285709525646225,8.369040637614464,36.0756162488765,1.6284610258388241,8.012415055919918,0.2236642241932757,316.0879413806386,Very Poor
223.03002394581478,106.68923446072058,10.84384695078693,16.383848514595243,25.707438689234714,10.255898227826005,1.4069231821794057,8.542564145167855,28.512818380126806,1.7735897836873926,9.716154319807325,2.1853851642211866,379.71796651128045,Very Poor
172.68571426000668,99.66238770411051,6.206271920994484,19.657462782672834,20.957920615407506,19.74009062795937,1.0153384060546522,5.3993126069900015,21.31325902146216,1.4787608339650595,7.784987762933855,1.7714230903765877,361.77889516613413,Very Poor
173.30833306054942,99.0241323493657,9.189059122266322,11.481929852751183,19.91047755410278,8.611517869925025,1.1883662991672501,8.45410064490103,32.94119712877786,1.690330018730381,8.732648346252626,1.0457671313720902,342.77144581160655,Very Poor
133.11231761564454,93.17248849282883,6.459580636839827,11.389201591854624,15.750340543345244,12.520557449214218,0.9316699255959692,6.947825575407547,31.031793563072235,1.524106073718736,7.498094220470913,0.47212839590777145,322.05108150178654,Very Poor
136.70367890133488,93.42885911092408,7.778368477380683,8.408349998408077,15.715578425637412,8.125322191530278,1.0164025875088083,8.190571283462521,35.44223724725335,1.6153566327017934,7.947829118315982,0.2548651602338249,316.8367638456118,Very Poor
135.5430514234962,93.34600730064885,7.352173148252988,9.371677826354036,15.726812569403545,9.5457392439608,0.9890193620788577,7.788950643823244,34.01690525692515,1.5858670053156927,7.802487383341628,0.3250785587721601,318.52188541053187,Very Poor
123.06210372461172,92.45505035662686,2.7690302243432026,19.730939921253913,15.847620290626868,24.820365496134592,0.6945505415970097,3.470074610089476,18.689425626716147,1.268746737104472,6.239537490014898,1.0801268164179239,336.6430435940302,Very Poor
180.98763694227773,100.20797480020671,9.44463407092039,12.239010361028324,20.8057935691991,8.865485428964915,1.222121481064957,8.467763456621531,32.25725284794575,1.7031891356437932,8.884546664792307,1.221776294124419,348.4776789419332,Very Poor
164.59230738228896,98.51351097833884,5.538320336243514,19.967970005854365,20.16504403156257,20.972732093007917,0.9568475105251076,4.973989922213438,20.461891542087677,1.4368784643266204,7.499032273678305,1.685492021635652,358.38497900577784,Very Poor
125.26201846637488,92.61209206233046,3.5768634053778317,17.90499737697136,15.82632650002299,22.128031846656746,0.7464541561939628,4.231327624178121,21.391075309583194,1.3246429374396522,6.515025905952572,0.947040625143685,333.4489750034484,Very Poor
179.40406108073233,100.61607166126385,6.760739337944092,19.399710361820585,21.616088424932556,18.71687345959939,1.0638917690524017,5.75237348113413,22.019980193984956,1.5135274395683864,8.022359759811742,1.8427545742868616,364.5961890684727,Very Poor
228.58980979939923,107.54633174615543,11.028882209964307,16.93197182951691,26.355643968239743,10.439769743234972,1.4313618013160405,8.55245596719935,28.017645406667846,1.7828997338346821,9.826128105922182,2.3128151068622116,383.8492568891402,Very Poor
218.70709211130662,106.02281074620143,10.699975436043484,15.957663084128814,25.203435961485667,10.112931565376545,1.3879212840057433,8.534872900668992,28.897833031216965,1.7663509653355212,9.630645778025844,2.0863038380299472,376.50574086763754,Very Poor
121.33553174995855,92.3317983947339,2.1350137763005685,21.16400510529756,15.864332421053032,26.93340548689283,0.6538147236832326,2.8726159473540775,16.569074078896463,1.224877394735789,6.0233243026263885,1.184577631581455,339.14986315795494,Very Poor
201.38914203890883,103.3530733881018,10.12361665812381,14.250336138215816,23.18436778977964,9.540197685431208,1.311798426544654,8.504061267887122,30.440227119297603,1.7373517815408206,9.288092919450945,1.6893775098399826,363.63735305873917,Very Poor
136.1491742419129,93.38927559621641,7.574748194096269,8.868592220263459,15.720945681868962,8.803944651306836,1.003319900444406,7.998691873184622,34.761266612875495,1.6012675850939757,7.878390240820309,0.28841051168101006,317.64185228034427,Very Poor
125.12693482072733,92.60244906766233,3.5272591870426417,18.017117620061768,15.827634024723752,22.293352001009445,0.7432670647358535,4.184583616125851,21.225183113173912,1.3212106851001497,6.498109805136453,0.9552126545234527,333.6451037085629,Very Poor
125.40139257834652,92.62204133348149,3.6280431307055876,17.78931602087633,15.824977446307596,21.957460867516634,0.7497424746252355,4.279556294503453,21.56223649972379,1.3281842034425613,6.53247928839548,0.9386090394224732,333.24661694613934,Very Poor
204.513089548864,104.18035291508232,8.832995880861812,18.436391104031806,24.075912948309483,14.892720033912308,1.245354233891683,7.071896836570387,24.661267182201165,1.6434635255026866,8.909509587914895,2.1093475781865467,375.1254925838384,Very Poor
120.83400777119196,92.29599692498527,1.9508485886954174,21.58027304169668,15.869186857629115,27.54718831148133,0.6419820345290301,2.6990698397591086,15.953167438305927,1.212134498723571,5.960520029423314,1.214917860181974,339.87802864436736,Very Poor
132.25015726080636,93.1109428655627,6.142985757597984,12.104799902101426,15.75868571314404,13.575699855649555,0.9113285742114026,6.649485755100571,29.973000144849927,1.502200002996895,7.3901285861989825,0.5242857071502498,323.302856971606,Very Poor
227.36233616607078,107.42385321557983,10.71875186952315,17.559769401194647,26.31435627322856,11.412735739161064,1.4104852988447298,8.272664703945011,27.06484157207329,1.7617055226295597,9.716817016574234,2.351947537808924,384.70717166136086,Very Poor
188.17017072874282,101.31523511077323,9.683676011694423,12.94711573275518,21.64319206612449,9.103023961306409,1.25369305814832,8.48054242829813,31.617552559899515,1.715216403104122,9.02661876166744,1.3863995174876689,353.8147788774541,Very Poor
136.6538762069466,93.42530392765862,7.760080373633742,8.449686536037076,15.716060484385272,8.186272494462834,1.0152275693108994,8.173337683226524,35.381076043618606,1.6140912284886608,7.941592483265543,0.2578780274079502,316.90907265779083,Very Poor
220.56073016509683,106.45835043653364,10.157413044496302,17.820716098234154,25.648031916602097,12.448633441129529,1.3613302233558924,7.915228414279267,26.34936213995799,1.7265080611684167,9.476503314184363,2.2797320565352,381.8549635774407,Very Poor
147.36244259600116,95.02431061684037,8.325553819521545,8.923999050280804,16.88549356901573,7.753443418140907,1.0743184289934118,8.40793841173543,35.25202421253825,1.646883211045109,8.219432930470353,0.45108895117993253,323.4919249012672,Very Poor
120.89091271005236,92.30005910452886,1.9717447156695576,21.53304159819006,15.868636053623208,27.477546029984317,0.6433246192934312,2.7187610829703246,16.023050696555522,1.2135803592390797,5.96764605624975,1.2114753351450482,339.79540804348113,Very Poor
136.26312355626544,93.3974099090377,7.616591650727844,8.774013600002304,15.719842724198278,8.664489440819725,1.0060083597666984,8.038122609911577,34.901204367343524,1.6041628489795212,7.892659755684783,0.281517026239235,317.4764086297416,Very Poor
135.34444062884222,93.3318293975822,7.27924105366439,9.53652598743403,15.728734996938007,9.788806175349158,0.9843334449636099,7.720223859466279,33.77299726349046,1.5808206330377337,7.777615977114545,0.3370937308625387,318.8102495407009,Very Poor
186.5913504033876,101.07184397113447,9.631131285010701,12.791464372578869,21.45912028774189,9.050809704601829,1.246753188586319,8.477733433475416,31.75816753602482,1.7125726432709787,8.995389348638435,1.3502130547715203,352.6416104514968,Very Poor
223.89738589292963,106.82294708741867,10.872713627833765,16.469359237167943,25.808562834612623,10.284583353444873,1.4107357621667236,8.544107332305579,28.435568247526625,1.7750421951111328,9.733310929750257,2.2052650455836305,380.36247408056516,Very Poor
178.2404750995847,99.78447198552468,9.353205764695755,11.968175567117612,20.485506987015945,8.774632143534145,1.2100460443937788,8.462875779873674,32.501924195735576,1.6985889692928682,8.830207199772005,1.1588115171961328,346.43635512371026,Very Poor
131.69471152706151,93.07129217192575,5.939019901346847,12.565823221337933,15.76406207838295,14.255474035544198,0.8982236839415603,6.45728069780955,29.29087380516326,1.4880870442447571,7.320571860920588,0.5578879898934354,324.10931175744247,Very Poor
128.29133465080298,92.82834088856308,4.689262028455786,15.390646617724316,15.797004625279584,18.420647308787387,0.8179262258810143,5.279584646254877,25.111288167652795,1.4016128586410923,6.894377660445383,0.7637789079973992,329.0506937919376,Very Poor
219.88229471336717,106.20398012692725,10.739087359377368,16.073522932495223,25.340450686623864,10.15179750177122,1.3930870097290864,8.53696378965225,28.793165588584465,1.7683188608491758,9.653891543780889,2.113239407873093,377.37899450182175,Very Poor
132.8815309603047,93.15601370436536,6.37483320804897,11.580755911955212,15.752574412967409,12.803002339566614,0.9262248683919436,6.867964736415174,30.748371354760142,1.5182421659605545,7.469193532234162,0.48609008104629825,322.38616194511116,Very Poor
187.08642282883864,101.1481643984175,9.64760779273372,12.840272140739508,21.516839877689822,9.06718258649011,1.2489293311157743,8.47861425307067,31.714074743344668,1.7134016499488665,9.005181990020985,1.3615600836751085,353.00948216480947,Very Poor
135.52653708190263,94.3875616075399,3.1395125625231906,21.083091457421652,17.317594371514012,25.399504925159906,0.746789748718247,3.4465328641363886,17.404384120232262,1.2864667336501028,6.472083215955874,1.376888643178659,346.1964422095773,Very Poor
160.71703260699724,97.08305589012107,8.770007992571964,10.240589713845251,18.442480829324428,8.195102281926857,1.1330199235472405,8.431698540483408,34.062620120507106,1.6692456851608535,8.483589655962582,0.7571753156391826,333.41527279012877,Very Poor
134.67915889511724,93.28433802155102,7.034942195605668,10.088713851118655,15.735174505552404,10.6030015457821,0.9686371427160149,7.490011426501552,32.95598460803872,1.563916922924939,7.694304834415771,0.37734065970252595,319.77617583286064,Very Poor
138.72764380539448,94.84196567580145,3.4037009743031668,20.960279547080688,17.63119315652419,24.911970202015667,0.7699240853173583,3.614756620394125,17.74111724184155,1.3030320610914419,6.585184417107086,1.4108761253427857,347.5388049505134,Very Poor
200.91545163589254,103.28004921608265,10.107851765590144,14.20363636221986,23.129141090778052,9.524531943165048,1.309716270927,8.50321849061331,30.482415558121975,1.7365585794007619,9.2787232191715,1.6785205555479292,363.2853696090881,Very Poor
210.02316750918777,104.68409583893602,10.410965700462764,15.101539905144417,24.190993051306666,9.825739501088785,1.3497501868535726,8.519422694678827,29.67125216637166,1.7518095949918373,9.458875840841078,1.887268831450772,370.0530077776277,Very Poor
121.90560650607402,92.37249338639852,2.3443515724058868,20.690839608993613,15.858814456081557,26.235727790812007,0.6672647633012019,3.0698831950842953,17.269165884652306,1.2393620527859097,6.094712974444841,1.1500903505097386,338.32216841223374,Very Poor
147.3924476653212,95.02893620209504,8.326552418374897,8.92695716386526,16.888991805250427,7.754435736498325,1.0744503194080053,8.40799179595086,35.24935186151875,1.6469334550125734,8.220026437336024,0.45177666548459894,323.5142206618295,Very Poor
132.30431689979437,93.11480907088672,6.1628737799002975,12.059847074096856,15.758161481913666,13.509417369459142,0.9126063878354392,6.668227021586442,30.039511982203628,1.5035761099766267,7.396910827741946,0.5210092619604123,323.2242222870499,Very Poor
155.3601181264573,96.25723328103314,8.591724496516319,9.712466904774756,17.817927953204965,8.01794006572062,1.1094730467097025,8.422167661763451,34.5397246964296,1.6602754463656009,8.37762871019366,0.6343951721291629,329.43472932473543,Very Poor
122.70653819530611,92.42966818333099,2.6384626040839745,20.026061461609203,15.851061941243255,25.25551919594418,0.6861615182195635,3.347035600553597,18.252766204761894,1.259712404236453,6.195011135165375,1.1016371327703502,337.1592911864884,Very Poor
140.97632421393212,94.03982580503632,8.113017383571995,8.294409985298172,16.140947689620134,7.542243689335693,1.0462475789623389,8.396576401008566,35.820793102453564,1.6361895538904148,8.093114105330525,0.3047195188750531,318.74661453887154,Very Poor
181.75565933797193,100.32637322918185,9.470194627888548,12.314727482613247,20.895335897697617,8.890885227713149,1.2254974036833932,8.469129901490899,32.18885022536744,1.7044752014031974,8.899738316575268,1.2393793192062639,349.0483706226688,Very Poor
148.83472006420203,95.25127709623962,8.374552692874541,9.069146656251,17.057143710258615,7.802134122479104,1.0807899783041848,8.410557848361218,35.1208982967414,1.6493485631634988,8.24855490236883,0.48483345830039193,324.58592490380266,Very Poor
120.83504967257544,92.29607130149057,1.9512311864811185,21.579408257245312,15.869176772679245,27.545913195632117,0.6420066165943388,2.6994303767169683,15.95444696632071,1.2121609717169801,5.96065050346226,1.2148548292452852,339.8765159018868,Very Poor
154.48407204165602,96.12218190657869,8.562568802642241,9.626100038015696,17.715791340073764,7.988967740990404,1.1056222946885979,8.420609024040624,34.61774826714293,1.6588084932147038,8.36030032609869,0.614316250876261,328.78376886402486,Very Poor
210.98486581629356,104.83235137073788,10.442971986350743,15.196350978435222,24.303115700612352,9.857544489581242,1.3539774321595321,8.521133722540764,29.5856001245771,1.7534199741560121,9.477898444717894,1.9093108962604175,370.76761353173043,Very Poor
222.59724274291077,106.74743783047565,10.325487110741653,17.74258437014172,25.847540375777662,12.13846865077189,1.376048060508188,8.022250711596577,26.563588436285848,1.7370467593762333,9.548457184706697,2.301354558030548,382.7089615356603,Very Poor
120.87554209469067,92.30782097364855,1.9303610311910127,21.645183520635527,15.8822988240516,27.63087969703453,0.6409072902988887,2.676597456617845,15.86320611435049,1.2106496646584635,5.954435641461234,1.2213329326613303,340.05264523956515,Very Poor
170.49315113674405,99.35114859551747,6.025318950882248,19.741581460670954,20.74312454926347,20.07402221712865,0.9994927946177968,5.284089580615832,21.082617343881267,1.467414593676941,7.707520329242563,1.7481437353026892,360.8594584531314,Very Poor
205.5537408882155,104.32807563821831,8.918881185010646,18.396466043724782,24.177861125558586,14.734226829391163,1.2528750010657972,7.1265848842932655,24.770736126624378,1.648848766195262,8.946277782988341,2.1203966065040722,375.5618827778919,Very Poor
208.1123300018149,104.38952088881982,10.347371108380653,14.913155924825707,23.968211996025307,9.76254487499461,1.3413509011068787,8.516022983781356,29.841437694239197,1.7486098670883348,9.421079054980954,1.8434725557715816,368.6331285204485,Very Poor
134.08751374837203,93.242103219787,6.817683511955131,10.57978290213766,15.740901258333967,11.327077850600938,0.9546781828109557,7.285280014560684,32.22940284887795,1.548884196873337,7.620214970304303,0.41313286458729304,320.63518875009504,Very Poor
224.79441465208407,106.96123315358659,10.902567646191809,16.557794725511584,25.913145779426653,10.314249610681168,1.4146787457234464,8.545703301840444,28.35567589022255,1.7765442840851224,9.751054355755508,2.2258248884151137,381.0290260627731,Very Poor
131.88405298040055,93.08480837972611,6.008548190625012,12.408668669625179,15.762229372240528,14.023751252661615,0.9026909051637158,6.522799942401164,29.523398396983154,1.492897897868617,7.344282496638184,0.5464335765032929,323.83440583607904,Very Poor
128.02577351753504,92.80938371147559,4.591745024285405,15.61106396487714,15.799575089969412,18.74565043800762,0.8116607181995565,5.1876905335934955,24.78516046013076,1.3948653888302915,6.8611222735207225,0.7798443123088294,329.43626349541194,Very Poor
133.73377946793127,94.1330757613739,2.9915556752173833,21.15187141584489,17.141965547447228,25.672545364761,0.7338335239920087,3.3523203164357174,17.21579907143924,1.2771894369325494,6.40874167284982,1.3578541895685066,345.4446612686721,Very Poor
173.2732418378386,99.01872268206554,9.187891251118021,11.478470309915645,19.90638633253294,8.610357343878285,1.1882120520344555,8.454038211537757,32.94432246949234,1.6902712579178878,8.73195423415505,1.0449628427510893,342.7453707010627,Very Poor
120.89996684890954,92.30070543749022,1.9750694962420405,21.52552660816461,15.868548415255564,27.466465253875374,0.6435382378145628,2.7218941546135866,16.034169814450316,1.2138104099541445,5.968779877631141,1.210927595347275,339.7822622883346,Very Poor
212.5075894496223,105.31518958015249,9.492784639623537,18.129678491850683,24.85910003708826,13.675142292067699,1.3031303306048718,7.492021786744068,25.502230367693137,1.6848340638899082,9.191970505179373,2.1942285103948116,378.47793276349256,Very Poor
135.14653232388488,94.33361910486268,3.1081506423620198,21.097670512199276,17.28036692466324,25.45738038214922,0.744043461655485,3.426562949568897,17.364410386318724,1.2845002564940509,6.458656923649038,1.3728539745308976,346.03708975038,Very Poor
164.35341870677632,97.64364162795202,8.89103057548455,10.59909057266178,18.86644044367858,8.315363716519238,1.1490040382715443,8.438168301205149,33.7387515102599,1.675334871722493,8.55551817222195,0.8405210567016237,336.1173493268563,Very Poor
121.05461019074274,92.3117447081111,2.03185625274098,21.397171698911656,15.867051565001885,27.27720724992586,0.6471868103079048,2.775406551182604,16.224082690385814,1.2177396418700512,5.98814537778811,1.2015722812617824,339.5577347502828,Very Poor
191.52939309907046,101.8330932532633,9.795474307221811,13.278291815732535,22.034837667437415,9.21411912289966,1.2684588707651447,8.486519066738273,31.31836907092528,1.720841474577198,9.093064918443151,1.4633926832753983,356.31090434363165,Very Poor
138.6691819727642,94.83366689138721,3.3988760996437266,20.96252246178724,17.625465899901418,24.920874051792605,0.7695015827796128,3.6116843488542214,17.73496748268103,1.302729528410093,6.583118849144774,1.4102554117379498,347.5142893711627,Very Poor
188.8776922212224,101.96087422590692,7.542601294131932,19.036250209214344,22.544179698331742,17.274021179369505,1.1323575187293908,6.250229364587792,23.01653721706113,1.562552297361786,8.357081202677021,1.943340058380216,368.56889306207574,Very Poor
215.67903074685273,105.55600442596693,10.59919851151221,15.65913521334749,24.8503998170585,10.012788457980687,1.3746111241619898,8.529485455017948,29.16752222233682,1.7612804282521866,9.570750058728954,2.016900861701805,374.2556900369078,Very Poor
205.2245653203822,104.28134844974376,8.891714214967301,18.409095013582768,24.145613197874702,14.784360902757635,1.2504960555809204,7.109286132557559,24.736109253455624,1.6471453237493012,8.934647382840057,2.1169016125201177,375.4238452003744,Very Poor
133.7889794103234,93.22079223860747,6.708058379955418,10.827568208733387,15.743790882900681,11.692434756754844,0.9476347229295903,7.181975936300658,31.862781731976106,1.5412989323857125,7.58283045247244,0.4311930181292557,321.06863243510213,Very Poor
140.2242895124721,95.0544177921434,3.5272196465949928,20.902860056177463,17.777813158877084,24.684028176499833,0.7807403149991291,3.6934079695615685,17.898553473876213,1.3107770156783887,6.638063762217965,1.4267666356160045,348.16641333945563,Very Poor
124.53778158581744,92.56039215192163,3.3109155611561922,18.50611836918238,15.833336657366559,23.01437861578422,0.729366897669014,3.980714499145538,20.501661596617907,1.3062412744127843,6.424331995320151,0.9908541085409898,334.50049860498376,Very Poor
226.9231473157704,107.36150940215833,10.682505466371126,17.57661908049775,26.27133081305459,11.47962504746431,1.4073112894876338,8.249584561829831,27.018642102542223,1.759432775188676,9.701299637495099,2.3472844870250427,384.5230007480479,Very Poor
139.39759994336907,94.93706740809246,3.458992679123519,20.934576376191227,17.69682590451635,24.80993459106611,0.7747658454151406,3.649963987031084,17.81159174993149,1.306499000420718,6.6088552442517985,1.417989328449404,347.8197465858168,Very Poor
159.16245084855444,96.84340137100165,8.718269949747809,10.087327964347285,18.26123498119201,8.143689635598452,1.126186597136503,8.428932670269537,34.20107632944847,1.6666425131948583,8.452839687114263,0.7215443993546233,332.2601152302184,Very Poor
165.12594496021876,97.76273437220327,8.916741025363638,10.675251716643231,18.95650786872671,8.340912465455691,1.1523997580668957,8.439542759217554,33.66994775916837,1.6766284792635793,8.570798911301031,0.8582273099202418,336.6913876732133,Very Poor
187.5800149600273,101.22425662335115,9.664035034776418,12.888933970941466,21.574386882833114,9.08350651254512,1.2510989668572627,8.479492438966036,31.670113790582604,1.7142281778503858,9.014945350857683,1.3728731843271562,353.37625392110874,Very Poor
226.3382747805699,107.27848547250952,10.634235739831116,17.599057980402833,26.214033343064397,11.568702261738688,1.4030844269473732,8.218848487308678,26.95711777001177,1.756406132875897,9.680634976187159,2.3410746519350303,384.2777383537365,Very Poor
136.04530127446267,93.38186058704574,7.536604884209826,8.954807411637757,15.721951106841257,8.931068071241386,1.000869177074437,7.962747930425076,34.63370331951556,1.598628344541701,7.865382555241242,0.294694417757854,317.7926660261885,Very Poor
151.3817793135692,95.64393207000391,8.4593213837483,9.32025391034874,17.354100696527066,7.886369676932273,1.0919858431365679,8.41508950793623,34.89404874978049,1.6536136545282163,8.298936294114556,0.5432118963549617,326.478559196896,Very Poor
137.1171526015682,93.45837507984577,7.930200622596428,8.065164325861122,15.711576260359898,7.619298419254413,1.0261578653727523,8.333648692133702,35.95001196683813,1.6258623165552717,7.999607131593839,0.22985162724935293,316.23643905398444,Very Poor
157.05806301450855,97.44400858815874,4.916516621022521,20.257024705903042,19.426946216089437,22.120212030177896,0.9023976716787289,4.5780522051700165,19.669343887768164,1.3978896908316825,7.232833061540452,1.6054978139477623,355.2255439122225,Very Poor
179.8913162348362,100.03896586226203,9.408147416292822,12.130927252037228,20.677975540094984,8.829228250152616,1.217302488944335,8.465812912191755,32.35489480734216,1.7013533291216514,8.862861200249508,1.196648692352604,347.66303979773284,Very Poor
131.45439232543353,93.05413689921426,5.850772015449579,12.765289612525827,15.766388217055695,14.54958519397941,0.892553720926744,6.374121240258912,28.995744961058723,1.4819809302288012,7.290477441841949,0.5724263565980924,324.4582325583542,Very Poor
130.57536355304785,92.99138711388969,5.52798286551727,13.494888811384357,15.774896662523433,15.625371767806529,0.8718143850991327,6.069944314787279,27.91623594233947,1.459646260875989,7.1803994286030886,0.6256041407714547,325.7344993785149,Very Poor
196.17584851824284,102.54939140422519,9.950113011910123,13.736372506979043,22.576559419081374,9.367785257118236,1.2888828506296388,8.494785915731045,30.90454033605184,1.7286220383351005,9.184972827833375,1.5698891497116885,359.76352951120083,Very Poor
143.55057811404694,94.43667310957521,8.198691139745362,8.548198281887203,16.441075250554505,7.627378616853881,1.0575629807210856,8.401156444577582,35.59152150967515,1.640500183131842,8.144033413244884,0.3637212566170883,320.6594562647549,Very Poor
215.775562124781,105.5708857153116,10.602411172755662,15.668651964578096,24.861654234118895,10.015980913807514,1.3750354379111251,8.529657201059266,29.158924817562678,1.7614420715851906,9.572659470600064,2.019113354822296,374.3274192659283,Very Poor
191.15489804292375,102.2841285498119,7.730539854541798,18.948884175726516,22.767267848958806,16.92719834410503,1.148814841316633,6.369900512783913,23.256082690275438,1.5743365530415399,8.437539224214651,1.9675181002059179,369.5238241257799,Very Poor
215.5149682227703,105.53071252664999,10.593738345875558,15.642960760423824,24.831272066998025,10.007362633008416,1.3738899702099794,8.529193559370707,29.182134175031134,1.761005702937135,9.567504865944906,2.0131405589520353,374.1337806783537,Very Poor
133.10603036765104,93.17203967536771,6.45727188939152,11.394420045724603,15.750401399950142,12.52825200619597,0.9315215876215309,6.945649951782454,31.02407238132584,1.5239463251308794,7.497306888145048,0.4725087496883822,322.06020999252115,Very Poor
232.73163320074974,108.18483576187383,11.166726254090886,17.340302299854134,26.838531594519644,10.576746843687799,1.4495676184648338,8.559824988426243,27.648760873486342,1.7898352832246986,9.908054283091753,2.407745439138063,386.92690693096,Very Poor
152.4665529670941,95.81116091266662,8.495423740820087,9.427198628467046,17.48057247570307,7.92224497515455,1.0967540789762378,8.417019508157049,34.7974352093148,1.655430125324281,8.320393355393069,0.5680748403760968,327.2846181126497,Very Poor
180.31610216857706,100.74553787921182,6.836010394890595,19.364719492104914,21.705437203880944,18.577967844239737,1.0704830724174466,5.800302835233039,22.11592027629839,1.518247138274221,8.054583909596406,1.8524380940453846,364.9786474118765,Very Poor
121.67066091414708,92.35572171074976,2.2580769358059722,20.885845871621424,15.861088581593252,26.523262535196892,0.6617215823664464,2.988583208041213,16.980636210356053,1.2333924733177115,6.065291475637292,1.16430363495783,338.6632872389879,Very Poor
132.20386089527202,93.91590048932707,2.8652909821669006,21.210567435317007,16.992085944237033,25.905554911828215,0.7227768319519123,3.271920419996005,17.054862776188948,1.269272299422357,6.354686733987127,1.3416104074355255,344.8031001256048,Very Poor
216.48983152165232,105.88047751168352,9.821440413769485,17.97689796981527,25.249223323587998,13.068639149941067,1.3319099173138684,7.701295571578624,25.921133240901863,1.7054416691877083,9.332670706867802,2.2365096316092634,380.14785939969363,Very Poor
128.56829168961792,92.84811156647001,4.790963735993998,15.160770600026748,15.794323855393898,18.081697466365966,0.8244606024773738,5.375422169668149,25.4514108468992,1.4086498795910178,6.929060120841445,0.747024096211862,328.6485783090847,Very Poor
140.2608005691476,95.05960061612365,3.5302329163509567,20.901459292939556,17.781389991517138,24.678467472204233,0.7810041797020838,3.695326689438609,17.90239417121922,1.31096595583606,6.639353767432409,1.427154288698123,348.18172400740485,Very Poor
132.34787065573542,93.11791817143181,6.178867203890745,12.023697193182699,15.7577399089584,13.45611473892755,0.9136339719139029,6.683298254737243,30.09299905090315,1.504682738984203,7.402364927850715,0.5183744309899926,323.1609863437598,Very Poor
152.57304841554532,95.8275782643745,8.49896801634154,9.437697708785315,17.492988585548666,7.925766959634989,1.097222190837562,8.41720898200568,34.78795037136273,1.6556084536524045,8.322499858769028,0.5705157093672868,327.3637513082545,Very Poor
158.98678336939435,96.81632045035246,8.712423559546561,10.070009412241703,18.2407542306128,8.137880015146898,1.125414432392942,8.428620127397144,34.21672185794301,1.6663483551973113,8.44936494576824,0.7175181117631984,332.12958261880686,Very Poor
146.53441679416312,95.95015409703012,4.047996568040764,20.660769162964833,18.395989439685145,23.72298363065342,0.8263434832554615,4.025016193055146,18.562332922940605,1.3434311361582316,6.861012584804478,1.4937638828074062,350.81252310247737,Very Poor
149.82907132841606,95.40456641201014,8.407645701981822,9.167176890776341,17.173073308200472,7.835018999453634,1.0851607530919387,8.412326971489595,35.03233807425619,1.6510136202255004,8.268223388913723,0.5076239268365379,325.32479397506586,Very Poor
135.53847153058064,94.38925572851123,3.140497516576291,21.082633586888857,17.318763538595423,25.39768728562624,0.7468759987488428,3.4471600402847953,17.405639537344268,1.2865284929312701,6.472504882772121,1.3770153561865714,346.2014468409822,Very Poor
228.70956411756998,107.6150951562325,10.82993904432122,17.508082390207434,26.44633845477265,11.207550325776946,1.4202216892865067,8.343463888762377,27.206560144059154,1.7686772589952766,9.764417147622922,2.366251617593757,385.2721227116862,Very Poor
140.27093607857518,93.93108308150092,8.089541357717103,8.224867795501602,16.058707775147333,7.518915311442151,1.0431469717739568,8.395321393337078,35.88361731000864,1.6350083701996025,8.079161372982805,0.28855206710706055,318.22246427607365,Very Poor
207.15285489933567,104.24160808652239,10.31543881297632,14.81856403089212,23.856348546086856,9.730813411636847,1.337133428128948,8.514315911385527,29.926891730053935,1.7470032107157898,9.402100426580265,1.8214814466723714,367.92017475513165,Very Poor
145.92493297893594,94.80270395373863,8.277712055185937,8.78227910687155,16.717896948041304,7.705902545404894,1.0679997054019164,8.40538083313887,35.380053588165936,1.644476078248349,8.190998674308624,0.4181413210242779,322.4237597227049,Very Poor
134.922162322289,93.30168490866915,7.124175759001467,9.887019536490918,15.732822385265202,10.305605336968753,0.9743704359160745,7.574099726769092,33.25440986947772,1.5700912386788493,7.724735390631472,0.36263990790750134,319.42335778978,Very Poor
136.69352340662655,93.42813415727885,7.7746392666801665,8.41677912045274,15.715676724436767,8.137750845973684,1.0161629841853814,8.187057101385594,35.42976558708523,1.6150985983534873,7.946557377599332,0.25547952772979143,316.851508665515,Very Poor
124.71564488341825,92.57308898744304,3.37622894388075,18.358490756170692,15.831615052550095,22.796703206802704,0.733563309409142,4.042261871334084,20.720090207706626,1.3107604870559992,6.446605257633139,0.9800940784380971,334.2422578825143,Very Poor
190.56835325450402,101.68493923012919,9.763489935628705,13.183545658371827,21.92279178707666,9.182335910876324,1.2642345198000178,8.484809210395246,31.403962467861547,1.7192321980190544,9.074055339100079,1.4413657103858069,355.5967878709554,Very Poor
167.08701269180972,98.06505281999327,8.982007329774515,10.86858775046413,19.185145174115753,8.405768289964612,1.1610198360079549,8.443031838384172,33.495288560886436,1.6799123184792208,8.609589262035797,0.9031748591843356,338.14859132515426,Very Poor
196.8811536516947,103.09698299962939,8.203129650947321,18.72919378388395,23.328244709989363,16.055078579278835,1.1901983802451168,6.67082525881943,23.858443090234477,1.603969210545886,8.639858747865016,2.0283161388786284,371.92509119940803,Very Poor
132.72470677831134,93.14481875368466,6.3172456227676905,11.710920931734314,15.754092372381741,12.994929333016415,0.9225248423195056,6.813697687352749,30.555780254066573,1.514257522497929,7.449554932311222,0.495577327385883,322.61385585726117,Very Poor
208.54472649955864,104.45617918721611,10.361761698258466,14.955784653331685,24.018624314024944,9.776844958017847,1.343251545053005,8.516792292045265,29.802927027616494,1.7493339219249542,9.429631952738523,1.8533830563478118,368.95442785419846,Very Poor
124.06193664286022,92.52642378938748,3.1361800013406858,18.90107255051166,15.837942537032205,23.59673452600954,0.7181400659839979,3.816054301098636,19.917290614038865,1.2941508402904593,6.364743427145835,1.0196408564512873,335.1913805548309,Very Poor
135.1000701069985,93.31438491991882,7.189505477887523,9.739354998909914,15.731100349841515,10.08787548308656,0.9785678972613071,7.635662493165838,33.47289311385778,1.5746115816660229,7.747014223925399,0.351877186509469,319.16505247622723,Very Poor
132.56769438454316,93.13361036743865,6.259588924027644,11.841242168425161,15.755612153567641,13.187086666708531,0.9188203756788766,6.759365509956857,30.362958016105623,1.510268096884944,7.429892763218652,0.5050759597977523,322.84182303514604,Very Poor
169.75694790663368,99.24664294427679,5.964559851323711,19.769826231276546,20.671001855949658,20.18614738788154,0.9941722680618601,5.2454008134374766,21.005174124011518,1.463604833920838,7.681508866080205,1.7403271592513747,360.550736541861,Very Poor
187.77507343720492,101.25432686269,9.67052677687401,12.90816422583433,21.59712839445801,9.08995742607606,1.2519563667569447,8.479839481782573,31.652741235472384,1.714554806383598,9.018803650406252,1.3773439123754974,353.5211953327216,Very Poor
171.9444671270615,99.55716605988177,6.145096546442887,19.685901064896818,20.88530379242626,19.852983994834588,1.009981427310134,5.360358773897147,21.235285219736394,1.4749249726418243,7.758798089071766,1.7635529611099499,361.468058127872,Very Poor
138.59826234633996,94.82359969602311,3.3930230790831963,20.96524332539916,17.618518206306323,24.931675247572954,0.7689890480062043,3.6079573984648676,17.727507254312528,1.3023625282019733,6.580613123585888,1.4095024285523248,347.4845496991254,Very Poor
156.74365436834802,96.47051940183952,8.637769972698552,9.848865768182502,17.979231916937696,8.063695947713027,1.1155545246960352,8.424629212376967,34.416502368658904,1.6625921998842037,8.404995361132158,0.6661057359150405,330.46278869861544,Very Poor
224.1192329416884,106.8571470563168,10.88009692050831,16.491230500373675,25.834427576875026,10.291920210316434,1.4117109140293995,8.544502036630949,28.41580981335669,1.7754136815350094,9.737699113132297,2.2103497660104403,380.5273211811604,Very Poor
218.1479744537057,105.93661709788681,10.681367438647662,15.90254128052232,25.138249454885205,10.094440599410884,1.3854636239723326,8.533878133512612,28.947629904751068,1.765414713894222,9.619586307875498,2.0734888964271634,376.090279290561,Very Poor
189.47957321346524,101.51709276226418,9.727254241955201,13.07620596201824,21.795852910497153,9.146328114647307,1.2594486734657813,8.482872082117103,31.500932830490957,1.7174090184631547,9.052519030596015,1.4164109402144311,354.78775194302494,Very Poor
182.15463767926514,100.38787978038279,9.483473027944147,12.354061611079828,20.94185205386723,8.904080115818712,1.2272511546341325,8.469839753066196,32.15331589062746,1.705143297003479,8.907630195853596,1.2485238777351193,349.34483804529384,Very Poor
230.82803909102998,107.91581729066993,11.004777494575546,17.426806137656776,26.653876420588055,10.884902504604911,1.4355318670925612,8.454793453302699,27.429408287680616,1.7796401023625747,9.839266905785855,2.3887443479508,386.16049105351897,Very Poor
156.69596754759218,96.46316799556287,8.636182907392392,9.844164461520862,17.973672197594734,8.062118863949673,1.1153449122971084,8.424544369263115,34.42074951512287,1.6625123475417556,8.404052105336987,0.66501275697778,330.427354221654,Very Poor
132.4174034006323,93.1228817914547,6.204400401805089,11.965984594272516,15.757066875734957,13.371018100738556,0.9152744903960437,6.707359192475307,30.178390141127398,1.5064494511957391,7.411072295179,0.5141679733434779,323.06003136024344,Very Poor
224.4059331404195,106.9013447949595,10.889638591172517,16.519495449322363,25.86785342945341,10.301401870473319,1.4129711346831626,8.545012125943185,28.390275342491158,1.7758937655935858,9.743370106074233,2.2169209165622052,380.7403584821537,Very Poor
140.38429876170355,93.94855908696906,8.093314181708188,8.236043896758213,16.071924523342517,7.5226644069804625,1.0436452692822134,8.395523085185658,35.87352085335325,1.6351981978217955,8.08140371176996,0.2911503326858269,318.3067002834218,Very Poor
155.00059547535432,96.20180922398711,8.579759221471761,9.677022599454084,17.77601186389793,8.006050043978227,1.1078927273641948,8.421528008695033,34.57174497650167,1.6596734199482646,8.370517273138876,0.626154935541873,329.16758010204245,Very Poor
129.64153178364364,92.92472519689652,5.18506944505244,14.269974829304864,15.783935566522505,16.768228192189312,0.8497820566013924,5.746803496820421,26.769424997457087,1.4359191378784224,7.0634586081150825,0.6820972907656606,327.09033497837584,Very Poor
137.259637764699,93.46854643450362,7.982522760539795,7.9469007784833625,15.710197093626629,7.4449200254167955,1.029519584285094,8.382953902848044,36.124993746121554,1.629482629230101,8.017450101205498,0.2212318351664259,316.02956404399424,Very Poor
194.4501701824479,102.28336061525334,9.892680703089319,13.566242837453263,22.375365733463838,9.310714157786869,1.2812974513514193,8.491715635070813,31.058234973808148,1.7257323624195884,9.150838531081387,1.530336710618115,358.4812358236923,Very Poor
130.78877558978195,93.00662160894996,5.606350140954414,13.31775552983615,15.772830968277972,15.364190551646162,0.8768495148224418,6.14379288406248,28.178320899732224,1.4650687082703218,7.207124347903729,0.6126935517373288,325.4246452416959,Very Poor
148.4942782240263,96.2283606936497,4.20974458933122,20.585578190905487,18.58798871252506,23.424492957850383,0.8405073640387339,4.12801033850388,18.768496076563792,1.3535731742499575,6.930258224189366,1.5145725471680165,351.6343779133586,Very Poor
129.98056147780025,92.94892695364817,5.3095649225800114,13.988578132158523,15.780653972386688,16.35331163364191,0.8577809423074472,5.864120487175892,27.185777253438914,1.444533322484943,7.105914232247219,0.661587327416802,326.59809585800326,Very Poor
124.47817855459495,92.55613736808361,3.289028664633474,18.55558924567195,15.833913577209001,23.08732291836323,0.7279606555530569,3.960089614778167,20.428464891607828,1.3047268598263688,6.416868094858533,0.9944598575562645,334.58703658135033,Very Poor
214.80468142571647,105.641266786966,9.682364411026741,18.04154951703622,25.084136349521476,13.325290757164705,1.319731370046666,7.612737987129461,25.74386771956814,1.6967212279346497,9.273131142450367,2.218617691796954,379.44120295332505,Very Poor
131.51961678624144,93.05879297082667,5.874723163489747,12.711152915472928,15.765756885311639,14.469761186590185,0.8940925920528833,6.396691350108954,29.07584517608597,1.483638176056951,7.298645296280688,0.5684805331977353,324.36353279674563,Very Poor
201.68782191937925,103.39911791598594,10.133557024632402,14.279782129571455,23.219190331573888,9.550075533911443,1.3131113051401284,8.504592671128147,30.413625698232156,1.737851925767668,9.294000873130578,1.696223233944956,363.85929205940266,Very Poor
166.67321772969945,98.80890073232975,5.7100585653079925,19.888134937208175,20.368901951035866,20.655805436777577,0.9718862095026458,5.083345399963684,20.680788160538512,1.447646915446339,7.572554802012935,1.7075859127261093,359.25759487237576,Very Poor
184.27170437525683,101.30704422386097,7.1624675720121855,19.21296102057812,22.092950696291222,17.97552200494616,1.0990701333329589,6.008176648556949,22.53202082962418,1.5387168855964397,8.194342874072245,1.89443636872373,366.6374027983322,Very Poor
121.00867123563,92.30846533926459,2.014986957064373,21.43530130956784,15.867496225184464,27.333428971760746,0.6461029511128675,2.7595099496553894,16.167666429721052,1.2165724088907803,5.982392586675989,1.204351407402904,339.6244337776697,Very Poor
123.22256802329487,92.46650515834773,2.8279545009921243,19.597753582600998,15.846067097173188,24.623983598835142,0.6983364506403507,3.525601276058476,18.886487046151583,1.2728238699203775,6.259631930321861,1.070419357332434,336.4100645759784,Very Poor
129.60018519761005,92.92177365596974,5.169886518420633,14.304292745843314,15.784335775461729,16.81882960994244,0.8488065473120341,5.732496027243166,26.718648488293056,1.4348685894129596,7.058280904963873,0.6845985966358101,327.15036631925943,Very Poor
202.29763064863351,103.49312610627287,10.153852071822655,14.339901420304844,23.290286817642883,9.570242939295468,1.3157917830709165,8.505677626481086,30.359314109682142,1.738873060217492,9.306063023819124,1.7102000117269223,364.3124204715121,Very Poor
165.0826930012669,98.5831222845303,5.57879202588971,19.949156139316134,20.21308502100206,20.898045418168934,0.9603915179427747,4.999760544053016,20.51347653894483,1.4394161486503818,7.516358532164676,1.6906986498171628,358.5906189423585,Very Poor
123.58564060233309,92.69252535673733,2.154026370196119,21.541209363043965,16.147795626459825,27.218126471432676,0.6604931199847413,2.819017872481637,16.148288746444564,1.2246740859149998,6.050188586592068,1.2501071762738791,341.1891069620776,Very Poor
206.25636284841866,104.10340475936376,10.285602656807654,14.73018145507173,23.751828175106056,9.701164904249115,1.3331928037293128,8.51272089674758,30.006736286341784,1.7455020204683096,9.384367616781907,1.8009339051599877,367.2540215828124,Very Poor
200.0548075902873,103.14737222192498,10.079208667055088,14.118787938257526,23.028800173268454,9.496068989903797,1.305933220177087,8.501687255785964,30.559067372126165,1.735117417210319,9.261699490796891,1.6587946480662397,362.645853887079,Very Poor
160.49298697974763,97.04851698808667,8.76255152899631,10.218501699102276,18.416359758810973,8.187692714348534,1.1320351076032862,8.431299924506092,34.08257436737151,1.6688705171822042,8.479157984214787,0.7520402039314211,333.24879199960316,Very Poor
227.5228593513794,107.446639831196,10.731999901858133,17.55361085643352,26.330082045665115,11.388287748679097,1.4116453968113607,8.281100478048044,27.081727442476474,1.7625362100624558,9.72248860663332,2.3536518792660734,384.77448598781973,Very Poor
224.02207229268237,106.84216875846376,10.876863316491155,16.481651711115312,25.823099794248893,10.288706943431464,1.4112838342535488,8.544329171007389,28.424463263100712,1.7752509844775424,9.73577725414097,2.208122850036362,380.45512436190944,Very Poor
206.48546119147866,104.13872258870205,10.29322727984199,14.7527676025508,23.77853833252823,9.708741573679461,1.334199829413093,8.513128502381491,29.986332027844234,1.745885649300226,9.388899232358918,1.806184824796842,367.4242568769752,Very Poor
204.71603651047184,104.20916167810142,8.849745161686869,18.428604951864482,24.09579479733209,14.861810820541097,1.2468209276720392,7.082562054306558,24.682615725004126,1.6445137506787442,8.916680090841082,2.111502350530527,375.2105970377603,Very Poor
137.1049460578591,94.61162019789917,3.2697791848250954,21.022535081648872,17.472224372905895,25.159110196220066,0.7581968799684679,3.529481016067007,17.570421252874365,1.2946348029403842,6.527851413179176,1.393647268101823,346.8583374796518,Very Poor
147.1018142492742,94.98413211817696,8.316879846286676,8.89830445032091,16.855107386048296,7.744823998196823,1.0731728098869195,8.407474708763754,35.275236637767414,1.6464467847188264,8.214277644491137,0.44511536583893785,323.29826071897924,Very Poor
184.73697656669395,101.37309062434066,7.20086664205852,19.195110642070095,22.138531430248925,17.904660153520112,1.102432646493773,6.032627515862128,22.580964076742696,1.5411246110696153,8.210781827302892,1.8993763571945554,366.8325115866757,Very Poor
139.0350277096686,93.74055529213415,8.048409085470917,8.103023139979886,15.914615475517616,7.478041732732106,1.0377144075150269,8.393122498279892,35.993691409636,1.6329388219104863,8.05471483381762,0.2602251248997826,317.30410222277834,Very Poor
183.36915225725457,100.57510950025494,9.523893293334062,12.473797114215994,21.08345009048473,8.94424616570303,1.2325896802516685,8.472000584863771,32.045147192995955,1.7071770210482546,8.931653561132508,1.2763604755979854,350.247303090163,Very Poor
212.73109763875212,105.10155068779507,10.501088335857999,15.368506957164259,24.506705679703806,9.915295327456375,1.3616531764340751,8.524240571413793,29.430074925109572,1.756344067212981,9.512439293953339,1.9493344199776779,372.0651798257603,Very Poor
126.4696538631692,92.69829954982092,4.020320565604177,16.9026526919128,15.814637349176826,20.650084836544895,0.7749464613814875,4.649214766928482,22.874136323190243,1.3553269584108325,6.666254295024818,0.8739834323551604,331.6956023765239,Very Poor
211.40814250501694,104.89760375823025,10.4570590598216,15.238080611169647,24.352464756733532,9.871542965105741,1.3558379890330414,8.521886805084803,29.547901698401944,1.754128757726873,9.486270950648686,1.9190123713865737,371.08213624129985,Very Poor
121.72134405503866,92.35933974500578,2.2766883493094134,20.843778558068344,15.86059800067718,26.461234710621177,0.6629173733493693,3.0061214757907493,17.042878664082554,1.2346802482223977,6.07163836623896,1.1612375042323866,338.58970010157725,Very Poor
224.71358421783805,107.04785711015171,10.500149482646341,17.66138997022927,26.05486933183317,11.81614576553805,1.3913428195614634,8.133468157058049,26.786212151394633,1.747998562155122,9.623231562300488,2.323824636145854,383.596435209122,Very Poor
129.58102366479065,92.9204058030522,5.162850190277021,14.320196934003171,15.784521247043768,16.842280173096515,0.8483544603308136,5.725865418185267,26.695116781321836,1.4343817265101069,7.055881366371241,0.6857577940235549,327.1781870565653,Very Poor
135.33827852059798,93.33138951326713,7.276978258924972,9.541640574555087,15.728794642268864,9.796347581869494,0.984188059469644,7.718091538888112,33.76542976213788,1.580664064044232,7.776844315646572,0.33746651418039997,318.8191963403296,Very Poor
122.11386607430016,92.3873600706397,2.420826804053357,20.517982907477418,15.856798634489532,25.980852348270275,0.6721783284317643,3.14194881699921,17.524923249140553,1.2446535844649769,6.120792666291672,1.1374914655595787,338.0197951734299,Very Poor
154.04768281900755,96.05490808920963,8.548045330868069,9.583077678231826,17.66491351756927,7.9745356118060045,1.1037041003033299,8.41983261202754,34.656614539092054,1.6580777524965065,8.351668451364983,0.604314237295934,328.4595026703248,Very Poor
171.46791908119633,98.74041389917343,9.127808295951903,11.300488725744316,19.695907049340946,8.550652268933337,1.1802765673898739,8.450826229657807,33.10511050360041,1.6872482161485234,8.696244553254433,1.0035849585329144,341.40389591590724,Very Poor
202.05385120294252,103.45554503630919,10.145738846942514,14.315867905093862,23.261865017276605,9.5621807409869,1.3147202250678791,8.505243900622714,30.381025915886543,1.7384648476449063,9.301241012805455,1.704612602139656,364.13127614242717,Very Poor
230.6769132123778,107.86807987041679,11.098343108481018,17.13773335908528,26.598975543546715,10.508793780754722,1.44053588225221,8.556169285673514,27.831761052461175,1.7863946218103657,9.867411470134945,2.360651386029381,385.40011342834975,Very Poor
213.6379139636578,105.24134560632841,10.531268094237905,15.45790737349719,24.612429738934043,9.94528527603515,1.3656391822578364,8.525853954723411,29.349310854728124,1.757862545622033,9.530376320160265,1.970118593201576,372.7390046197771,Very Poor
166.59531895439284,97.98925325168192,8.965643268183875,10.820113077450346,19.127819499235336,8.389507147000328,1.158858544854474,8.442157030060145,33.539080436401015,1.679088969468371,8.599863451845133,0.8919052695983289,337.7832302015897,Very Poor
140.76292320465416,95.13087801736303,3.5716732659087356,20.882195130442426,17.830580806451664,24.60199322712842,0.7846330103120082,3.7217141120218864,17.955213816763674,1.3135643777542774,6.657094717080929,1.432485533668259,348.3922857835363,Very Poor
136.59923682303364,93.42140347557046,7.740016183654821,8.495037555231606,15.716589359244685,8.253142109499667,1.013938436841084,8.154430407002566,35.31397504583079,1.6127029319827058,7.934750164771907,0.26118349527927165,316.98840388670254,Very Poor
168.77466945423592,98.3252221984395,9.03817424243297,11.034968982301438,19.38190599393185,8.461581951600056,1.1684381074911467,8.44603447207975,33.344980250596045,1.682738326663294,8.642971483710161,0.9418558462038373,339.4026324568367,Very Poor
126.18027887425495,93.06083990800676,2.3681627372132255,21.441664889727903,16.401981281578507,26.822958062245434,0.6792445207721852,2.955370651047124,16.421225802350694,1.2381010148739104,6.141862101552905,1.2776555305171609,342.2771512052996,Very Poor
134.67257387088088,94.26633967064343,3.069034692234549,21.115854143069345,17.233935234674092,25.529565167952025,0.7406181730497281,3.4016556040282695,17.31455340772382,1.2820475807022744,6.441911068243115,1.3678217604063907,345.8383384362188,Very Poor
122.46546186661632,92.41245886283166,2.5499366927018174,20.226156272838722,15.853395408429606,25.55055695331832,0.6804736919528351,3.2636141486415813,17.956707555493722,1.253587052872284,6.164821903441971,1.1162213026850383,337.5093112644409,Very Poor
175.99909229863377,99.43894013143773,9.278610293141343,11.747204075909263,20.224188259620934,8.700505825888882,1.2001938123016869,8.458887971645922,32.70154918407773,1.6948357380196901,8.785872155357591,1.10743916414451,344.77085874623754,Very Poor
130.9424737381867,93.01759340659773,5.662789811905217,13.190185136846855,15.771343266902004,15.176089308922151,0.8804757869263649,6.196978208253352,28.36707301180822,1.468973924382239,7.226371484455321,0.603395418137526,325.2014900353006,Very Poor
189.44878311893711,102.0419418221118,7.589733617506854,19.014340048077894,22.600127040024354,17.187042935044104,1.1364847816411408,6.280241189958419,23.076611821665495,1.5655076214220514,8.3772589324678,1.9494035680900712,368.80837621868346,Very Poor
154.24352614068613,97.04447895162667,4.684231948620154,20.365005688749548,19.151218031983706,22.54887142022205,0.8820570679332242,4.430143370526778,19.37327509991693,1.383324814075642,7.133390109895763,1.5756147047414035,354.04528665785375,Very Poor
128.01258054123656,93.3209391185856,2.519383208479997,21.371367805787674,16.58148406801193,26.543894987161778,0.6924865296074377,3.0516613078861825,16.61397059761937,1.2475829471263133,6.206600811414139,1.297109839793643,343.0455146809254,Very Poor
226.92903985168684,107.36234586045983,10.682991779337108,17.576393010686534,26.271908079688806,11.478727602888167,1.4073538747311414,8.249894224896819,27.019261954419946,1.7594632683260025,9.701507832018914,2.347347050530936,384.52547174365884,Very Poor
126.94371396666344,92.73214050094755,4.194400712501337,16.50917993813536,15.810048745634232,20.069913276128162,0.7861311825165603,4.813257343576218,23.45631539765686,1.367372042710142,6.7256193533571285,0.8453046602139478,331.0073118451347,Very Poor
157.97395853627873,96.66018324688001,8.678715731505665,9.97015792162999,18.122670833010414,8.104384186024497,1.1209624551045219,8.426818136589926,34.30692739776314,1.6646523638493416,8.429331047970347,0.6943042301878641,331.3769864581454,Very Poor
174.32874944905535,99.18143986797054,9.223019604897917,11.582529772999493,20.0294460372839,8.64526476461554,1.1928516459299137,8.455916142400204,32.85031545984865,1.6920387222590147,8.752832406684611,1.069155010920264,343.52968300243776,Very Poor
128.7571063383989,92.86159016813737,4.860298576774427,15.004053299284163,15.792496248388154,17.85061940557716,0.8289153945538759,5.440759120123513,25.683288485753025,1.413447347981097,6.952704786478264,0.7356015524259594,328.374437258223,Very Poor
158.76528114101998,97.68635191785893,5.057413905731931,20.191526508686778,19.594195101074227,21.860199419368207,0.914735704177607,4.667769503217413,19.848930805251833,1.4067243313864346,7.293152331534968,1.6236240592238917,355.9414544399352,Very Poor
129.89111401134508,92.9425417140585,5.276718817233188,14.06282007043833,15.781519767585287,16.46278061406468,0.8556705665108638,5.833168308826003,27.075929487616754,1.4422606100886224,7.094713006865354,0.6669985474080415,326.727965137793,Very Poor
187.71509468378673,101.79584097447402,7.446651729345353,19.080853790682703,22.430284971698594,17.45108702487295,1.1239554487318633,6.189132830902068,22.894240420430457,1.5565360003265194,8.316004416022443,1.9309962765319968,368.0813655437007,Very Poor
133.7067521080138,93.21492241303426,6.677863599252492,10.895817367093214,15.744586791452983,11.793067444336424,0.9456946958333562,7.15352220555589,31.761800834402894,1.5392096724359219,7.572533385577044,0.43616744658113804,321.18801871794733,Very Poor
129.33065966614828,92.9025334788902,5.070913743104661,14.52800056748007,15.786944613031837,17.148684510212963,0.8424475057348959,5.639230084111807,26.387652221585608,1.4280203907914264,7.024529068900601,0.7009038314489848,327.5416919547756,Very Poor
228.93594516286424,107.59969201725788,11.040401942625937,16.96609632060891,26.395999258129855,10.451217024747786,1.4328832754411613,8.55307180196428,27.986817442846945,1.7834793430252043,9.832974739485227,2.320748507657485,384.10645846743444,Very Poor
139.13106182930284,94.89923174254291,3.4369951991528493,20.94480223174516,17.67071430126468,24.850528859509282,0.7728395796014927,3.635956943028139,17.783553880866172,1.3051196989739084,6.599437944718409,1.4151593823775017,347.70797560650635,Very Poor
128.00017728857208,92.80755651545766,4.5823458040914975,15.632308989763533,15.799822845361673,18.77697601041664,0.81105681443092,5.17883327832016,24.753726494737627,1.394215030925606,6.857916938133345,0.7813927835104616,329.47342680425106,Very Poor
151.59143916931555,96.66800943240374,4.465354321164961,20.46675420745845,18.89140437258284,22.952789377050173,0.8628904865020127,4.290771562341797,19.094294859084854,1.3696005952730461,7.039686822898729,1.5474563937498707,352.93315168591926,Very Poor
127.47310394343275,92.76993119499399,4.3887986047572145,16.06978305481565,15.804924583729628,19.422027055314913,0.7986213271590303,4.996446131665778,24.10644343930337,1.3808229677097248,6.79191319799793,0.8132786483101787,330.2386875594443,Very Poor
126.53063710751181,92.70265286066933,4.042714291748135,16.852036230183785,15.814047069739752,20.57545138021997,0.776385267509353,4.670317256803844,22.949028026768886,1.3568764419331494,6.673891035241951,0.8702941858734539,331.6070604609629,Very Poor
128.67248068936604,92.85554913572003,4.829223096458064,15.074293099933337,15.793315371427793,17.954187274901706,0.8269187821447521,5.411475471456363,25.57936225009863,1.4112971500020406,6.942107382152915,0.7407210714237127,328.4973057141691,Very Poor
173.9958498034187,99.13012001679077,9.211940370223669,11.549710153304073,19.990633875563418,8.634255210662513,1.191388350784258,8.45532385626982,32.879964606728485,1.691481276489241,8.746247578529161,1.0615249719464883,343.28231644210075,Very Poor
126.18865824707636,92.6782405766213,3.9171358475349995,17.135880753182832,15.817357209949654,20.99397723300938,0.7683168007477182,4.551979744299868,22.529053987637642,1.348187323882158,6.631066096276351,0.8909825621853378,332.1035814924481,Very Poor
173.44806498944223,99.77060504980395,6.269188982444152,19.62821485140434,21.032604867809383,19.623983142667925,1.0208479000842987,5.439375470983357,21.39345276789368,1.4827059037640657,7.811923067078794,1.7795172853090315,362.09858185674324,Very Poor
133.0529329542846,93.16824929740204,6.437773928161381,11.438491220037209,15.750915349504808,12.593234503014049,0.9302688355820328,6.927276255203147,30.958865031577595,1.5225972075498813,7.490657665781558,0.47572093440504437,322.1373024257211,Very Poor
122.8686041635743,92.44123732081172,2.6979750316331543,19.89154572751122,15.849493244635699,25.057177118626235,0.6899852162004827,3.403116504273747,18.45179458684564,1.2638302328312891,6.21530614752564,1.0918327789731213,336.9239866953549,Very Poor
127.9183226702991,92.80171329406855,4.552287877115281,15.700248818118343,15.800615146566978,18.877152594062252,0.8091255802429917,5.150508510230544,24.653203279314695,1.3921352402616833,6.847666541289725,0.7863446660436111,329.5922719850467,Very Poor
228.65812860606164,107.55686378197058,11.031155928490591,16.93870718439666,26.36360913314,10.442029161644738,1.4316621037629083,8.552577518189748,28.011560707089643,1.7830141347668222,9.827479466933088,2.314380969620879,383.90002230277736,Very Poor
214.70974125202636,105.62778982262438,9.674528966642075,18.045191939831252,25.07483546526811,13.339750328585922,1.3190452392410899,7.607748714975333,25.733880704509197,1.6962299243948544,9.269776725178662,2.217609672465305,379.40139042510026,Very Poor
139.27328185930648,93.77728458176435,8.056338422947091,8.126511932126288,15.942393091707736,7.48592120016126,1.038761678502446,8.393546393679562,35.97247170462901,1.633337782286646,8.059427553261006,0.26568589504846846,317.4811408896992,Very Poor
131.54843770799306,93.06085036270005,5.885306526770593,12.68723137606383,15.765477916922027,14.434489120828813,0.8947725775025588,6.406664470037528,29.1112392905178,1.4843704680796785,7.302254449821273,0.5667369807626699,324.3216875383041,Very Poor
201.07733754731936,103.30500556851925,10.113239491370754,14.219596229154874,23.148015073544087,9.529885783877855,1.3104278573508543,8.503506513689633,30.467997461771976,1.7368296599431825,9.281925358078844,1.6822309704723115,363.40566159978727,Very Poor
180.99616635701443,100.20928969585371,9.444917938412411,12.239851251523557,20.806787998086246,8.865767511126798,1.2221589729978657,8.467778631927708,32.25649318997182,1.7032034182849012,8.884715378490394,1.2219717877745853,348.4840168639249,Very Poor
177.54353101247176,100.35196536766975,6.607189167249854,19.47109044117034,21.43382022231388,19.00023577459946,1.0504457541051222,5.654599372443421,21.824265976419003,1.5038994288653962,7.956623686736154,1.8230005523272785,363.8159882011614,Very Poor
135.9323671276984,93.37379874232813,7.49513420841677,9.048543436659294,15.72304423832839,9.069280883645591,0.9982046690745536,7.92366847976012,34.49501226208574,1.5957588743879807,7.851240166626476,0.30152648955242667,317.9566357492582,Very Poor
194.29837694461787,102.25996015064595,9.887628871626214,13.551277978213506,22.357668437080513,9.305694098848692,1.2806302283279907,8.491445568608949,31.071754183163808,1.7254781822201868,9.147836027475957,1.5268576191388084,358.36844336020795,Very Poor
211.75538451367203,104.95113462989418,10.468615622747013,15.272314203231716,24.39294906836532,9.883026845245459,1.3573643275326241,8.522504608763205,29.516975173088973,1.7547102200124283,9.49313947389681,1.926971136420112,371.3401601305151,Very Poor
192.8519001928058,102.03697111292547,9.839488672036865,13.408673990750712,22.18902635424235,9.257856667810218,1.2742720887595858,8.4888720359265,31.200582201561723,1.7230560338131755,9.119224399418137,1.4937044628178406,357.29361500459663,Very Poor
213.37809531329873,105.20129193055877,10.522621068511668,15.432292599176074,24.582137956987417,9.936692634118513,1.364497122256258,8.525391692341818,29.372451165712484,1.7574274751452412,9.525237050153162,1.9641635660504888,372.54594209570075,Very Poor
214.94790569551873,105.66159778386601,9.694184758061635,18.036054653009188,25.09816742092073,13.303477424852744,1.320766449084316,7.620264672971139,25.758933870005045,1.6974623956406214,9.278191528856656,2.220138363469551,379.5012630950159,Very Poor
140.27358916369067,95.06141598496002,3.531288363348846,20.90096865271351,17.782642835629225,24.67651974460921,0.7810966026283854,3.695998752445914,17.90373943825761,1.311032135215387,6.639805612849885,1.4272900705281217,348.1870868191779,Very Poor
121.39829748392027,92.33627894924537,2.15806205247405,21.111909166401322,15.863724888237915,26.856590556581537,0.655295584920079,2.894335245494492,16.64615480481437,1.2264721683754696,6.031184258421958,1.180780551486977,339.05873323568744,Very Poor
127.62494876240893,92.7807706920534,4.444557712511931,15.943750936463971,15.803454821416489,19.23619398284739,0.8022038727973069,5.048990134360501,24.292919532782896,1.3846810937817151,6.810928247924167,0.8040926338530592,330.0182232124734,Very Poor
